一,,001,,1,0,1,+10000+,/yi1*,1イツ1イチ1はじめ1ひと1ひとつ1,
丁(1),,001,,1,1,2,+10200+,/ding1*,1テイ1チヤウ1(1チョウ1)1あたる1ひのと1わかもの1,
丁(2),,001,,1,1,2,+10200+,/zheng1*,1タウ1(1トウ1),
七,,001,,1,1,2,+40710+,/qi1*,1シツ1シチ1なな1ななつ1なの1,
万(1),萬,001,463,1,2,3,+10227+,/wan4*,1バン1マン1よろづ1(1よろず1),
万(2),,001,,1,2,3,+10227+,/mo4*,1ボク1,
丈,,001,,1,2,3,+50000+,/zhang4*,1チヤウ1(1チョウ1)1ヂヤウ1(1ジョウ1)1たけ1,
三(1),,001,,1,2,3,+10101+,/san1*,1サン1み1みつつ1(1みっつ1)1みつ1,
三(2),,001,,1,2,3,+10101+,/san4,1サン1,
上(1),,001,,1,2,3,+21100+,/shang4*,1シヤウ1(1ショウ1)1ジヤウ1(1ジョウ1)1うへ1(1うえ1)1うは1(1うわ1)1 かみ1のぼる1,
上(2),,001,,1,2,3,+21100+,/shang3*,1シヤウ1(1ショウ1)1ジヤウ1(1ジョウ1)1あがる1あげる1たてまつる1,
下(1),,002,,1,2,3,+10230+,/xia3,1カ1ゲ1した1しも1,
下(2),,002,,1,2,3,+10230+,/xia4*,1カ1ゲ1おりる1おろす1くださる1くだす1くだる1さがる1,
丌,,002,,1,2,3,+10220+,/qi1,1キ1,
与(1),與,003,443,1,2,3,+21407+,/yu3*,1ヨ1あたへる1(1あたえる1)1くみする1ともに1と1より1,
与(2),與,003,443,1,2,3,+21407+,/yu4*,1ヨ1あづかる1(1あずかる1),
与(3),與,003,443,1,2,3,+21407+,/yu1/yu2*,1ヨ1か1,
亏,虧,,482,1,2,3,+10027+,/kui1*,1キ1かける1かく1,
不(1),,002,,1,3,4,+10900+,/fu4/bu4*,1ホツ1ホチ1ず1,
不(2),,002,,1,3,4,+10900+,/fu3,1フウ1フ1,
不(3),,002,,1,3,4,+10900+,/fu3,1フウ1フ1,
丐,,002,,1,3,4,+10207+,/gai4*,1カイ1ガイ1こふ1(1こう1),
丑,,002,,1,3,4,+17105+,/chou3*,1チウ1(1チュウ1)1チユ1(1チュ1)1うし1,
专,專,,129,1,3,4,+50302+,/zhuan1*,1セン1もつぱら1(1もっぱら1),
开,開,,591,1,3,4,+10440+,/kai1*,1カイ1ひらく1ひらける1あく1あける1ひらき1,
且(1),,002,,1,4,5,+77100+,/qie3*,1シヤ1(1シャ1)1かつ1,
且(2),,002,,1,4,5,+77100+,/ju1*,1シヨ1(1ショ1)1ソ1,
丕,,002,,1,4,5,+10109+,/pi1*,1ヒ1おほきい1(1おおきい1),
世,,002,,1,4,5,+44717+,/shi4*,1セイ1セ1よ1,
丘,,003,,1,4,5,+72101+,/qiu1*,1キウ1(1キュウ1)1ク1をか1(1おか1),
丙,,003,,1,4,5,+10227+,/bing3*,1ヘイ1ヒヤウ1(1ヒョウ1)1ひのえ1,
击,擊,,206,1,4,5,+50772+,/ji2/ji1*,1ケキ1ギヤク1(ギャク1)ゲキ1うつ1,
东,東,,236,1,4,5,+40904+,/dong1*,1トウ1ツ1ひがし1あづま1(1あずま1),
丝,絲,,407,1,4,5,+22101+,/si1*,1シ1いと1,
丞,,003,,1,5,6,+17103+,/cheng2*,1シヨウ1(1ショウ1)1ジヨウ1(1ジョウ1)1すけ1すすむ1たすける1つぐ1,
丟,,003,,1,5,6,+10731+,/diu1*,1チウ1(1チュウ1)1チユ1(1チュ1),
丢,丟,,003,1,5,6,+20731+,/diu1*,1チウ1(1チュウ1)1チユ1(1チュ1)1へつ1,
並,,003,,1,5,6,+80102+,/bing4*,1ヘイ1なみ1ならびに1ならぶ1ならべる1,
両(1),兩,003,033,1,5,6,+10227+,/liang3*,1リヤウ1(1リョウ1)1ふたつ1,
両(2),兩,003,033,1,5,6,+10227+,/liang4,1リヤウ1(1リョウ1),
亚,亞,,009,1,5,6,+10102+,/ya3/ya4*,1ア1つぐ1,
丣,酉,003,569,1,6,7,+10227+,/you3*,1イウ1(1ユウ1)1ユ1とり1,
丽(1),麗,,647,1,6,7,+10227+,/li4*,1レイ1ライ1うるはしい1(1うるわしい1)1ならぶ1つらなる1つく1つける1かかる1うららか1はなれる1,
丽(2),麗,,647,1,6,7,+10227+,/li2*,1リ1,
两(1),兩,003,033,1,6,7,+10227+,/liang3*,1リヤウ1(1リョウ1)1ふたつ1,
两(2),兩,003,033,1,6,7,+10227+,/liang4,1リヤウ1(1リョウ1),
来(1),來,030,018,1,6,7,+50900+,/lai2*,1ライ1きたす1きたる1くる1,
来(2),來,030,018,1,6,7,+50900+,/lai4,1ライ1,
丨,,003,,2,0,1,+20000+,/gen3,1コン1たてぼう1,
个(1),箇個,003,389022,2,2,3,+80200+,/ge4*,1カ1コ1,
个(2),個,,022,2,2,3,+80200+,/ge3*,1カ1コ1,
丫,,003,,2,2,3,+80207+,/ya1*,1ア1エ1あげまき1つのがみ1,
中(1),,003,,2,3,4,+50006+,/zhong1*,1チユウ1(1チュウ1)1なか1,
中(2),,003,,2,3,4,+50006+,/zhong4*,1チユウ1(1チュウ1)1あたる1あてる1,
中(3),,003,,2,3,4,+50006+,/zhong4*,1チユウ1(1チュウ1)1なか1,
丰(1),,004,,2,3,4,+50000+,/feng1*,1フウ1ホウ1,
丰(2),豐,,527,2,3,4,+50000+,/feng1*,1フウ1フ1ホウ1ブ1ゆたか1とよ1,
书,書,,230,2,3,4,+53027+,/shu1*,1シヨ1(1ショ1)1かく1ふみ1,
丱,,004,,2,4,5,+22770+,/guan4,1クワン1(1カン1)1ケン1あげまき1をさない1(1おさない1),
电,電,,607,2,4,5,+50716+,/dian4*,1テン1デン1いなづま1(1いなずま1),
串(1),,004,,2,6,7,+50006+,/chuan4*,1セン1くし1つらぬく1,
串(2),,004,,2,6,7,+50006+,/guan4,1クワン1(1カン1)1なれる1,
临,臨,,441,2,8,9,+28063+,/lin2*,1リン1のぞむ1,
丶,,004,,3,0,1,+30000+,/zhu3,1チユ1(1チュ1)1てん1ぽち1,
丸(1),,004,,3,2,3,+50017+,/wan2*,1クワン1(1カン1)1グワン1ガン1たま1まる1まるい1まるめる1,
丸(2),,004,,3,2,3,+50017+,/huan2,1クワン1(1カン1)1グワン1ガン1たま1まる1まるい1まるめる1,
义,義,,421,3,2,3,+40003+,/yi4*,1ギ1よい1,
丹,,004,,3,3,4,+77440+,/dan1*,1タン1あか1に1まごころ1,
主,,005,,3,4,5,+00104+,/zhu3*,1シユ1(1シュ1)1ス1あるじ1おも1つかさどる1ぬし1,
为(1),爲,,320,3,4,5,+34027+,/wei2*,1ヰ1(1イ1)1なす1つくる1をさめる1(1おさめる1)1なる1まなぶ1たり1,
为(2),爲,,320,3,4,5,+34027+,/wei4*,1ヰ1(1イ1)1ため1ために1,
头,頭,,615,3,4,5,+34800+,/tou2*,1トウ1ヅ1(1ズ1)1あたま1かしら1かうべ1(1こうべ1)1かみ1ほとり1,
举,舉,,444,3,8,9,+90508+,/ju3*,1キヨ1(1キョ1)1コ1あげる1あがる1こぞる1,
丿,,005,,4,0,1,+20000+,/pie1,1ヘツ1ヘチ1の1はらい1はらいぼうめ1,
乀,,005,,4,0,1,+30000+,/fu4,1フツ1ホチ1,
乂,,005,,4,1,2,+40000+,/yi4,1カイ1ガイ1ケ1をさまる1(1おさまる1)1かる1,
乃(1),,005,,4,1,2,+17227+,/nai3*,1ナイ1ダイ1すなはち1(1すなわち1)1なんぢ1(1なんじ1)1の1,
乃(2),,005,,4,1,2,+17227+,/ai3,1アイ1エ1,
久,,005,,4,2,3,+27800+,/jiu3*,1キウ1(1キュウ1)1ク1ひさしい1,
之,,005,,4,3,4,+30307+,/zhi1*,1シ1これ1の1ゆく1,
乏,,006,,4,3,4,+20307+,/fa2*,1バフ1(1ボウ1)1ボフ1とぼしい1,
乍,,005,,4,4,5,+80211+,/zha4*,1サ1セ1たちまち1ながら1,
乎(1),,005,,4,4,5,+20409+,/hu2,1コ1ゴ1を1か1かな1や1,
乎(2),,005,,4,4,5,+20409+,/hu1*,1コ1ゴ1,
乖,,006,,4,7,8,+20111+,/guai1*,1クワイ1(1カイ1)1ケ1こざかしい1そむく1へただる1もとる1,
乗(1),乘,006,006,4,8,9,+20904+,/cheng2*,1シヨウ1(1ショウ1)1ジヨウ1(1ジョウ1)1のせる1のる1,
乗(2),乘,006,006,4,8,9,+20904+,/sheng4*,1シヨウ1(1ショウ1)1ジヨウ1,
乘(1),,006,,4,9,10,+20901+,/cheng2*,1シヨウ1(1ショウ1)1ジヨウ1(1ジョウ1)1のせる1のる1,
乘(2),,006,,4,9,10,+20901+,/sheng4*,1シヨウ1(1ショウ1)1ジヨウ1,
乙,,006,,5,0,1,+17710+,/yi3*,1イツ1イチ1オツ1おと1きのと1,
九(1),,006,,5,1,2,+40017+,/jiu3*,1キウ1(1キュウ1)1ク1ここの1ここのつ1,
九(2),,006,,5,1,2,+40017+,/jiu1,1キウ1(1キュウ1)1ク1あまた1,
乞(1),,006,,5,2,3,+80717+,/qi3*,1キツ1コチ1コツ1こふ1(1こう1),
乞(2),,006,,5,2,3,+80717+,/qi4,1キツ1コチ1コツ1こふ1(1こう1),
也,,006,,5,2,3,+44712+,/ye3*,1ヤ1エ1なり1また1や1か1,
乡(1),鄕,,567,5,2,3,+20202+,/xiang1*,1キヤウ1(1キョウ1)1ガウ1(1ゴウ1)1さと1ふるさと1,
乡(2),鄕,,567,5,2,3,+20202+,/xiang4,1キヤウ1(1キョウ1)1ガウ1(1ゴウ1)1むく1さきに1,
乣,,007,,5,3,4,+22710+,/diu1,1キユウ1(1キュウ1),
乩,,007,,5,5,6,+22610+,/ji1*,1ケイ1,
买,買,,532,5,5,6,+17804+,/mai3*,1バイ1メ1かふ1(1かう1),
乱,亂,007,007,5,6,7,+22610+,/luan4*/lan4,1ラン1みだす1みだり1みだれる1,
乳,,007,,5,7,8,+22410+,/ru3*/nai3,1ジユ1(1ジュ1)1ニユ1(1ニュ1)1ニユウ1(1ニュウ1)1ち1ちち1,
乾(1),,007,,5,10,11,+48417+,/qian2*,1ケン1ゲン1いぬゐ1(1いぬい1),
乾(2),,007,,5,10,11,+48417+,/gan1*,1カン1かわかす1かわく1ほす1,
亂,,007,,5,12,13,+22210+,/luan4*/lan4,1ラン1みだす1みだり1みだれる1,
亅,,008,,6,0,1,+20000+,/que2,1ケツ1クワチ1(1カチ1)1かぎ1はね1はねぼう1,
了,,008,,6,1,2,+17207+,/liao3*/le5*,1レウ1(1リョウ1)1をはる1(1おわる1)1さとる1しまふ1,
予(1),,008,,6,3,4,+17202+,/yu3*/yu2*,1ヨあたへる1(1あたえる1)1われ1,
予(2),豫,,528,6,3,4,+17202+,/yu4*,1ヨ1あらかじめ1かねて1あづかる1(1あずかる1)1あづける1(1あずける1)1ゆるす1,
乐(1),樂,,258,6,4,5,+72904+,/yue4*,1ガク1かなでる1,
乐(2),樂,,258,6,4,5,+72904+,/luo4/le4*,1ラク1たのしむ1たのしい1,
乐(3),樂,,258,6,4,5,+72904+,/yao4,1ガウ1(1ゴウ1)1ゲウ1(1ギョウ1)1このむ1,
争(1),爭,008,320,6,5,6,+27507+,/zheng1*,1サウ1(1ソウ1)1シヤウ1(1ショウ1)1あらそふ1(1あらそう1)1いかでか1いかん1,
争(2),爭,008,320,6,5,6,+27507+,/zheng4/zheng1*,1サウ1(1ソウ1)1シヤウ1(1ショウ1)1いさめる1,
事,,008,,6,7,8,+50007+,/shi4*,1シ1ジ1こと1つかへる1(1つかえる1),
二,,008,,7,0,2,+10100+,/er4*,1ジ1ニ1ふた1ふたつ1,
亍,,008,,7,1,3,+10201+,/chu4*,1チヨク1(1チョク1)1トク1,
于,,008,,7,1,3,+10400+,/yu2*,1ウ1ク1あめ1ここに1ゆく1,
云(1),,008,,7,2,4,+10731+,/yun2*,1ウン1いう1(1いふ1),
云(2),雲,,606,7,2,4,+10731+,/yun2*,1ウン1くも1そら1,
互,,008,,7,2,4,+10107+,/hu4*,1コ1ゴ1たがひ1(1たがい1),
五,,008,,7,2,4,+10107+,/wu3*,1ゴ1いつ1いつつ1,
井,,008,,7,2,4,+55000+,/jing3*,1セイ1シヤウ1(1ショウ1)1ゐ1(1い1)1ゐげた1(1いげた1)1まち1,
亘,,009,,7,4,6,+10106+,/xuan1,1セン1ゼン1,
亙,,009,,7,4,6,+10107+,/geng1,1コウ1ひろし1めぐる1わたる1,
些(1),,009,,7,5,7,+21101+22101+,/xie1*,1シヤ1(1シャ1)1いささか1すこし1,
些(2),,009,,7,5,7,+21101+22101+,/suo4,1サ1,
亜,亞,,009,7,5,7,+10106+,/ya3/ya4*,1ア1つぐ1,
00267,況,009,283,7,5,7,+16110+,/kuang4*,1キヤウ1(1キョウ1)1カウ1(1コウ1)たとへる1(1たとえる1)1いはんや1(1いわんや1)1ますます1,
亞,,009,,7,6,8,+10107+,/ya3/ya4*,1ア1つぐ1,
亟(1),,009,,7,6,8,+10104+,/ji2*,1キヨク1(1キョク1)1すみやか1はやい1あわただしい1,
亟(2),,009,,7,6,8,+10104+,/qi4*,1キ1しばしば1,
亝(1),齊,009,653,7,6,8,+23101+,/qi2*,1セイ1サイ1ととのふ1(1ととのう1)1ひとしい1ととのへる1(1ととのえる1)1ひとしく1そろふ1(1そろう1),
亝(2),齊,009,653,7,6,8,+23101+,/zi1,1シ1,
亝(3),齊,009,653,7,6,8,+23101+,/zhai1,1サイ1ものいみ1おごそか1,
亠,,009,,8,0,2,+00000+,/tou2,1トウ1ヅ1(1ズ1)1けいさんかんむり1けさん1なべぶた1,
亡(1),,009,,8,1,3,+00710+,/wang2,1バウ1(1ボウ1)1マウ1(1モウ1)1にげる1ほろびる1,
亡(2),,009,,8,1,3,+00710+,/wu2,1ブ1ム1ない1,
亢(1),,009,,8,2,4,+00217+,/kang2,1カウ1(1コウ1)1あがる1あたる1きはめる1(1きわめる1)1たかぶる1,
亢(2),,009,,8,2,4,+00217+,/kang1,1カウ1(1コウ1)1のど1,
交,,009,,8,4,6,+00408+,/jiao1,1カウ1(1コウ1)1ケウ1(1キョウ1)1かふ1(1かう1)1かはす1(1かわす1)1こもごも1まざる1まじる1まぜる1まじはる1(1まじわる1)1まじへる1(1まじえる1)1まじはり1(1まじわり1)1しむ1,
亥,,010,,8,4,6,+00802+,/hai4,1カイ1ガイ1ゐ1(1い1)1がい1,
亦,,010,,8,4,6,+00330+,/yi4,1エキ1ヤク1また1,
亨,享烹,010,010314,8,5,7,+00207+,/heng1/heng2,1キヤウ1(1キョウ1)1カウ1(1コウ1)1ハウ1(1ホウ1)1とほる1(1とおる1)1にる1,
亩,畝,,343,8,5,7,+00600+,/mou3/mu3,1ボウ1モ1せ1うね1,
享,,010,,8,6,8,+00407+,/xiang3,1キヤウ1(1キョウ1)1うける1,
京,,010,,8,6,8,+00906+,/jing1,1ケイ1キヤウ1(1キョウ1)1みやこ1,
亭,,010,,8,7,9,+00201+,/ting2,1テイ1チヤウ1(1チョウ1)1あづまや1(1あずまや1),
亮,,011,,8,7,9,+00217+,/liang4,1リヤウ1(1リョウ1)1あきら1あきらか1すけ1まこと1,
亯,享,011,010,8,7,9,+00606+,/xiang3,1キヤウ1(1キョウ1)1うける1,
亰,京,011,010,8,7,9,+00906+,/jing1,1ケイ1キヤウ1(1キョウ1)1みやこ1,
竒(1),奇,011,103,8,7,9,+00621+,/qi2,1キ1ギ1くし1めづらしい1(1めずらしい1)1あやしい1,
竒(2),奇,011,103,8,7,9,+00621+,/ji1,1キ1ギ1,
亱,夜,011,101,8,7,9,+00216+,/ye4,1ヤ1よ1よる1よは1(1よわ1),
亳,,011,,8,8,10,+00714+,/bo4,1ハク1バク1,
离,離,,605,8,8,10,+00227+,/li2,1リ1はなれる1はなす1つく1かかる1へる1はなれ1ならぶ1,
亶,,011,,8,11,13,+00106+,/dan3,1タン1あつい1まこと1もつぱら1(1もっぱら1),
亹(1),,011,,8,19,21,+00107+,/wei3,1ビ1ミ1,
亹(2),,011,,8,19,21,+00107+,/men2,1ボン1モン1,
人,,011,,9,0,2,+80000+,/ren2,1ジン1ニン1ひと1,
什(1),,011,,9,2,4,+24200+,/shi2,1シフ1(1シュウ1)1ジフ1(1ジュウ1)1とを1(1とお1),
什(2),甚,011,340,9,2,4,+24200+,/shen2,1シン1ジン1ソ1,
仁,,011,,9,2,4,+21210+,/ren2,1ジン1ニン1ひと1ひとし1,
仃,,011,,9,2,4,+21220+,/ding1,1テイ1,
仄,,011,,9,2,4,+71280+,/ze4,1シヨク1(1ショク1)1シキ1ソク1いやしい1かたむく1ほのか1ほのめかす1ほのめく1,
仆,,011,,9,2,4,+23200+,/fu4,1フ1,
仇,,011,,9,2,4,+24217+,/qiu2/chou2,1キウ1(1キュウ1)1ク1あだ1かたき1つれあひ1(1つれあい1),
今,,011,,9,2,4,+80207+,/jin1,1キン1コン1いま1,
介,,012,,9,2,4,+80220+,/jie4,1カイ1ケ1すけ1たすける1,
仍,,012,,9,2,4,+27227+,/reng2,1ジヨウ1(1ジョウ1)1ニヨウ1(1ニョウ1)1かさなる1しきりに1なほ1(1なお1)1よる1,
化,,050,,9,2,4,+24210+,/hua4,1クワ1カ1かへる1(1かえる1)1かはる1(1かわる1)1ばかす1ばける1,
从,從,012,162,9,2,4,+88000+,/cong2,1シヨウ1(1ショウ1)1ジユ1(1ジュ1)1ジユウ1(1ジュウ1)1したがふ1(1したがう1)1より1,
仌,冰,030,036,9,2,4,+80800+,/bing1,1ヒヨウ1(1ヒョウ1)1こほる1(1こおる1)1こほり1(1こおり1),
仏,佛,,017,9,2,4,+22230+,/fu2/fo2,1フツ1ボチ1ブツ1ほとけ1,
仔,,012,,9,3,5,+27247+,/zi1,1シ1こ1こまか1たへる1(1たえる1),
仕,,012,,9,3,5,+24210+,/shi4,1シ1ジ1つかへる1(1つかえる1)1つかまつる1,
他,,012,,9,3,5,+24212+,/tuo1/ta1,1タ1ほか1,
仗,,012,,9,3,5,+25200+,/zhang4,1チヤウ1(1チョウ1)1ヂヤウ1(1ジョウ1)1つはもの1(1つわもの1)1ほこ1まもり1よる1,
付,,012,,9,3,5,+24200+,/fu4,1フ1あたへる1(1あたえる1)1つく1つける1,
仙,,012,,9,3,5,+22270+,/xian1,1セン1,
仝,,012,,9,3,5,+80101+,/tong2,1トウ1ドウ1おなじ1ともに1,
仞,,013,,9,3,5,+27220+,/ren4,1ジン1はかる1ひろ1,
仡,,013,,9,3,5,+28217+,/yi4,1キツ1ギツ1,
仟,,013,,9,3,5,+22240+,/qian1,1セン1かしら1,
代,,013,,9,3,5,+23240+,/dai4,1タイ1ダイ1かへる1(1かえる1)1かはる1(1かわる1)1しろ1よ1,
令(1),,013,,9,3,5,+80307+,/ling4,1レイ1リヤウ1(1リョウ1)1いひつけ1(1いいつけ1)1をさ1(1おさ1)1よい1,
令(2),,013,,9,3,5,+80307+,/ling2,1レイ1リヤウ1(1リョウ1)1しむ1,
以,,013,,9,3,5,+28100+,/yi3,1イ1もつて1(1もって1)1もちゐる1(1もちひる1もちいる1),
仟,千,030,052,9,3,5,+22240+,/qian1,1セン1ち1,
仰,,013,,9,4,6,+27220+,/yang3,1ギヤウ1(1ギョウ1)1カウ1(1コウ1)1あふぐ1(1あおぐ1)1おほせ1(1おおせ1),
仲,,013,,9,4,6,+25206+,/zhong4,1チユウ1(1チュウ1)1なか1,
仳,,013,,9,4,6,+21210+22210+,/pi3,1ヒ1,
仵,,013,,9,4,6,+28240+,/wu3,1ゴ1,
件,,013,,9,4,6,+25200+,/jian4,1ケン1くだり1くだん1ことがら1,
价,,014,,9,4,6,+28220+,/jie4,1カイ1ケ1よい1,
任(1),,014,,9,4,6,+22214+,/ren2,1ジン1ニン1つとめ1,
任(2),,014,,9,4,6,+22214+,/ren4,1ジン1ニン1まかす1まかせる1,
份(1),分,014,039,9,4,6,+28227+,/fen4,1フン1ブン1,
份(2),彬,030,159,9,4,6,+28227+,/fen4,1フン1ブン1,
仿,,014,,9,4,6,+20227+,/fang3,1ハウ1(1ホウ1)1バウ1(1ボウ1),
企,,014,,9,4,6,+80101+,/qi4,1キ1くはだてる1(1くわだてる1)1たくらむ1,
伈,,014,,9,4,6,+23200+,/xin3,1シン1,
伉,,014,,9,4,6,+20217+,/kang4,1カウ1コウ1たぐひ1(1たぐい1)1ならぶ1,
伊,,014,,9,4,6,+27257+,/yi1,1イ1かれ1これ1ただ1,
伍,,014,,9,4,6,+21217+,/wu3,1ゴ1グ1いつつ1くみ1,
伋,,014,,9,4,6,+27247+,/ji2,1キフ1(1キュウ1),
伎,,014,,9,4,6,+24247+,/ji4,1キ1ギ1たくみ1わざ1,
伏,,014,,9,4,6,+23234+,/fu2,1フク1ブク1かくれる1したがふ1(1したがう1)1ふす1ふせる1,
伐,,014,,9,4,6,+23250+,/fa1,1バツ1うつ1きる1ほこる1,
休,,015,,9,4,6,+24290+,/xiu1,1キウ1(1キュウ1)1ク1いこふ1(1いこう1)1さいはひ1さいわい1やめる1やすむ1やすめる1なかれ1よい1や1,
伙,,015,,9,4,6,+29280+,/huo3,1クワ1(1カ1),
仿,彷,,160,9,4,6,+20227+,/fang3,1ハウ1(1ホウ1),
会(1),會,,230,9,4,6,+80731+,/hui4,1クワイ1(1カイ1)1ヱ1(1エ1)1あふ1(1あう1)1あつまる1あつめる1たまたま1かならず1,
会(2),會,,230,9,4,6,+80731+,/kuai4,1クワイ1(1カイ1)1ヱ1(1エ1),
伞,傘,,025,9,4,6,+80409+,/san3,1サン1かさ1,
众,眾,,360,9,4,6,+80880+,/zhong4,1シユウ1(1シュウ1)1シユ1(1シュ1)1おほい1(1おおい1),
伃,妤,030,107,9,4,6,+27222+,/yu2,1ヨ1,
伕,夫,030,102,9,4,6,+25230+,/fu1,1フ1をつと1(1おっと1)1をとこ1(1おとこ1),
伪,僞,,027,9,4,6,+24227+,/wei4,1ギ1いつはり1(1いつわり1)1いつはる1(1いつわる1)1にせ1,
优,優,,029,9,4,6,+23212+,/you1,1イウ1(1ユウ1)1ウ1すぐれる1まさる1やさしい1やはらぐ1(1やわらぐ1)1ゆたか1わざをぎ1(1わざおぎ1),
伝(1),傳,,026,9,4,6,+21231+,/chuan2,1テン1デン1つたふ1(1つたう1)1つたへる1(1つたえる1)1つたはる1(1つたわる1)1つて1,
伝(2),傳,,026,9,4,6,+21231+,/zhuan4,1テン1デン1,
伝(3),傳,,026,9,4,6,+21231+,/zhuan4,1テン1デン1,
传(1),傳,,026,9,4,6,+25232+,/chuan2,1テン1デン1つたふ1(1つたう1)1つたへる1(1つたえる1)1つたはる1(1つたわる1)1つて1,
传(2),傳,,026,9,4,6,+25232+,/zhuan4,1テン1デン1,
传(3),傳,,026,9,4,6,+25232+,/zhuan4,1テン1デン1,
仮(1),假,,024,9,4,6,+21247+22247+,/jia3,1カ1ケ1かす1かり1,
仮(2),假,,024,9,4,6,+21247+22247+,/jia4,1カ1ケ1,
伯(1),,015,,9,5,7,+26200+,/bo2,1ハク1ヒヤク1(1ヒャク1)1をさ1(1おさ1)1かしら1をぢ1(1おじ1),
伯(2),,015,,9,5,7,+26200+,/ba4,1ハ1はたがしら1,
估,,015,,9,5,7,+24260+,/gu1/gu4,1コ1あきなふ1(1あきなう1)1あたひ1(1あたい1),
伱,,015,,9,5,7,+28290+,/ni3,1ジ1ニ1その1なんぢ1(1なんじ1),
你,,015,,9,5,7,+27292+,/ni3,1ジ1ニ1その1なんぢ1(1なんじ1),
伴,,015,,9,5,7,+29250+,/ban4,1ハン1バン1とも1ともなふ1(1ともなう1),
伶,,015,,9,5,7,+28237+,/ling2,1レイ1リヤウ1(1リョウ1)1さかしい1わざをぎ1(1わざおぎ1),
伸,,015,,9,5,7,+25206+,/shen1,1シン1のべる1のばす1のびる1,
伺,,015,,9,5,7,+27220+,/si4/ci4,1シ1うかがふ1(1うかがう1),
伻,,015,,9,5,7,+21249+,/beng1,1ハウ1(1ホウ1)1ヒヤウ1(1ヒョウ1),
似,,015,,9,5,7,+28200+,/si4,1シ1ジ1にる1,
伽,,016,,9,5,7,+26200+,/qie2,1カ1ガ1キヤ1(1キャ1)1とぎ1,
伾,,016,,9,5,7,+21219+,/pei1,1ヒ1,
佃,,016,,9,5,7,+26200+,/dian4,1テン1デン1かり1たがやす1つくだ1,
但,,016,,9,5,7,+26210+,/dan4,1タン1ダン1ただし1,
佇,,016,,9,5,7,+23221+,/zhu4,1チヨ1(1チョ1)1ヂヨ1(1ジョ1)1たたずむ1,
佈,,016,,9,5,7,+24227+,/bu4,1ホ1フ1,
位,,016,,9,5,7,+20218+,/wei4,1ヰ1(1イ1)1くらゐ1(1くらい1),
佉,,016,,9,5,7,+24231+,/qu1,1キヨ1(1キョ1)1コ1,
佌,,016,,9,5,7,+22210+,/ci3,1シ1,
佋(1),,016,,9,5,7,+27262+,/shao4,1セウ1(1ショウ1)1ゼウ1(1ジョウ1),
佋(2),,016,,9,5,7,+27262+,/shao2,1セウ1(1ショウ1)1ゼウ1(1ジョウ1),
低,,016,,9,5,7,+22240+,/di1,1テイ1タイ1たてる1ひくい1ひくまる1ひくめる1,
住,,016,,9,5,7,+20214+,/zhu4,1チユ1(1チュ1)1ヂユ1(1ジュ1)1ヂユウ1(1ジュウ1)1すまふ1(1すまう1)1すむ1とどまる1,
佐,,016,,9,5,7,+24211+,/zuo3,1サ1すけ1たすける1,
佑,,016,,9,5,7,+24260+,/yu4,1イウ1(1ユウ1)1ウ1すけ1たすけ1たすける1,
体(1),笨,016,386,9,5,7,+25230+,/pen3,1ホン1ボン1あらい1おろか1そまつ1,
体(2),體,016,630,9,5,7,+25230+,/ti3,1テイ1タイ1からだ1,
佔(1),,016,,9,5,7,+21260+,/chan1,1テン1うかがふ1(1うかがう1),
佔(2),,016,,9,5,7,+21260+,/zhan4,1セン1しめる1,
何,,016,,9,5,7,+21220+,/he2,1カ1ガ1いづく1(1いずく1)1いづれ1(1いずれ1)1なに1なん1,
佗(1),,017,,9,5,7,+23211+,/tuo3,1タ1みだす1になふ1(1になう1),
佗(2),,017,,9,5,7,+23211+,/tuo1,1タ1うるはしい1(1うるわしい1),
佗(3),,017,,9,5,7,+23211+,/ta1,1タ1ほか1,
佘,,017,,9,5,7,+80901+,/she2,1シヤ1(1シャ1),
余(1),,017,,9,5,7,+80904+,/yu2,1ヨ1われ1,
余(2),餘,017,621,9,5,7,+80904+,/yu2,1ヨ1あまる1あます1われ1あまり1のこる1,
佚(1),,017,,9,5,7,+25230+,/yi4,1イツ1イチ1のがれる1たのしむ1あやまち1,
佚(2),,017,,9,5,7,+25230+,/die2,1テツ1デツ1たがひに1たがいに1,
佛,,017,,9,5,7,+25227+,/fu2/fo2,1フツ1ボチ1ブツ1ほとけ1,
作,,017,,9,5,7,+28211+,/zuo4,1サク1サ1つくる1なす1,
佞,,017,,9,5,7,+21244+,/ning4,1デイ1(1ニヤウ1)1ニョウ1ネイ1よこしま1おもねる1へつらふ1(1へつらう1),
佟,,017,,9,5,7,+27233+,/tong2,1トウ1ヅ1(1ズ1),
佝(1),,017,,9,5,7,+27220+,/hou4/kou4,1コウ1ク1,
佝(2),,017,,9,5,7,+27220+,/qu1,1ク1ゴ1,
佀,,017,,9,5,7,+27277+,/si4,1シ1ジ1にる1,
佋(1),紹,030,404,9,5,7,+27262+,/shao4,1セウ1(1ショウ1)1つぐ1うけつぐ1,
佋(2),昭,030,224,9,5,7,+27262+,/zhao1,1セウ1(1ショウ1)1あきらか1てる1てらす1,
佩,,017,,9,6,8,+27210+,/pei4,1ハイ1ベ1おびる1おびだま1はく1,
佬,,017,,9,6,8,+24211+,/liao2,1レウ1(1リョウ1),
佯,,017,,9,6,8,+28251+,/yang2,1ヤウ1(1ヨウ1)1いつはる1(1いつわる1)1さまよふ1(1さまよう1),
佰(1),,017,,9,6,8,+21260+,/po2/pai3,1ハク1ビヤク1(1ビャク1)1バク1ミヤク1(1ミャク1)1をさ1(1おさ1),
佰(2),百,030,354,9,6,8,+21260+,/bo2/bai3,1ヒン1ヒヤク1(1ヒャク1)1もも1ももたび1はげむ1,
佳,,017,,9,6,8,+24214+,/jia1,1カイ1カ1ケ1よい1よし1,
佻,,017,,9,6,8,+22213+,/tiao2,1テウ1(1チョウ1)1デウ1(1ジョウ1)1かるい1かるがるしい1,
佽,,017,,9,6,8,+27282+,/ci4,1シ1,
佶,,018,,9,6,8,+24261+,/ji2,1キツ1キチ1かたい1よい1,
佼,,018,,9,6,8,+20248+,/jiao3,1カウ1(1コウ1)1ケウ1(1キョウ1)1うつくしい1,
佾,,018,,9,6,8,+28227+,/yi4,1イツ1イチ1,
使(1),,018,,9,6,8,+25206+,/shi3,1つかはす1(1つかわす1)1つかふ1(1つかう1)1しむ1,
使(2),,018,,9,6,8,+25206+,/shi4,1つかひ1(1つかい1),
侃,,018,,9,6,8,+26210+,/kan3,1カン1つよい1,
來(1),,018,,9,6,8,+40908+,/lai2,1ライ1きたす1きたる1くる1,
來(2),,018,,9,6,8,+40908+,/lai4,1ライ1,
侈,,018,,9,6,8,+27227+,/chi3,1シ1おほきい1(1おおきい1)1おごる1ひろい1ほしいまま1,
例,,018,,9,6,8,+22200+,/li4,1レイ1たぐひ1(1たぐい1)1たとへ1(1たとえ1)1たとへる1(1たとえる1)1ためし1,
侍,,018,,9,6,8,+24241+,/shi4,1シ1ジ1さむらひ1(1さむらい1)1はべる1,
侏,,018,,9,6,8,+25290+,/zhu1,1シユ1(1シュ1)1ス1みじかい1,
侑,,018,,9,6,8,+24227+,/yu4,1イウ1(1ユウ1)1ユ1すすめる1たすける1むくいる1,
侔,,018,,9,6,8,+23250+,/mou2,1ボウ1ム1,
侖,,018,,9,6,8,+80227+,/lun2,1ロン1おもふ1(1おもう1)1ついずる1,
侗,,018,,9,6,8,+27220+,/tong2,1トウ1ツ1,
侘,,018,,9,6,8,+23214+,/cha4,1タ1ほこる1わびる1わび1わびしい1,
侚,,018,,9,6,8,+27220+,/xun4,1シユン1(1シュン1)1ジユン1(1ジュン1),
供,,019,,9,6,8,+24281+,/gong1/gong4,1キヨウ1(1キョウ1)1ク1グ1そなへる1(1そなえる1)1とも1ども1,
依(1),,019,,9,6,8,+20232+,/yi1,1イ1エ1よる1,
依(2),,019,,9,6,8,+20232+,/yi3,1イ1エ1,
侮,,019,,9,6,8,+28257+,/wu3,1ブ1ム1あなどる1,
侠,俠,020,,9,6,8,+24238+,/xia2,1ケフ1(1キョウ1)1ゲフ1(1ギョウ1)1をとこだて1(1おとこだて1)1きやん1(1きゃん1),
侭,儘,,029,9,6,8,+25217+,/jin3,1ジン1ことごとく1まま1,
併,倂,030,021,9,6,8,+28241+,/bing4,1ヘイ1ビヤウ1(1ビョウ1)1あはせる1(1あわせる1)1しかし1ならぶ1,
侌,陰,030,599,9,6,8,+80731+,/yin1,1イン1オン1かげ1かげる1くらい1くもる1かくす1かくれる1ひそかに1,
価,價,,028,9,6,8,+21260+,/jia4,1カ1ケ1あたひ1(1あたい1),
侄,姪,030,109,9,6,8,+21214+,/zhi2,1テツ1デチ1チツ1チチ1めい1,
侮,,019,,9,7,9,+28257+,/wu3,1ブ1ム1あなどる1,
侯,,019,,9,7,9,+27234+,/hou2,1コウ1グ1きみ1まと1,
侵,,019,,9,7,9,+27247+,/qin1,1シン1をかす1(1おかす1)1みにくい1,
侶,,019,,9,7,9,+26260+,/lv3,1リヨ1(1リョ1)1ロ1とも1,
侷,,019,,9,7,9,+27227+,/ju3,1キヨク1(1キョク1)1ゴク1,
便,,019,,9,7,9,+21246+,/bian4,1ヘン1ベン1いばり1くつろぐ1たより1ついで1へつらふ1(1へつらう1)1すなはち1(1すなわち1),
俁,,019,,9,7,9,+26234+,/yu2,1グ1ゴ1,
係,,019,,9,7,9,+22293+,/xi4,1ケイ1カイ1かかる1かかはる1(1かかわる1)1かかり1つなぐ1,
促,,019,,9,7,9,+26281+,/cu4,1シヨク1(1ショク1)1ソク1うながす1せまる1,
俄,,019,,9,7,9,+23250+,/e2,1ガ1にはか1(1にわか1),
俅,,020,,9,7,9,+23232+,/qiu2,1キウ1(1キュウ1)1グ1,
俊,,020,,9,7,9,+23247+,/jun4/zun4,1シユン1シュン1すぐれる1,
俎,,020,,9,7,9,+87810+,/zu3,1シヨ1(1ショ1)1ソ1まないた1,
俏,,020,,9,7,9,+29227+,/qiao4,1セウ1(1ショウ1),
俐,,020,,9,7,9,+22200+,/li4,1リ1かしこい1さかしい1,
俔,,020,,9,7,9,+26210+,/xian4,1ケン1うかがふ1(1うかがう1)1しのび1,
俑,,020,,9,7,9,+27227+,/yong3,1ヨウ1ユウ1いたむ1ひとがた1,
俗,,020,,9,7,9,+28268+,/su2,1シヨク1ショク1ソク1いやしい1ならはし1(1ならわし1),
俘,,020,,9,7,9,+22247+,/fu2,1フ1とる1とりこ1,
俚,,020,,9,7,9,+26214+,/li3,1リ1いやしい1ひな1,
保,,020,,9,7,9,+26294+,/bao3,1ハウ1ホウ1ホ1たもつ1やすんずる1,
俟(1),,020,,9,7,9,+23234+,/si4,1シ1ジ1まつ1,
俟(2),,020,,9,7,9,+23234+,/qi2,1キ1ギ1,
俠,,020,,9,7,9,+24238+,/xia2,1ケフ1(1キョウ1)1ゲフ1(1ギョウ1)1をとこだて1(1おとこだて1)1きやん1(1きゃん1),
信,,020,,9,7,9,+20261+,/xin4,1シン1たより1まかせる1まこと1,
俛(1),,021,,9,7,9,+27216+,/fu3,1フ1ふせる1うつむく1,
俛(2),,021,,9,7,9,+27216+,/mian3,1ベン1メン1,
俭,儉,,028,9,7,9,+28219+,/jian3*/jian4,1ケン1ゲン1つづまやか1つましい1,
修,脩,021,435,9,8,10,+28222+,/xiu1,1シウ1(1シュウ1)1シユ1(1シュ1)1をさめる1おさめる1をさまる1おさまる1かざる1ながい1,
俯,,021,,9,8,10,+20240+,/fu3,1フ1ふせる1うつむく1,
俱,,021,,9,8,10,+27281+,/ju1,1ク1グ1ともに1,
倶,俱,,021,9,8,10,+27281+,/ju1,1ク1グ1ともに1,
俳,,021,,9,8,10,+21211+,/pai2,1ハイ1バイ1たはむれ1(1たわむれ1)1わざをぎ1(1わざおぎ1),
俵,,021,,9,8,10,+25232+,/biao3,1ヘウ1(1ヒョウ1)1たはら1(1たわら1),
俶,,021,,9,8,10,+27240+,/chu4,1シユク1シュク1すぐれる1はじめる1よい1,
俸,,021,,9,8,10,+25253+,/feng4,1ホウ1ブ1ふち1,
俺,,021,,9,8,10,+24216+,/an3,1エン1おれ1われ1,
俾,,021,,9,8,10,+26240+,/bi4/bei4,1ヒ1しもべ1たすける1にらむ1しむ1,
倂,,021,,9,8,10,+28241+,/bing4,1ヘイ1ビヤウ1(1ビョウ1)1あはせる1(1あわせる1)1しかし1ならぶ1,
倀,,021,,9,8,10,+21232+,/chang1,1チヤウ1(1チョウ1),
倅,,021,,9,8,10,+20248+,/cui4,1サイせがれ1たすけ1にはか1(1にわか1),
倆,,021,,9,8,10,+21227+,/liang3,1リヤウ1(1リョウ1)1うでまへ1(1うでまえ1),
倉,,022,,9,8,10,+80607+,/cang1,1サウ1(1ソウ1)1くら1にはか1(1にわか1),
倌,,022,,9,8,10,+23277+,/guan1,1クワン1(1カン1),
個,个箇,022,003389,9,8,10,+26200+,/ge4*/ge3*,1カ1コ1,
倍(1),,022,,9,8,10,+20261+,/bei4,1バイ1ます1,
倍(2),,022,,9,8,10,+20261+,/pei4,1バイ1そむく1,
倏,,022,,9,8,10,+27234+,/shu4,1シユク1(1シュク1),
們,,022,,9,8,10,+27220+,/men2,1ボン1モン1ともがら1,
倒(1),,022,,9,8,10,+22200+,/dao3,1タウ1(1トウ1)1たふす1(1たおす1)1たふれる1(1たおれる1),
倒(2),,022,,9,8,10,+22200+,/dao4,1タウ1(1トウ1)1さかさま1,
倔,,022,,9,8,10,+27272+,/jue2,1クツ1ゴチ1つよい1,
倖,,022,,9,8,10,+24241+,/xiang4,1カウ1(1コウ1)1キヤウ1(1キョウ1)1さいはひ1(1さいわい1)1へつらふ1(1へつらう1),
倘,,022,,9,8,10,+29227+,/tang3,1タウ1(1トウ1),
候,,022,,9,8,10,+27234+,/hou4,1コウ1ク1さうらふ1(1そうろう1)1さぶらふ1(1さぶらう1)1うかがふ1(1うかがう1),
倚,,022,,9,8,10,+24221+,/yi3,1イ1たのむ1よる1,
倜,,022,,9,8,10,+27220+,/ti4,1テキ1チヤク1(1チャク1),
倞(1),,022,,9,8,10,+20296+,/liang4,1リヤウ1(1リョウ1),
倞(2),,022,,9,8,10,+20296+,/jing4,1キヤウ1(1キョウ1),
借,,023,,9,8,10,+24261+,/jie4,1シヤ1(1シャ1)1セキ1シヤク1(1シャク1),
倡(1),,023,,9,8,10,+26260+,/chang1,1シヤウ1(1ショウ1)1あそびめ1わざをぎ1(1わざおぎ1),
倡(2),,023,,9,8,10,+26260+,/chang4,1シヤウ1(1ショウ1)1となへる1(1となえる1),
倣,,023,,9,8,10,+28240+,/fang3,1ハウ1(1ホウ1)1バウ1(1ボウ1),
値(1),,023,,9,8,10,+24216+,/chi2,1チ1ヂ1(1ジ1),
値(2),,023,,9,8,10,+24216+,/zhi2,1チヨク1(1チョク1)1ヂキ1(1ジキ1)1あふ1(1あう1)1あたひ1(1あたい1)1ね1,
倥(1),,023,,9,8,10,+23211+,/kong1,1コウ1ク1おろか1ぬかる1,
倥(2),,023,,9,8,10,+23211+,/kong3,1コウ1ク1いそがしい1,
倦,,023,,9,8,10,+29212+,/quan4,1ケン1あきる1あぐむ1うむ1つかれる1,
倨,,023,,9,8,10,+27264+,/ju4,1キヨ1(1キョ1)1コ1おごる1,
倩(1),,023,,9,8,10,+25227+,/qian4,1セン1うつくしい1むこ1つらつら1,
倩(2),,023,,9,8,10,+25227+,/qing4,1セイ1シヤウ1(1ショウ1)1やとふ1(1やとう1),
倪,,023,,9,8,10,+27217+,/ni2,1ゲイ1かよわい1きは1(1きわ1)1ながしめ1,
倫,,023,,9,8,10,+28227+,/lun2,1リン1たぐひ1(1たぐい1)1ついで1みち1,
倬,,023,,9,8,10,+21246+,/zhuo2,1タク1あきらか1おほきい1(1おおきい1)1たかい1,
倭(1),,023,,9,8,10,+22244+,/wei2,1ヰ1(1イ1),
倭(2),,023,,9,8,10,+22244+,/wo1,1ウ1やまと1わ1,
倮,,023,,9,8,10,+26294+,/luo3,1ラ1,
倢,婕,030,111,9,8,10,+25281+,/jie2/jie4,1セフ1(1ショウ1),
俻,備,030,025,9,8,10,+27264+,/bei4,1ヒ1ビ1そなへる1(1そなえる1)1そなはる1(1そなわる1),
倹,儉,,028,9,8,10,+28236+,/jian3*/jian4,1ケン1ゲン1つづまやか1つましい1,
偃,,023,,9,9,11,+21214+,/yan3,1エン1おごる1ふす1ふせる1やめる1,
假(1),,024,,9,9,11,+27247+,/jia3,1カ1ケ1かす1かり1,
假(2),,024,,9,9,11,+27247+,/jia4,1カ1ケ1,
偈(1),,024,,9,9,11,+26227+,/jie2,1ケイ1ゲ1,
偈(2),,024,,9,9,11,+26227+,/ji4,1ケツ1ゲチ1いこふ1(1いこう1)1すこやか1はやい1,
偉,,024,,9,9,11,+24256+,/wei3,1ヰ1(1イ1)1えらい1すぐれる1,
偌,,024,,9,9,11,+24264+,/ruo4,1ジヤ1(1ジャ1)1ニヤ1(1ニャ1),
偎,,024,,9,9,11,+26232+,/wei1,1ワイ1ヱ1(1エ1),
偏,,024,,9,9,11,+23227+,/pian1,1ヘン1かたよる1ひとへに1(1ひとえに1),
偕,,024,,9,9,11,+21261+22261+,/jie1/xie1,1カイ1ともに1,
偊,,024,,9,9,11,+22227+,/yu1,1ウ1,
偓,,024,,9,9,11,+27214+,/wo4,1アク1かかはる1(1かかわる1),
做,,024,,9,9,11,+28240+,/zuo4,1サ1サク1なす1,
停,,024,,9,9,11,+20221+,/ting2,1テイ1チヤウ1(1チョウ1)1とまる1,
健,,024,,9,9,11,+25240+,/jian4,1ケン1ゴン1したたか1すこやか1たけし1,
偪,,024,,9,9,11,+21266+,/bi1,1ヒヨク1(1ヒョク1)1ヒキ1フク1,
偭,,024,,9,9,11,+21260+,/mian3,1ベン1メン1,
偲,,024,,9,9,11,+26230+,/si1,1シ1しのぶ1,
側,,024,,9,9,11,+22200+,/ce4/ze4,1シヨク1(1ショク1)1シキ1ソク1かは1(1かわ1)1がは1(1がわ1)1そば1,
偵,,025,,9,9,11,+21286+,/zhen1,1テイ1チヤウ1(1チョウ1)1うかがふ1(1うかがう1),
偶,,025,,9,9,11,+26227+,/ou3,1ゴウ1グ1グウ1たぐひ1(1たぐい1)1たまたま1ひとがた1,
偸,,025,,9,9,11,+28221+,/tou1,1トウ1ツ1チウ1(チュウ1)うすい1かりそめ1かろんずる1ぬすむ1,
偢,,025,,9,9,11,+29280+,/qiu1,1セウ1(1ショウ1)1シユウ1(1シュウ1),
偋,屛,030,133,9,9,11,+27241+,/bing3,1ヘイ1ビヤウ1(1ビョウ1)1おほふ1(1おおう1)1とぢる1(1とじる1)1しりぞく1しりぞける1,
偽,僞,,027,9,9,11,+24227+,/wei4,1ギ1いつはり1(1いつわり1)1いつはる1(1いつわる1)1にせ1,
傀(1),,025,,9,10,12,+26213+,/gui1,1クワイ1カイ1ケ1,
傀(2),,025,,9,10,12,+26213+,/kui1,1クワイ1カイ1ケ1,
傅,,025,,9,10,12,+23242+,/fu4,1フ1かしづく1(1かしずく1)1しく1つく1もり1,
傍(1),,025,,9,10,12,+20227+,/pang2,1ハウ1(1ホウ1)1バウ1(1ボウ1)1かたはら1(1かたわら1),
傍(2),,025,,9,10,12,+20227+,/pang4,1ハウ1(1ホウ1)1バウ1(1ボウ1),
傎,,025,,9,10,12,+24281+,/dian1,1テン1,
傑,,025,,9,10,12,+25294+,/jie2,1ケツ1ゲチ1すぐれる1,
傒,,025,,9,10,12,+22234+,/xi1,1ケイ1ゲイ1,
傔,,025,,9,10,12,+28237+,/qian4,1ケン1,
傖,,025,,9,10,12,+28267+,/cang1,1サウ1(1ソウ1)1ジヤウ1(1ジョウ1),
傘,繖,025,415,9,10,12,+80408+,/san3,1サン1かさ1,
備,,025,,9,10,12,+24227+,/bei4,1ヒ1ビ1そなへる1(1そなえる1)1そなはる1(1そなわる1),
傚,,026,,9,10,12,+28240+,/xiao4,1カウ1(1コウ1)1ゲウ1(1ギョウ1)1ならふ1(1ならう1)1まねる1,
傢,,026,,9,10,12,+23232+,/jia1,1シヤウ1(1ショウ1)1カ1ケ1,
僃,備,030,025,9,10,12,+24227+,/bei4,1ヒ1ビ1そなへる1(1そなえる1)1そなはる1(1そなわる1),
催,,026,,9,11,13,+22214+,/cui1,1サイ1ヒ1うながす1もよほす1(1もよおす1),
傭,,026,,9,11,13,+20227+,/yong1/yong2,1ヨウ1ユ1やとふ1(1やとう1),
傲,,026,,9,11,13,+28240+,/ao4,1ガウ1(1ゴウ1)1あそぶ1あなどる1おごる1,
傳(1),,026,,9,11,13,+25243+,/chuan2,1テン1デン1つたふ1(1つたう1)1つたへる1(1つたえる1)1つたはる1(1つたわる1)1つて1,
傳(2),,026,,9,11,13,+25243+,/zhuan4,1テン1デン1,
傳(3),,026,,9,11,13,+25243+,/zhuan4,1テン1デン1,
債,,026,,9,11,13,+25286+,/zhai4,1サイ1セ1かし1かり1,
傴,,026,,9,11,13,+21216+,/yu3,1ウ1ヲ1(1オ1)1かがむ1かはいがる1(1かわいがる1)1つつしむ1,
傷,,026,,9,11,13,+28227+,/shang1,1シヤウ1(1ショウ1)1いたむ1いためる1きず1そこなふ1(1そこなう1),
傺,,026,,9,11,13,+27291+,/chi4,1テイ1タイ1,
傻,,026,,9,11,13,+26247+,/sha3,1シヤ1(1シャ1)1サ1,
傾,,026,,9,11,13,+21286+,/qing1,1ケイ1キヤウ1(1キョウ1)1かしぐ1かたげる1かたむく1かたむける1くつがへる1(1くつがえる1),
僅,,026,,9,11,13,+24214+,/jin3/jin4,1キン1ギン1わづか1(1わずか1)1わづかに1(1わずかに1),
僂,,026,,9,11,13,+25244+,/lou2,1ロウ1ル1かがむ1まげる1,
僇,,026,,9,11,13,+27222+,/lu4,1リク1ロク1,
僉,,026,,9,11,13,+80886+,/qian1,1セン1みな1,
働,,026,,9,11,13,+24227+,/dong4,1ドウ1はたらく1,
01077,傘,030,025,9,11,13,+80408+,/san3,1サン1かさ1,
僊,仙,030,012,9,11,13,+21212+,/xian1,1セン1,
僎,,027,,9,12,14,+27281+,/zhuan4,1サン1セン1,
像,,027,,9,12,14,+27232+,/xiang4,1シヤウ1(1ショウ1)1ザウ1(1ゾウ1)1かたち1かたどる1,
僑,,027,,9,12,14,+22227+,/qiao2,1ケウ1(1キョウ1)1ゲウ1(1ギョウ1)1かりずまひ1(1かりずまい1)1やどる1,
僕,,027,,9,12,14,+22234+,/pu2,1ホク1ボク1しもべ1,
僚,,027,,9,12,14,+24296+,/liao2,1レウ1(1リョウ1)1つかさ1とも1,
僖,,027,,9,12,14,+24261+,/xi1,1キ1たのしむ1よろこぶ1,
僝(1),,027,,9,12,14,+27247+,/zhan3,1セン1,
僝(2),,027,,9,12,14,+27247+,/chan2,1サン1ゼン1,
僞,,027,,9,12,14,+22227+,/wei4,1ギ1いつはり1(1いつわり1)1いつはる1(1いつわる1)1にせ1,
僥(1),,027,,9,12,14,+24211+,/yao2,1ゲウ1(1ギョウ1),
僥(2),,027,,9,12,14,+24211+,/jiao3,1ケウ1(1キョウ1)1ゲウ1(1ギョウ1)1ねがふ1(1ねがう1)1もとめる1,
僦,,027,,9,12,14,+23214+,/jiu4,1シウ1(1シュウ1)1シユ1(1シュ1),
僧,,027,,9,12,14,+28266+,/seng1,1ソウ1,
僨,,027,,9,12,14,+24286+,/fen4,1フン1ホン1,
僩,,027,,9,12,14,+27220+,/xian4,1カン1ゲン1,
僬,,027,,9,12,14,+20231+,/jiao1,1セウ1(1ショウ1),
僭,,027,,9,12,14,+25261+,/jian4,1セン1,
僮,,027,,9,12,14,+20214+,/tong2,1トウ1ヅ1(1ズ1)1ドウ1おろか1しもべ1わらべ1,
僱,,027,,9,12,14,+23214+,/gu4,1コ1やとふ1(1やとう1),
僣,僭,030,027,9,12,14,+25263+,/jian4,1セン1,
儁,俊,030,020,9,12,14,+20227+,/jun4/zun4,1シユン1シュン1すぐれる1,
僵,,028,,9,13,15,+21216+,/jiang1,1キヤウ1(1キョウ1)1カウ1(1コウ1)1こはばる1こわばる1(1たふれる1)1たおれる1,
價,,028,,9,13,15,+21286+,/jia4,1カ1ケ1あたひ1(1あたい1),
僻,,028,,9,13,15,+20241+,/pi4/bei4,1ヘキ1ヒヤク1(1ヒャク1)1かたよる1ひがむ1ひめがき1,
僽,,028,,9,13,15,+29238+,/zhou4,1シウ1(1シュウ1)1ジユ1(1ジュ1),
僾,,028,,9,13,15,+22247+,/ai4,1アイ1,
僿,,028,,9,13,15,+23214+,/si4/sai4,1シ1サイ1,
儀,,028,,9,13,15,+28253+,/yi2,1のり1よい1,
儂,,028,,9,13,15,+25232+,/nong2,1ドウ1ノウ1われ1わし1,
億,,028,,9,13,15,+20236+,/yi4,1ヨク1イキ1オク1おしはかる1,
儈,,028,,9,13,15,+28266+,/kuai4,1クワイ1(1カイ1)1ケ1,
儉,,028,,9,13,15,+28286+,/jian3*/jian4,1ケン1ゲン1つづまやか1つましい1,
儋,,028,,9,13,15,+27261+,/dan1,1タン1,
儌,,028,,9,13,15,+28240+,/jiao4,1ケウ1(1キョウ1),
儇,翾,,425,9,13,15,+26232+,/xuan1,1ケン1,
儍,傻,030,026,9,13,15,+22247+,/sha3,1シヤ1(1シャ1)1サ1,
儎,載,030,548,9,13,15,+23250+,/zai4,1サイ1のせる1のる1はじまる1はじめて1しるす1すなはち1(1すなわち1),
儐,,029,,9,14,16,+23286+,/bin4,1ヒン1,
儒,,029,,9,14,16,+21227+,/ru2,1ジユ1(1ジュ1)1ニユ1(1ニュ1),
儔,,029,,9,14,16,+24241+,/chou2,1チウ1(1チュウ1)1ヂユ1(1ジュ1)1ともがら1,
儕,,029,,9,14,16,+20223+,/chai2,1サイ1ザイ1セイ1ともがら1,
儗,,029,,9,14,16,+27281+,/ni3,1ギ1イ1,
儘,,029,,9,14,16,+27233+,/jin3,1ジン1ことごとく1まま1,
儛,,029,,9,14,16,+28251+,/wu3,1ブ1ム1,
償,,029,,9,15,17,+29286+,/chang2,1シヤウ1(1ショウ1)1ジヤウ1(1ジョウ1)1つぐなふ1(1つぐなう1),
儡,,029,,9,15,17,+26260+,/lei2,1ライ1レイ1くぐつ1つかれる1でく1,
儤,,029,,9,15,17,+26232+,/bao4,1ハウ1ホウ1,
優,,029,,9,15,17,+21247+,/you1,1イウ1(1ユウ1)1ウ1すぐれる1まさる1やさしい1やはらぐ1(1やわらぐ1)1ゆたか1わざをぎ1(1わざおぎ1),
儩,,029,,9,15,17,+26227+,/si4,1シ1,
儲,,029,,9,16,18,+24260+,/chu2,1チヨ1(1チョ1)1ヂヨ1(1ジョ1)1そへ1(1そえ1)1たくはへる1(1たくわえる1)1まうける1(1もうける1),
01271,,029,,9,16,18,+20232+,/niao3,1デウ1(1ジョウ1)1ネウ1(1ニョウ1),
儭,,029,,9,16,18,+26210+,/qin4/chen4,1シン1,
儱,,030,,9,16,18,+21211+,/long3/long2,1ロウ1リユウ1(1リュウ1),
儳,,030,,9,17,19,+27213+,/chan4,1サン1ザン1さしでる1ふぞろひ1(1ふぞろい1),
儵,倏,030,022,9,17,19,+27231+,/shu4,1シユク1(1シュク1),
儷,,030,,9,19,21,+21211+,/li4,1レイ1ライ1つれあひ1(1つれあい1)1ならぶ1,
儸,,030,,9,19,21,+26214+,/luo2,1ラ1,
儺,,030,,9,19,21,+20214+,/nuo2,1ダ1ナ1おにやらひ1(1おにやらい1),
儻,,030,,9,20,22,+29231+,/tang3,1タウ1トウ1あるいは1すぐれる1もし1,
儼,,030,,9,20,22,+26248+,/yan3,1ゲン1いかめしい1おごそか1,
儿,,030,,10,0,2,+22010+,/ren2,1ジン1ニン1にんねう1(1にんにょう1)1ひと1,
兀,,030,,10,1,3,+10210+,/wu4,1ゴツ1ゴチ1たかい1,
允,,030,,10,2,4,+23210+,/yun3,1イン1じよう1(1じょう1)1まことに1ゆるす1,
元,,031,,10,2,4,+10211+,/yuan2,1ゲン1グワン1(1ガン1)1はじめ1もと1,
兄,,031,,10,3,5,+60210+,/xiong1,1ケイ1キヤウ1(1キョウ1)1あに1え1,
充,,031,,10,3,5,+00213+,/chong1,1シユウ1シュウ1ジユ1ジュ1ジユウ1(1ジュウ1),
兆,,031,,10,4,6,+32113+,/zhao4,1テウ1(1チョウ1)1デウ1(1ジョウ1)1うらなひ1(1うらない1)1きざし1,
兇,,031,,10,4,6,+22217+,/xiong1,1キヨウ1(1キョウ1)1ク1おそれる1わるい1,
先(1),,031,,10,4,6,+24211+,/xian1,1セン1さき1まづ1(1まず1),
先(2),,031,,10,4,6,+24211+,/xian4,1セン1,
光,,032,,10,4,6,+90211+,/guang1,1クワウ1(1コウ1)1ひかる1ひかり1,
尧,堯,,093,10,4,6,+50212+,/yao2,1ゲウ1(1ギョウ1)1たかい1,
克,,032,,10,5,7,+40216+,/ke4,1コク1,
兌,,032,,10,5,7,+80216+,/dui4,1タイ1デ1ダ1かへる1(1かえる1)1とれかへる1(1とれかえる1),
免(1),,032,,10,5,7,+27416+,/mian3,1ベン1メン1うむ1まぬかれる1,
免(2),,032,,10,5,7,+27416+,/wen4,1アン1モン1,
兎,兔,033,032,10,5,7,+20513+,/tu4,1ト1うさぎ1,
兒(1),,032,,10,6,8,+77217+,/er2,1ジ1ニ1こ1,
兒(2),,032,,10,6,8,+77217+,/ni2,1ゲイ1,
兔,,032,,10,6,8,+17413+,/tu4,1ト1うさぎ1,
01370,,032,,10,6,8,+77217+,/si4,1シ1ジ1,
尭,堯,,093,10,6,8,+40211+,/yao2,1ゲウ1(1ギョウ1)1たかい1,
兗,,032,,10,7,9,+00216+,/yan3,1エン1,
党,黨,032,650,10,8,10,+90216+,/dang3,1タウ1(1トウ1)1なかま1むら1,
兜,,033,,10,9,11,+77217+,/dou1,1トウ1ツ1ト1かぶと1,
兢,,033,,10,9,11,+44216+,/jing1,1キヨウ1(1キョウ1)1おそれる1つつしむ1,
入,,033,,11,0,2,+80000+,/ru4,1ジフ1(1ジュウ1)1ニフ1(1ニュウ1)1いる1いれる1しほ1(1しお1)1はいる1,
內(1),,033,,11,2,4,+40227+,/nei4,1ダイ1ナイ1いる1うち1,
內(2),,033,,11,2,4,+40227+,/na4,1ダフ1(1ドウ1)1ナフ1(1ノウ1),
全,,033,,11,4,6,+80104+,/quan2,1センゼンすべて1(1まつたく1)1まったく1,
兩(1),,033,,11,6,8,+10227+,/liang3,1リヤウ1(1リョウ1)1ふたつ1,
兩(2),,033,,11,6,8,+10227+,/liang4,1リヤウ1(1リョウ1),
兪,,033,,11,7,9,+80221+,/yu2,1ユ1しかり1,
俞,兪,033,,11,7,9,+80221+,/yu2,1ユ1しかり1,
八,,034,,12,0,2,+80000+,/ba1,1ハツ1ハチ1はちがしら1や1やつ1やつつ1(1やっつ1)1やう1(1よう1),
公,,034,,12,2,4,+80732+,/gong1,1コウ1ク1おほやけ1(1おおやけ1)1きみ1,
六,,034,,12,2,4,+00800+,/lu4/liu4,1リク1ロク1むつ1むつつ1(1むっつ1)1むい1,
兮,,034,,12,2,4,+80207+,/xi1,1ケイ1ゲイ1の1,
兰,蘭,,479,12,3,5,+80101+,/lan2,1ラン1あららぎ1ふぢばかま1(1ふじばかま1),
共(1),,034,,12,4,6,+44801+,/gong4,1キヨウ1(1キョウ1)1グ1とも1ども1,
共(2),,034,,12,4,6,+44801+,/gong1,1キヨウ1(1キョウ1)1ク1,
兴(1),興,,443,12,4,6,+90801+,/xing1,1キヨウ1(1キョウ1)1コウ1おきる1おこす1おこる1,
兴(2),興,,443,12,4,6,+90801+,/xing4,1キヨウ1(1キョウ1)1コウ1,
关(1),關,,595,12,4,6,+80804+,/guan1,1クワン1(1カン1)1ケン1せき1かんぬき1とざす1かかわる1あづかる1(1あずかる1)1からくり1,
关(2),關,,595,12,4,6,+80804+,/wan1,1ワン1エン1ひく1まがる1,
兵,,034,,12,5,7,+72801+,/bing1,1ヘイ1ヒヤウ1(1ヒョウ1)1つはもの1(1つわもの1)1いくさ1,
其(1),,034,,12,6,8,+44801+,/qi2,1キ1ギ1それ1その1,
其(2),,034,,12,6,8,+44801+,/ji1,1キ1それ1その1,
其(3),,034,,12,6,8,+44801+,/ji4,1キ1それ1その1,
具,,034,,12,6,8,+60801+,/ju4,1ク1グ1そなへる1(1そなえる1)1そなはる1(1そなわる1)1そろひ1(1そろい1)1つぶさに1,
典,,034,,12,6,8,+55801+,/dian3,1テン1のり1ふみ1,
总,總,,414,12,7,9,+80336+,/zong3,1ソウ1ス1ふさ1すべる1すべて1,
养(1),養,,620,12,7,9,+80228+,/yang3,1ヤウ1(1ヨウ1)1やしなふ1(1やしなう1)1やしなひ1(1やしない1)1うむ1,
养(2),養,,620,12,7,9,+80228+,/yang4,1ヤウ1(1ヨウ1)1やしなふ1(1やしなう1),
兼,,034,,12,8,10,+80237+,/jian1,1ケン1あはせる1(1あわせる1)1かねる1,
兽,獸,,330,12,9,11,+80601+,/shou4,1シウ1(1シュウ1)1シユ1(1シュ1)1ジウ1(1ジュウ1)1けもの1けだもの1,
19166,兼,035,034,12,10,12,+80237+,/jian1,1ケン1あはせる1(1あわせる1)1かねる1,
冀,,035,,12,14,16,+11801+,/ji4,1キ1こひねがふ1(1こいねがう1),
冂,,035,,13,0,2,+77220+,/jiong1,1ケイ1キヤウ1(1キョウ1)1けいがまへ1(1けいがまえ1)1まき1まきがまへ1(1まきがまえ1),
円,圓,086,,13,2,4,+77220+,/yuan2,1ヱン1(1エン1)1まるい1まる1まどか1まつたし1(1まったし1)1つぶら1,
冄,冉,035,035,13,2,4,+77550+,/ran3,1ゼン1ネン1しなやか1,
内(1),內,,033,13,2,4,+40227+,/nei4,1ダイ1ナイ1いる1うち1,
内(2),內,,033,13,2,4,+40227+,/na4,1ダフ1(1ドウ1)1ナフ1(1ノウ1),
冉,,035,,13,3,5,+50557+,/ran3,1ゼン1ネン1しなやか1,
冊,,035,,13,3,5,+77440+,/ce4,1サク1サツ1たてる1ふみ1,
囘,回,,084,13,3,5,+77220+,/hui2,1クワイ1(1カイ1)1ヱ1(1エ1)1まはる1(1まわる1)1まはす1(1まわす1)1めぐる1めぐらす1かへる1(1かえる1)1かへす1(1かえす1)1たがふ1(1たがう1)1たび1,
再,,035,,13,4,6,+10447+,/zai4,1サイ1サ1ふたたび1,
网,網,,408,13,4,6,+77220+,/wang3,1バウ1(1ボウ1)1マウ1(1モウ1)1あみ1,
冐(1),冒,035,035,13,6,8,+60227+,/mao4,1バウ1(1ボウ1)1マウ1(1モウ1)1おほふ1(1おおう1)1をかす1(1おかす1)1ねたむ1むさぼる1,
冐(2),冒,035,035,13,6,8,+60227+,/mo4,1ボク1モク1,
冑,胄,035,432,13,7,9,+50227+,/zhou4,1チウ1(1チュウ1)1ヂユ1(1ジュ1)1かぶと1,
冒(1),,035,,13,7,9,+60600+,/mao4,1バウ1(1ボウ1)1マウ1(1モウ1)1おほふ1(1おおう1)1をかす1(1おかす1)1ねたむ1むさぼる1,
冒(2),,035,,13,7,9,+60600+,/mo4,1ボク1モク1,
冓,,035,,13,8,10,+55557+,/gou4,1コウ1ク1かまへる1(1かまえる1)1くむ1,
冔,,035,,13,8,10,+77641+,/xu3,1ク1,
冕,,035,,13,9,11,+60416+,/mian3,1ベン1メン1かんむり1,
冖,,035,,14,0,2,+37020+,/mi4,1ベキ1ミヤク1(1ミャク1)1おほふ1(1おおう1)1おほひ1(1おおい1)1おほひかんむり1(1おおいかんむり1)1わかんむり1,
冗,宂,036,120,14,2,4,+37217+,/rong3,1ジヨウ1(1ジョウ1)1ニユ1(1ニュ1)1むだ1,
写,寫,,127,14,3,5,+37400+,/xie3,1シヤ1(1シャ1)1うつす1うつる1おろす1,
军,軍,,546,14,4,6,+37504+,/jun1,1クン1グン1つはもの1(1つわもの1)1いくさ1,
农,農,,553,14,4,6,+40732+,/nong2,1ドウ1ヌ1ノウ1たがやす1,
冠(1),,036,,14,7,9,+37214+,/guan1,1クワン1(1カン1)1かんむり1,
冠(2),,036,,14,7,9,+37214+,/guan4,1クワン1(1カン1)1かむる1,
冢,,036,,14,8,10,+37232+,/zhong3,1チヨウ1(1チョウ1)1チユ1(1チュ1)1おほきい1(1おおきい1)1かしら1つか1,
冤,,036,,14,8,10,+37413+,/yuan1,1ヱン1(1エン1)1ヲン1(1オン1)1あだ1ぬれぎぬ1,
冥,,036,,14,8,10,+37800+,/ming2,1ベイ1ミヤウ1(1ミョウ1)1メイ1くらい1,
冦,寇,,125,14,8,10,+37214+,/kou4,1コウ1ク1あだ1あだする1かたき1しいたげる1,
冨,富,,125,14,9,11,+37606+,/fu4,1フウ1フ1とむ1とみ1とます1ゆたか1,
冩,寫,036,127,14,12,14,+37327+,/xie3,1シヤ1(1シャ1)1うつす1うつる1おろす1,
冪,,036,,14,14,16,+37227+,/mi4,1ベキ1ミヤク1(1ミャク1)1おほふ1(1おおう1),
冫,,036,,15,0,2,+30100+,/bing1,1ヒヨウ1(1ヒョウ1)1こほる1(1こおる1)1こほり1(1こおり1)1にすい1,
冬,,036,,15,3,5,+27303+,/dong1,1トウ1ツ1ふゆ1,
冰,,036,,15,4,6,+32130+,/bing1,1ヒヨウ1(1ヒョウ1)1こほる1(1こおる1)1こほり1(1こおり1),
冱,,036,,15,4,6,+31117+,/hu4,1コ1ゴ1こほる1(1こおる1)1さえる1さむい1,
冲(1),沖,037,281,15,4,6,+35106+,/chong1,1チユウ1(1チュウ1)1チユ1(1チュ1)おき1むなしくする1むなしい1いとけない1とぶ1,
冲(2),衝,037,498,15,4,6,+35106+,/chong1/chong4,1シヨウ1(1ショウ1)1シユ1(1シュ1)1つく1,
决,決,038,279,15,4,6,+35130+,/jue2,1ケツ1ケチ1きめる1きまる1かならず1えぐる1わかれる1,
冱(1),沍,,280,15,4,6,+31117+,/hu4,1コ1ゴ1ふさがる1ふさぐ1こほる1(1こおる1),
冱(2),沍,,280,15,4,6,+31117+,/hu4,1カク1キヤク1(1キャク1)かれる1,
冶,,037,,15,5,7,+33160+,/ye3,1ヤ1いる1とける1なまめかしい1,
冷,,037,,15,5,7,+38127+,/leng3,1レイ1リヤウ1(1リョウ1)1さます1さめる1つめたい1ひえる1ひややか1,
况,況,,283,15,5,7,+36110+,/kuang4,1キヤウ1(1キョウ1)1カウ1(1コウ1)たとへる1(1たとえる1)1いはんや1(1いわんや1)1ますます1,
冽,,037,,15,6,8,+32100+,/lie4,1レツ1レチ1さむい1つめたい1,
凂,浼,037,289,15,7,9,+37116+,/mei3,1バイ1マイ1,
准,,037,,15,8,10,+30114+,/zhun3,1シユン1(1シュン1)1ジユン1(1ジュン1)1なぞらへる1(1なぞらえる1)1ゆるす1,
凇,,037,,15,8,10,+38132+,/song1,1シヨウ1(1ショウ1)1シユ1(1シュ1),
凊,,037,,15,8,10,+35127+,/jing4,1セイ1シヤウ1(1ショウ1)1さむい1すずしい1,
凋,,037,,15,8,10,+37120+,/diao1,1テウ1(1チョウ1)1しぼむ1,
凌,,037,,15,8,10,+34147+,/ling2,1リヨウ1(1リョウ1)1しのぐ1,
凍,,037,,15,8,10,+35196+,/dong4,1トウ1ツ1いてる1こほり1(1こおり1)1こほる1(1こおる1)1しみる1,
凄,淒,038,292,15,8,10,+35144+,/qi1,1セイ1サイ1すさまじい1さむい1すごい1ものさびしい1,
凉,涼,038,291,15,8,10,+30196+,/liang2,1リヤウリョウ1うすい1すずしい1すずむ1ひややか1ひやす1,
凈,淨,038,292,15,8,10,+32157+,/jing4,1セイ1ジヤウ1(1ジョウ1)1きよい1きよらか1きよめる1,
减,減,038,294,15,9,11,+33150+,/jian3,1カン1ゲン1へらす1へる1,
凑,湊,038,296,15,9,11,+35134+,/cou4,1ソウ1ス1あつまる1みなと1,
凓,,037,,15,10,12,+31191+,/li4,1リツ1リチ1,
凔,,037,,15,10,12,+38167+,/cang4/cang1,1シヤウ1(1ショウ1)1サウ1(1ソウ1),
凘,,037,,15,12,14,+32121+,/si1,1シ1,
凙,,038,,15,13,15,+36141+,/duo2,1タク1,
凛,,038,,15,13,15,+30191+,/lin3,1リン1さむい1すさまじい1,
凜,凛,038,,15,13,15,+30194+,/lin3,1リン1さむい1すさまじい1,
凝,,038,,15,14,16,+37181+,/ning2,1ギヨウ1(1ギョウ1)1こらす1こる1しこり1,
凟,瀆,038,309,15,15,17,+34186+,/du2,1トク1ドク1あなどる1かさねる1けがす1けがれる1みぞ1みだす1,
几(1),,038,,16,0,2,+77210+,/ji1/ji3,1キ1つくえ1ひぢかけ1(1ひじかけ1),
几(2),幾,,148,16,0,2,+77210+,/ji1,1キ1ケ1きざし1ちかい1ほとんど1こひねがふ1(1こいねがう1),
几(3),幾,,148,16,0,2,+77210+,/ji3,1キ1ケ1いく1いくつ1いくばく1,
几(4),幾,,148,16,0,2,+77210+,/ji4,1キ1ケ1こひねがふ1(1こいねがう1),
凡,,038,,16,1,3,+77210+,/fan2,1ハン1ボン1およそ1すべて1なみ1,
凤,鳳,,640,16,2,4,+77210+,/feng4,1ホウ1ブ1おほとり1(1おおとり1),
凫,鳧,,640,16,4,6,+27217+,/fu2,1フ1ブ1のがも1かも1けり1,
凭,,038,,16,6,8,+22217+,/ping2,1ヒヨウ1(1ヒョウ1)1ビヨウ1(1ビョウ1),
凰,,038,,16,9,11,+77210+,/huang2,1クワウ1(1コウ1)1ワウ1(1オウ1)1おほとり1(1おおとり1),
凱,,038,,16,10,12,+27110+,/kai3,1カイ1ガイ1かちどき1やはらぐ1(1やわらぐ1),
凳,,038,,16,12,14,+12217+,/deng4,1トウ1,
凴,凭,038,,16,12,14,+31217+,/ping2,1ヒヨウ1(1ヒョウ1)1ビヨウ1(1ビョウ1),
凵,,038,,17,0,2,+22770+,/kan3,1カン1コン1うけばこ1かんがまへ1(1かんがまえ1)1かんねう1(1かんにょう1),
凶,,038,,17,2,4,+22770+,/xiong1,1キヨウ1(1キョウ1)1ク1おそれる1わざはひ1(1わざわい1)1わるい1,
凷,,038,,17,3,5,+22770+,/kuai4,1クワイ1(1カイ1)1ケ1,
凸,,038,,17,3,5,+77777+,/tu4/gu3/die4,1トツ1ドチ1テツ1デチ1,
凹,,039,,17,3,5,+77770+,/yao1/yao2/ao1/wa1,1アフ1アウ1(1オウ1)1エウ1(1ヨウ1)1くぼむ1へこます1へこむ1,
出,,039,,17,3,5,+22772+,/chu1,1シユツ(1シュツ1)1いだす1だす1でる1,
01822,凶,039,038,17,4,6,+22770+,/xiong1,1キヨウ1(1キョウ1)1ク1おそれる1わざはひ1(1わざわい1)1わるい1,
函(1),,039,,17,6,8,+10772+,/han2,1カン1ガン1いれる1はこ1よろひ1(1よろい1),
函(2),,039,,17,6,8,+10772+,/xian2,1カン1ガン1,
凾(1),函,,039,17,7,9,+17772+,/han2,1カン1ガン1いれる1はこ1よろひ1(1よろい1),
凾(2),函,,039,17,7,9,+17772+,/xian2,1カン1ガン1いれる1はこ1よろひ1(1よろい1),
刀,,039,,18,0,2,+17220+,/dao1,1タウ1(1トウ1)1かたな1,
刁,,039,,18,1,3,+17120+,/diao1,1テウ1チョウ1イン1とら1,
刃,,039,,18,1,3,+17420+,/ren4,1ジン1ニン1きる1は1やいば1,
刄(1),刃,039,,18,1,3,+17450+,/ren4,1ジン1ニン1リヤウ1(1リョウ1)1きる1は1やいば1,
刄(2),兩,045,033,18,1,3,+17450+,/liang3,1リヤウ1(1リョウ1),
分,,039,,18,2,4,+80227+,/fen1,1フン1ブン1ブ1わける1わかつ1わかれる1わかる1,
切(1),,040,,18,2,4,+47720+,/qie1,1セツ1セチ1きる1きれる1,
切(2),,040,,18,2,4,+47720+,/qie4,1セイ1サイ1,
刈,,040,,18,2,4,+42000+,/kai4/yi4,1ガイ1ゲ1カイ1かる1,
刅(1),創,045,044,18,2,4,+17330+,/chuang1,1シヤウ1(1ショウ1)1サウ1(1ソウ1)1きず1,
刅(2),創,045,044,18,2,4,+17330+,/chuang4,1シヤウ1(1ショウ1)1サウ1(1ソウ1)1はじめる1,
刊,,040,,18,3,5,+12400+,/kan1,1カン1きざむ1けづる1(1けずる1),
刎,,040,,18,4,6,+22200+,/wen3,1ブン1モン1フン1くびはねる1はねる1,
划,,040,,18,4,6,+52000+,/hua2,1クワ1(1カ1)1ゲ1,
刓,,040,,18,4,6,+12200+,/wan2,1グワン1(1ガン1)1けづる1(1けずる1),
刖,,040,,18,4,6,+72200+,/yue4,1ゲツ1グワチ1(1ガチ1)1ゴツ1ゴチ1,
列,,040,,18,4,6,+12200+,/lie4,1レツ1レチ1つらなる1,
刑,01951,041,,18,4,6,+12400+,/xing2,1ケイ1キヤウ1(1キョウ1)1しおき1,
划,找,,187,18,4,6,+52000+,/hua2,1クワ1(1カ1)1さをさす1(1さおさす1),
刘,劉,,045,18,4,6,+02400+,/liu2,1リウ1(1リュウ1)1ル1,
刚,剛,,043,18,4,6,+72200+,/gang1,1カウ1(1コウ1)1ガウ1(1ゴウ1)1かたい1つよい1,
初,,040,,18,5,7,+37220+,/chu1,1シヨ1ショ1ソ1はつ1うい1はじめ1はじめて1そめる1,
刪,,040,,18,5,7,+72400+,/shan1,1サン1サク1えらぶ1けづる1(1けずる1),
判,,040,,18,5,7,+92500+,/pan4,1ハン1わける1わかる1,
別(1),,040,,18,5,7,+62200+,/bie2,1ヘツ1ベチ1ベツ1わける1,
別(2),,040,,18,5,7,+62200+,/bie4,1ヘツ1ベチ1ベツ1わかれる1,
刦,劫,041,046,18,5,7,+42700+,/jie2,1ケフ1(1キョウ1)1コフ1(1コウ1)1ゴフ1(1ゴウ1)1おびやかす1かすめる1,
刨,,041,,18,5,7,+22700+,/bao4/pao4,1ハウ1(1ホウ1)1ヘウ(1ヒョウ1),
利,,041,,18,5,7,+22900+,/li4,1リ1きく1,
刧,劫,045,046,18,5,7,+47720+,/jie2,1ケフ1(1キョウ1)1コフ1(1コウ1)1ゴフ1(1ゴウ1)1おびやかす1かすめる1,
01951,,041,,18,6,8,+12400+,/xing2,1ケイ1キヤウ1(1キョウ1)1しおき1,
刮,,041,,18,6,8,+22600+,/gua1,1クワツ1(1カツ1)1クワチ1(1カチ1)1けづる1(1けずる1)1こする1こそげる1,
到,,041,,18,6,8,+12100+,/dao4,1タウ1(1トウ1)1いたる1,
刲,,041,,18,6,8,+42100+,/kui1,1ケイ1ケ1,
刳,,041,,18,6,8,+42200+,/ku1,1コ1ゑぐる1(1えぐる1)1くる1さく1,
刴,,041,,18,6,8,+12900+,/duo4,1タ1ダ1,
刵,,041,,18,6,8,+12100+,/er4,1ジ1ニ1,
制,,041,,18,6,8,+22200+,/zhi4,1セイ1おさへる1(1おさえる1),
刷,,041,,18,6,8,+72200+,/shua1/shua4,1サツ1サチ1する1はく1,
券,,042,,18,6,8,+90227+,/quan4,1ケン1クワン1(1カン1)1てがた1わりふ1,
刺(1),,042,,18,6,8,+52900+,/ci4,1シ1さす1そしる1とる1うかがふ1(1うかがう1)1とげ1ほさき1,
刺(2),,042,,18,6,8,+52900+,/qi2,1セキ1シヤク1(1シャク1),
刻,,042,,18,6,8,+02800+,/ke1/ke4,1コク1きざむ1とき1,
刹,剎,,042,18,6,8,+42900+,/cha4,1サツ1セツ1てら1,
刱,創,045,044,18,6,8,+57030+,/chuang4,1シヤウ1(1ショウ1)1サウ1(1ソウ1)1はじめる1,
刼,劫,045,046,18,6,8,+47720+,/jie2,1ケフ1(1キョウ1)1コフ1(1コウ1)1ゴフ1(1ゴウ1)1おびやかす1かすめる1,
刾(1),刺,045,042,18,6,8,+42000+,/ci4,1シ1さす1そしる1とる1うかがふ1(1うかがう1)1とげ1ほさき1,
刾(2),刺,045,042,18,6,8,+42000+,/qi2,1セキ1シヤク1(1シャク1),
剎,,042,,18,7,9,+42900+,/cha4,1サツ1セツ1てら1,
剃,,042,,18,7,9,+82200+,/ti4,1テイ1タイ1そる1,
剄,,042,,18,7,9,+12100+,/jing3,1ケイ1キヤウ1(1キョウ1)1くびきる1,
則,,042,,18,7,9,+62800+,/ze2,1ソク1すなはち1(1すなわち1)1のつとる1(1のっとる1)1のり1,
剉,,042,,18,7,9,+82100+,/cuo4,1サ1ザ1,
削,,042,,18,7,9,+92200+,/xiao1,1シヤク1(1シャク1)1サク1けづる1(1けずる1)1そぐ1はつる1,
剋,,043,,18,7,9,+42210+,/ke1/ke4,1コク1かつ1きめる1きざむ1きびしい1,
剌,,043,,18,7,9,+52900+,/la2,1ラツ1ラチ1そむく1もとる1,
前,,043,,18,7,9,+80221+,/qian2,1セン1ゼン1さき1さきに1まへ1(1まえ1)1すすむ1すすめる1,
剏,創,045,044,18,7,9,+87450+,/chuang4,1シヤウ1(1ショウ1)1サウ1(1ソウ1)1はじめる1,
剔,,043,,18,8,10,+62200+,/ti1,1テキ1チヤク1(1チャク1)1ゑぐる1(1えぐる1)1のぞく1,
剕,,043,,18,8,10,+12100+,/fei4/fei1,1ヒ1ビ1,
剖,,043,,18,8,10,+02600+,/pou3/pu3,1ホウ1フ1ボウ1さく1わける1,
剗,,043,,18,8,10,+52500+,/chan3,1サン1セン1,
剚,,043,,18,8,10,+52000+,/zi4,1シ1,
剛,,043,,18,8,10,+72200+,/gang1,1カウ1(1コウ1)1ガウ1(1ゴウ1)1かたい1つよい1,
剜,,043,,18,8,10,+32200+,/wan1,1ワン1,
剝,,043,,18,8,10,+22100+,/bo1/bo4/bao1,1ハク1とる1はがれる1はぐ1はげる1むく1,
剞,,043,,18,8,10,+42600+,/ji3/ji2/ji1,1キ1きざむ1ほる1,
剟,,044,,18,8,10,+72400+,/duo4,1タツ1タチ1テツ1けずる1さく1,
剡,,044,,18,8,10,+92800+,/yan3,1エン1,
剣,劍,,045,18,8,10,+82500+,/jian4,1ケン1つるぎ1,
剮,,044,,18,9,11,+72200+,/gua3,1クワ1カ1,
副,,044,,18,9,11,+12600+,/fou4/fu4,1ヒウ1(1ヒュウ1)1フ1フク1そふ1(1そう1),
剰,剩,044,,18,9,11,+22900+,/sheng4,1シヨウ1(1ショウ1)1ジヨウ1(1ジョウ1)1あまる1あます1あまつさへ1(1あまつさえ1),
剪,翦,044,424,18,9,11,+80227+,/jian3,1セン1やばね1きる1そぐ1はさむ1ほろぼす1,
02096,鍥,044,585,18,9,11,+52400+,/jie4,1ケツ1ケチ1きざむ1たつ1かま1,
剩,,044,,18,10,12,+22900+,/sheng4,1シヨウ1(1ショウ1)1ジヨウ1(1ジョウ1)1あまる1あます1あまつさへ1(1あまつさえ1),
割,,044,,18,10,12,+32600+,/guo1,1カツ1カチ1さく1わる1われる1わり1,
剴,,044,,18,10,12,+22100+,/gai1/kai3,1ガイ1カイ1あたる1あてはまる1,
創(1),,044,,18,10,12,+82600+,/chuang1,1シヤウ1(1ショウ1)1サウ1(1ソウ1)1きず1,
創(2),,044,,18,10,12,+82600+,/chuang4,1シヤウ1(1ショウ1)1サウ1(1ソウ1)1はじめる1,
剷,,044,,18,11,13,+02200+,/chan3,1サン1セン1,
剸,,044,,18,11,13,+52300+,/zhuan3/zhuan4/tuan2,1セン1タン1ダン1,
剺,,044,,18,11,13,+58227+,/li2,1リ1,
剿,勦,044,048,18,11,13,+22900+,/jiao3/chao1,1サウ1(1ソウ1)1セウ1(1ショウ1)1かすめとる1すばやい1たつ1ほろぼす1,
剽(1),,044,,18,11,13,+12900+,/piao4,1ヘウ1(1ヒョウ1)1おびやかす1かすめとる1かるい1すばやい1,
剽(2),,044,,18,11,13,+12900+,/biao3,1ヘウ1(1ヒョウ1),
劂,,044,,18,11,13,+72200+,/jue2,1ケツ1クワツ1(1カツ1),
劃,,044,,18,11,13,+52100+,/huo4/hua4,1クワク1(1カク1)1くぎる1わかつ1,
劇,,044,,18,13,15,+22200+,/ju4/ji2/ji4,1ケキ1ギヤク1(1ギャク1)1ゲキ1はげしい1,
劈,,045,,18,13,15,+70227+,/pi1/pi3,1ヘキ1ヒヤク1(1ヒャク1)1さく1つんざく1,
劉,,045,,18,13,15,+72100+,/liu2,1リウ1(1リュウ1)1ル1,
劊,,045,,18,13,15,+82600+,/gui4,1クワイ1(1カイ1)1ケ1,
劌,,045,,18,13,15,+22200+,/gui4,1ケイ1ケ1,
劍,,045,,18,13,15,+82800+,/jian4,1ケン1つるぎ1,
劑(1),,045,,18,14,16,+02200+,/zui1/ji4,1スイ1シ1,
劑(2),,045,,18,14,16,+02200+,/ji4,1セイ1サイ1まぜる1,
劓,,045,,18,14,16,+22400+,/ni4/yi4,1ギ1,
劒,劍,045,045,18,14,16,+87820+,/jian4,1ケン1つるぎ1,
劘,,045,,18,19,21,+02200+,/mo2/mi2,1バ1マ1ビ1ミ1,
力,,045,,19,0,2,+40027+,/li4,1リヨク1(1リョク1)1リキ1ちから1つとめる1,
办,辦,,552,19,2,4,+40330+,/ban4,1ハン1ベン1そなへる1(1そなえる1)1あつかふ1(1あつかう1)1さばく1つとめる1ととのへる1(1ととのえる1),
劝,勸,,049,19,2,4,+14427+,/quan4,1ケン1(1クワン1)1カン1すすめる1,
功,,046,,19,3,5,+14127+,/gong1,1コウ1ク1いさを1(1いさお1),
加,,046,,19,3,5,+46000+,/jia1,1カ1ケ1くはへる1(1くわえる1)1くははる1(1くわわる1),
劣,,046,,19,4,6,+90427+,/lve4,1レツ1レチ1いやしい1おとる1,
动,動,,047,19,4,6,+14727+,/dong3/dong4,1トウ1ツ1ドウ1うごかす1うごく1ややもすれば1,
助,,046,,19,5,7,+74127+,/zhu4,1シヨ1(1ショ1)1ゾ1ジヨ1(1ジョ1)1すけ1たすかる1たすける1,
努,,046,,19,5,7,+47427+,/nu3,1ド1ヌ1つとめる1ゆめ1,
劫,,046,,19,5,7,+44727+,/jie2,1ケフ1(1キョウ1)1コフ1(1コウ1)1ゴフ1(1ゴウ1)1おびやかす1かすめる1,
劬,,046,,19,5,7,+24627+,/qu1/qu2,1ク1グ1つかれる1,
劭,,046,,19,5,7,+14627+,/shao4,1セウ1(1ショウ1)1ゼウ1(1ジョウ1)1つとめる1,
励,勵,,049,19,5,7,+74227+,/li4,1レイ1はげます1はげむ1,
労(1),勞,,048,19,5,7,+32427+,/lao2,1ラウ1(1ロウ1)1つかれる1はたらく1,
労(2),勞,,048,19,5,7,+32427+,/lao4,1ラウ1(1ロウ1)1いたはる1(1いたわる1)1ねぎらふ1(1ねぎらう1),
効,效,046,211,19,6,8,+04427+,/xiao4,1カウ1(1コウ1)1ゲウ1(1ギョウ1)1きく1しるし1かひ1(1かい1)1いたす1ならふ1(1ならう1),
劻,,046,,19,6,8,+74727+,/kuang1,1キヤウ1(1キョウ1)1カウ1(1コウ1),
劵,,046,,19,6,8,+90427+,/quan4,1ケン1,
劼,,046,,19,6,8,+44627+,/qi4,1キツ1キチ1カツ1カチ1つつしむ1つとめる1,
劾,,046,,19,6,8,+04827+,/hai3/he2/he4,1カイ1ガイ1コク1ゴク1あばく1しらべる1,
勁,,046,,19,7,9,+14127+,/jing1,1ケイ1キヤウ1(1キョウ1)1つよい1,
勃,,046,,19,7,9,+44427+,/bo4,1ホツ1ボチ1ボツ1おこる1にはかに1(1にわかに1),
勅,敕,046,212,19,7,9,+54927+,/zhi4,1チヨク1(1チョク1)1チキ1みことのり1,
勇,,047,,19,7,9,+17427+,/yong3,1ヨウ1ユウ1いさむ1いさぎよい1つよい1,
勉,,047,,19,7,9,+24212+,/mian3,1ベン1メン1つとめる1,
勑(1),徠,047,162,19,8,10,+44927+,/lai4,1ライ1,
勑(2),敕,047,212,19,8,10,+44927+,/chi4,1チヨク1(1チョク1)1チキ1みことのり1,
勍,,047,,19,8,10,+04927+,/qing1,1ケイ1キヤウ1(1キョウ1),
勌,倦,049,023,19,8,10,+94727+,/quan4,1ケン1あきる1あぐむ1うむ1つかれる1,
勒,,047,,19,9,11,+44527+,/luo1/luo2/luo4,1ロク1おさへる1(1おさえる1)1をさめる1(1おさめる1)1きざむ1くつわ1ほる1,
動,,047,,19,9,11,+24127+,/dong3/dong4,1トウ1ツ1ドウ1うごかす1うごく1ややもすれば1,
勖,,047,,19,9,11,+64627+,/xu4,1キヨク1(1キョク1)1コク1つとめる1はげます1,
勗,勖,049,047,19,9,11,+60127+,/xu4,1キヨク1(1キョク1)1コク1つとめる1はげます1,
勔,,047,,19,9,11,+14627+,/mian3,1ベン1メン1,
勘,,047,,19,9,11,+44727+,/kan4/kan1,1カン1コン1かんがへる1(1かんがえる1),
務,,047,,19,9,11,+18227+,/wu4,1ブ1ム1あなどり1あなどる1つとめる1,
勝,,047,,19,9,11,+79227+,/sheng4,1シヨウ1(1ショウ1)1かつ1すぐれる1まさる1,
勞(1),,048,,19,9,11,+99427+,/lao2,1ラウ1(1ロウ1)1つかれる1はたらく1,
勞(2),,048,,19,9,11,+99427+,/lao4,1ラウ1(1ロウ1)1いたはる1(1いたわる1)1ねぎらふ1(1ねぎらう1),
勛,勳,049,049,19,10,12,+64827+,/xun1,1クン1いさを1(1いさお1)1いさをし1(1いさおし1),
募,,048,,19,11,13,+44427+,/mu4,1ボ1ム1つのる1,
勢,,048,,19,11,13,+45427+,/shi4,1セイ1いきほひ1(1いきおい1),
勤,,048,,19,11,13,+44127+,/qin2,1キン1ゴン1いそしむ1つとまる1つとめる1,
勣,績,048,414,19,11,13,+54827+,/qi1,1セキ1シヤク1(1シャク1)1いさを1(1いさお1),
勦,,048,,19,11,13,+24927+,/jiao3/chao1,1サウ1(1ソウ1)1セウ1(1ショウ1)1かすめとる1すばやい1たつ1ほろぼす1,
勠,,048,,19,11,13,+14227+,/lu4,1リク1ロク1あはせる1(1あわせる1),
勧,勸,049,,19,11,13,+84227+,/quan4,1ケン1(1クワン1)1カン1すすめる1,
勩,,048,,19,12,14,+44827+,/yi4,1イ1,
勰,,048,,19,13,15,+46430+,/xie2,1ケフ1(1キョウ1)1ゲフ1(1ギョウ1),
勲,勳,049,,19,13,15,+24332+,/xun1,1クン1いさを1(1いさお1)1いさをし1(1いさおし1),
勳,,049,,19,14,16,+24327+,/xun1,1クン1いさを1(1いさお1)1いさをし1(1いさおし1),
勵,,049,,19,15,17,+74227+,/li4,1レイ1はげます1はげむ1,
勷,,049,,19,17,19,+04727+,/rang2,1ジヤウ1(1ジョウ1)1ナウ1(1ノウ1),
勸,,049,,19,18,20,+44227+,/quan4,1ケン1(1クワン1)1カン1すすめる1,
勹,,049,,20,0,2,+27200+,/bao1,1ハウ1(1ホウ1)1ヘウ1(1ヒョウ1)1つつむ1つつみがまへ1(1つつみがまえ1),
勺,,049,,20,1,3,+27320+,/zhuo1/shuo2/shuo4/shao2,1シヤク1(1シャク1)1ジヤク1(1ジャク1),
匀,,049,,20,2,4,+27120+,/yun2,1イン1ととのふ1(1ととのう1)1ととのへる1(1ととのえる1)1ひとしい1,
勾,,049,,20,2,4,+27720+,/gou1,1コウ1ク1とらへる1(1とらえる1)1まがる1,
勿,,049,,20,2,4,+27220+,/wu4,1ブツ1モチ1コツ1なかれ1ない1,
匃,,049,,20,3,5,+27720+,/gai4,1カイ1,
包,,049,,20,3,5,+27712+,/bao1,1ハウ1(1ホウ1)1ヘウ1(1ヒョウ1)1つつむ1,
匆,悤,050,172,20,3,5,+27450+,/cong1,1ソウ1ス1あわてる1いそぐ1,
匈,,050,,20,4,6,+27720+,/xiong1,1キヨク1(1キョク1)1ク1,
匊,掬,050,198,20,6,7,+27920+,/ju2,1キク1コク1すくふ1(1すくう1),
匍,,050,,20,7,9,+27220+,/pu2,1ホ1ブ1はふ1(1はう1)1はらばふ1(1はらばう1),
匏,,050,,20,9,11,+47212+,/pao2,1ハウ1(1ホウ1)1ベウ1(1ビョウ1)1ひさご1ふくべ1,
匐,,050,,20,9,11,+27620+,/fu4,1ホク1ボク1フク1はふ1(1はう1)1はらばふ1(1はらばう1),
匕,,050,,21,0,2,+40710+22710+,/bi3,1ヒ1さじ1,
化,,050,,21,2,4,+24210+22210+,/hua4,1クワ1カ1かへる1(1かえる1)1かはる1(1かわる1)1ばかす1ばける1,
北,,051,,21,3,5,+11110+12110+,/bo4/bei3,1ホク1きた1そむく1にげる1,
匙,,051,,21,9,11,+61801+62801+,/shi2/chi2,1シ1ジ1さじ1,
匚,,051,,22,0,2,+71710+,/fang1,1ハウ1(1ホウ1)1バウ1(1ボウ1)1はこ1はこがまへ1(1はこがまえ1),
匜,,051,,22,3,5,+71711+,/yi2/yi3,1イ1,
匝,,051,,22,3,5,+71712+,/za1/za4,1サウ1(1ソウ1)1めぐる1,
匟,,051,,22,4,6,+71711+,/kang4,1カウ1(1コウ1),
匠,,051,,22,4,6,+71712+,/jiang4,1シヤウ1(1ショウ1)1サウ1(1ソウ1)1たくみ1,
匡,,051,,22,4,6,+71711+,/kuang1,1キヤウ1(1キョウ1)1カウ1(1コウ1)1すくふ1(1すくう1)1ただす1,
匣,,051,,22,5,7,+71715+,/xia2,1カフ1(1コウ1)1ガフ1(1ゴウ1)1こばこ1はこ1,
医,醫,,572,22,5,7,+71713+,/yi1,1イ1いやす1くすし1,
匪,,051,,22,8,10,+71711+,/fei3,1ヒ1ビ1あらず1わるもの1,
匭,,051,,22,9,11,+71711+,/gui3,1キ1,
匯,,051,,22,11,13,+71711+,/hui4,1クワイ1(1カイ1)1ヱ1(1エ1)1ワイ1かはせ1(1かわせ1)1めぐる1あつまる1,
匱,,051,,22,12,14,+71718+,/gui4/kui4,1キ1とぼしい1はこ1ひつ1,
匳,,051,,22,13,15,+71718+,/lin2,1レン1くしげ1こばこ1,
匵,,051,,22,15,17,+71718+,/du2/du4,1トク1ドク1,
匸,,052,,23,0,2,+71710+,/xi3,1ケイ1ガイ1かくし1かくしがまへ1(1かくしがまえ1)1けいがまへ1(1けいがまえ1),
匹,,052,,23,2,4,+71711+,/pi3,1ヒツ1ヒチ1いやしい1たぐふ1(1たぐう1)1ひき1,
区(1),區,,052,23,9,11,+71714+,/qu1,1ク1,
区(2),區,,052,23,9,11,+71714+,/ou1,1オウ1ウ1,
匾,,052,,23,9,11,+71712+,/bian3,1ヘン1,
匿,,052,,23,9,11,+71716+,/ni4,1ヂヨク1(1ジョク1)1ニヨク1(1ニョク1)1トク1かくれる1かくまふ1(1かくまう1),
區(1),,052,,23,9,11,+71716+,/qu1,1ク1,
區(2),,052,,23,9,11,+71716+,/ou1,1オウ1ウ1,
十,,052,,24,0,2,+40000+,/shi2,1シフ1(1シュウ1)1ジフ1(1ジュウ1)1と1とを1(1とお1),
千,,052,,24,1,3,+20400+,/qian1,1セン1ち1,
卄,,052,,24,1,3,+44000+,/ru4/nian4,1ジフ1(1ジュウ1)1ニフ1(1ニュウ1)1ネン1にじふ1(1にじゅう1),
廿,卄,,052,24,1,3,+44770+,/ru4/nian4,1ジフ1(1ジュウ1)1ニフ1(1ニュウ1)1ネン1にじふ1(1にじゅう1),
卅,,052,,24,2,4,+44000+,/sa1/san1,1サフ1ソウ1みそ1,
升,,052,,24,2,4,+24400+,/sheng1,1シヨウ1(1ショウ1)1のぼる1ます1,
午,,052,,24,2,4,+80400+,/wu3,1ゴ1うま1ひる1,
卆(1),卒,,053,24,2,4,+40401+,/zu2/zu4,1ソツ1ソチ1しもべ1,
卆(2),卒,,053,24,2,4,+40401+,/zu2/zu4,1シユツ1(1シュツ1)1シユチ1(1シュチ1)1ソツ1ソチ1をはる1(1おわる1),
卆(3),卒,,053,24,2,4,+40401+,/cu4,1ソツ1ソチ1にはかに1(1にわかに1),
半,,053,,24,3,5,+90500+,/ban4,1ハン1なかば1,
卌,,053,,24,4,6,+44005+,/xi4,1シフ1(1シュウ1)1ジフ1(1ジュウ1),
卉,,053,,24,4,6,+40440+,/hui3/hui4,1キ1くさ1さかん1,
华(1),華,,461,24,4,6,+24401+,/hua2,1クワ1(1カ1)1ゲ1ケ1はな1はなやか1しろい1,
华(2),華,,461,24,4,6,+24401+,/hua4,1クワ1(1カ1)1ゲ1ケ1,
卋,世,053,002,24,4,6,+40775+,/shi4,1セイ1セ1よ1,
卑,,053,,24,6,8,+26400+,/bi1/bei1,1ヒ1いやしい1いやしむ1いやしめる1ひくい1,
卒(1),,053,,24,6,8,+00408+,/zu2/zu4,1ソツ1ソチ1しもべ1,
卒(2),,053,,24,6,8,+00408+,/zu2/zu4,1シユツ1(1シュツ1)1シユチ1(1シュチ1)1ソツ1ソチ1をはる1(1おわる1),
卒(3),,053,,24,6,8,+00408+,/cu4,1ソツ1ソチ1にはかに1(1にわかに1),
卓,,053,,24,6,8,+21406+,/zhuo1,1タク1すぐれる1つくえ1,
協,,053,,24,6,8,+44027+,/xie2,1ケフ1(1キョウ1)1ゲフ1(1ギョウ1)1かなふ1(1かなう1),
单(1),單,,078,24,6,8,+80506+,/dan1,1タン1ダン1ひとへ1(1ひとえ1)1ひとつ1,
单(2),單,,078,24,6,8,+80506+,/chan2,1セン1ゼン1,
单(3),單,,078,24,6,8,+80506+,/shan3,1セン1ゼン1,
卖,賣,,534,24,6,8,+40804+,/mai4,1バイ1メ1うる1うれる1,
南,,053,,24,7,9,+40227+,/nan2,1ダン1ナン1みなみ1,
卑,,053,,24,7,9,+26400+,/bi1/bei1,1ヒ1いやしい1いやしむ1いやしめる1ひくい1,
単(1),單,,078,24,7,9,+32506+,/dan1,1タン1ダン1ひとへ1(1ひとえ1)1ひとつ1,
単(2),單,,078,24,7,9,+32506+,/chan2,1セン1ゼン1,
単(3),單,,078,24,7,9,+32506+,/shan3,1セン1ゼン1,
博,,053,,24,10,12,+43046+,/bo2/bo4,1ハク1ひろい1,
卜,,053,,25,0,2,+23000+,/bu3,1ホク1ボク1うらなひ1(1うらない1)1うらなふ1(1うらなう1),
卞,,054,,25,1,3,+00230+,/bian4,1ヘン1ベン1,
占(1),,054,,25,3,5,+21600+,/zhan1,1セン1うらなひ1(1うらない1)1うらなふ1(1うらなう1),
占(2),,054,,25,3,5,+21600+,/zhan4,1セン1しめる1,
卡,,054,,25,3,5,+21231+,/za2/qia3/ka1/ka3,1ザフ1(1ゾウ1),
卢,盧,,357,25,3,5,+21207+,/lu2,1ロ1くろい1つぼ1めしびつ1ひとみ1あし1,
卣,,054,,25,5,7,+21600+,/yu3/yu2,1イウ1(1ユウ1)1ユ1,
卦,,054,,25,6,8,+43100+,/guai4/gua4,1クワイ1(1カイ1)1ケ1クワ1(1カ1)1うらなひ1(1うらない1)1うらなふ1(1うらなう1),
卩,節,054,391,26,0,2,+77220+,/jie2,1セツ1セチ1しるし1ふしづくり1わりふ1ふし1みさを1(1みさお1)1のつと1(1のっと1),
卫,衞,,498,26,1,3,+17102+,/wei4,1ヱイ1(1エイ1)1ヱ1(1エ1)1まもる1まもり1,
卬,,054,,26,2,4,+77720+,/ang2/ang1,1ギヤウ1(1ギョウ1)1ガウ1(1ゴウ1),
卮,,054,,26,3,5,+72212+,/zhi1,1シ1さかづき1(1さかずき1),
卯,,054,,26,3,5,+77720+,/mao3,1バウ1(1ボウ1)1メウ1(1ミョウ1)1う1,
卭,邛,056,563,26,3,5,+17120+,/qiong2,1キヨウ1(1キョウ1)1グ1,
印,,054,,26,4,6,+77720+,/yin4,1イン1しるし1しるす1,
危,,055,,26,4,6,+27212+,/wei2,1ギ1キ1あぶない1あやふい1(1あやうい1)1あやぶむ1たかい1ただす1,
卲,,055,,26,5,7,+17620+,/shao4,1セウ1(1ショウ1)1ゼウ1(1ジョウ1),
卵,,055,,26,5,7,+77720+,/luo3/luan3,1ラン1たまご1,
却,卻,056,055,26,5,7,+47720+,/que4,1キヤク1(1キャク1)1カク1しりぞける1かへる1(1かえる1)1かへつて1(1かえって1),
即,卽,056,056,26,5,7,+77720+,/ji2,1シヨク1ショク1ソク1すなはち1(1すなわち1)1つく1,
卷(1),,055,,26,6,8,+90712+,/juan4,1ケン1クワン1(1カン1)1まき1,
卷(2),,055,,26,6,8,+90712+,/juan3,1ケン1クワン1(1カン1)1まく1,
卷(3),,055,,26,6,8,+90712+,/quan2,1ケン1ゲン1みめよい1,
卸,,055,,26,6,8,+87120+,/xie4,1シヤ1(1シャ1)1おろす1おろし1,
卹,,055,,26,6,8,+27120+,/xu4,1シユツ1(1シュツ1)1シユチ1(1シュチ1),
卺,,055,,26,6,8,+17712+,/jin3,1キン1コン1,
02863,卻,056,055,26,6,8,+47420+,/que4,1キヤク1(1キャク1)1カク1しりぞける1かへる1(1かえる1)1かへつて1(1かえって1),
卻,,055,,26,7,9,+87620+,/que4,1キヤク1(1キャク1)1カク1しりぞける1かへる1(1かえる1)1かへつて1(1かえって1),
卽,,056,,26,7,9,+27720+,/ji2,1シヨク1ショク1ソク1すなはち1(1すなわち1)1つく1,
卿,,056,,26,9,11,+77720+,/qing1,1ケイ1キヤウ1(1キョウ1)1きみ1くげ1,
厂,,056,,27,0,2,+71200+,/han4,1カン1かり1がけ1がんだれ1,
厄,,056,,27,2,4,+71212+,/e3,1グワ1(1ガ1)1ヤク1くるしむ1わざはひ1(1わざわい1),
厅,廳,,153,27,2,4,+71221+,/ting1,1テイ1チヤウ1(1チョウ1)1へや1つかさ1,
历,歷,,269,27,2,4,+71227+,/li4,1レキ1リヤク1(1リャク1)1へる1,
厉,厲,,057,27,3,5,+71227+,/li4,1レイ1といし1とぐ1ふるふ1(1ふるう1)1わたる1やむ1はげます1,
压,壓,,098,27,4,6,+71213+,/ya1/ya4,1アフ1(1オウ1)1アツ1おさへる1(1おさえる1)1おす1,
厎,,056,,27,5,7,+71242+,/zhi3,1シ1,
厓,,056,,27,6,8,+71214+,/ai2/ya2,1ガイ1ゲ1,
厔,,056,,27,6,8,+71214+,/zhi2,1チツ1チチ1,
厖,,056,,27,7,9,+71212+,/mang2,1バウ1(1ボウ1)1マウ1(1モウ1)1あつい1いりまじる1おほきい1(1おおきい1),
厘(1),,056,,27,7,9,+71214+,/zhan2,1テン1デン1,
厘(2),釐,056,574,27,7,9,+71214+,/li2,1リン1リ1,
厚,,056,,27,7,9,+71247+,/hou4/hou3,1コウ1グ1あつい1,
厙,,056,,27,7,9,+71256+,/she4,1シヤ1(1シャ1),
厝,,057,,27,8,10,+71261+,/cu4,1ソ1,
原,,057,,27,8,10,+71296+,/yuan2,1ゲン1グワン1(1ガン1)1たづねる1(1たずねる1)1はら1もと1,
厠,廁,057,151,27,9,11,+71220+,/ci4,1シ1かはや1(1かわや1)1まじはる1(1まじわる1)1まじへる1(1まじえる1),
厥,,057,,27,10,12,+71282+,/jue2,1ケツ1クワチ1(1カチ1)1ぬかづく1(1ぬかずく1)1まける1その1それ1,
厤,曆,057,228,27,10,12,+71290+,/li4,1レキ1リヤク1(1リャク1)1こよみ1,
厦,廈,057,151,27,10,12,+71247+,/xia4/sha4,1カ1ゲ1いへ1(1いえ1),
厨,廚,057,152,27,10,12,+71240+,/chu2,1チユ1(1チュ1)1ヂユ1(1ジュ1)1チユウ1(1チュウ1)1くりや1ひつ1ぬし1,
厫,廒,057,151,27,11,13,+71248+,/ao2,1ガウ1(1ゴウ1),
厯,歷,057,269,27,11,13,+71239+,/li4,1レキ1リヤク1(1リャク1)1へる1,
03006,廏,057,151,27,11,13,+71214+,/jiu4,1キウ1(1キュウ1)1ク1うまや1,
厪,廑,057,151,27,11,13,+71214+,/jin3/jin4,1キン1ゴン1,
厭(1),,057,,27,12,14,+71234+,/yan4,1エン1,
厭(2),,057,,27,12,14,+71234+,/ye4,1エフ1(1ヨウ1),
厭(3),,057,,27,12,14,+71234+,/ya1,1アフ1(1オウ1),
厮,廝,057,152,27,12,14,+71221+,/si1,1シ1こもの1めしつかひ1(1めしつかい1),
厰,廠,057,152,27,12,14,+71248+,/chang3,1シヤウ1(1ショウ1)1おほや1(1おおや1)1うまや1かりや1しごとば1,
厲,,057,,27,13,15,+71227+,/li4,1レイ1といし1とぐ1ふるふ1(1ふるう1)1わたる1やむ1はげます1,
龎(1),龐,057,655,27,16,18,+71211+,/pang2,1ハウ1(1ホウ1)1バウ1(1ボウ1)1みだれる1,
龎(2),龐,057,655,27,16,18,+71211+,/long2,1ロウ1ル1みちる1おほきい1(1おおきい1),
厴,,057,,27,17,19,+71256+,/yan3,1エン1,
厶,,058,,28,0,2,+20730+,/si1/mou3,1シ1ボウ1ム1ござる1わたくし1,
去,,058,,28,3,5,+40731+,/qu4,1キヨ1(1キョ1)1コ1さる1,
厺,去,058,058,28,3,5,+40732+,/qu4,1キヨ1(1キョ1)1コ1さる1,
县,縣,,413,28,5,7,+77732+,/xian4,1ケン1ゲン1あがた1,
参(1),參,,058,28,6,8,+23202+,/can1,1サン1あづかる1(1あずかる1)1まじへる1(1まじえる1)1まじはる1(1まじわる1)1まゐる1(1まいる1)1たつ1,
参(2),參,,058,28,6,8,+23202+,/shen1,1シン1,
参(3),參,,058,28,6,8,+23202+,/shen1,1シン1,
参(4),參,,058,28,6,8,+23202+,/san1,1サン1み1みつつ1(1みっつ1)1みつ1,
叁,参,,058,28,6,8,+23101+,/san1,1サン1み1みつつ1(1みっつ1)1みつ1,
參(1),,058,,28,9,11,+23202+,/can1,1サン1あづかる1(1あずかる1)1まじへる1(1まじえる1)1まじはる1(1まじわる1)1まゐる1(1まいる1)1たつ1,
參(2),,058,,28,9,11,+23202+,/shen1,1シン1,
參(3),,058,,28,9,11,+23202+,/shen1,1シン1,
參(4),,058,,28,9,11,+23202+,/san1,1サン1み1みつつ1(1みっつ1)1みつ1,
叅(1),參,058,058,28,10,12,+23338+,/can1,1サン1あづかる1(1あずかる1)1まじへる1(1まじえる1)1まじはる1(1まじわる1)1まゐる1(1まいる1)1たつ1,
叅(2),參,058,058,28,10,12,+23338+,/shen1,1シン1,
叅(3),參,058,058,28,10,12,+23338+,/shen1,1シン1,
叅(4),參,058,058,28,10,12,+23338+,/san1,1サン1み1みつつ1(1みっつ1)1みつ1,
又,,058,,29,0,2,+17400+,/you4,1イウ1(1ユウ1)1ウ1,
叉,,058,,29,1,3,+17400+,/cha1/chai1,1サ1セ1サイ1こまぬく1こまねく1さす1また1,
及,,058,,29,2,4,+17247+,/ji2/ji4,1キフ1(1キュウ1)1ギフ1(1ギュウ1)1および1およぶ1およぼす1,
友,,058,,29,2,4,+40047+,/you3,1イウ1(1ユウ1)1ウ1とも1,
反(1),,058,,29,2,4,+71247+72247+,/fan3,1ヘン1ハン1ホン1かへる1そらす1そる1そむく1,
反(2),,058,,29,2,4,+71247+72247+,/fan1,1ハン1ホン1かへす1,
収,收,,210,29,2,4,+27740+,/shou1,1シウ1(1シュウ1)1シユ1(1シュ1)1をさまる1(1おさまる1)1をさめる1(1おさめる1),
双,雙,059,605,29,2,4,+17440+,/shuang1,1サウ1(1ソウ1)1ふた1ふたつ1ならぶ1ならび1たぐひ1(1たぐい1),
奴,,106,,29,3,5,+47440+,/nu2,1ド1ヌ1やつこ1(やっこ1)やつ1め1,
发(1),發,,353,29,3,5,+23447+,/fa1,1ハツ1ホチ1ホツ1はなつ1おこる1おこす1ひらく1あばく1たつ1,
发(2),髮,,353,29,3,5,+23447+,/fa3/fa4,1ハツ1ホチ1かみ1,
圣,聖,,428,29,3,5,+17104+,/sheng4,1セイ1シヤウ1(1ショウ1)1ひじり1,
鸡,雞,,605,29,5,7,+17427+,/ji1,1ケイ1にはとり1(1にわとり1),
叔,,059,,29,6,8,+27940+,/shu2,1シユク1(1シュク1)1わかい1,
取,,059,,29,6,8,+17140+,/qu3,1シユ1(1シュ1),
受,,059,,29,6,8,+20407+,/shou3,1シウ1(1シュウ1)1ジユ1(1ジュ1)1うかる1うける1,
变,變,,525,29,6,8,+00407+,/bian1,1ヘン1かはる1(1かわる1)1かへる1(1かえる1),
叛,,059,,29,7,9,+91547+92547+,/pan4,1ハン1バン1そむく1はなれる1,
叙,敍,059,211,29,7,9,+87940+,/xu4,1ジヨ1(1ジョ1)1ゾ1のべる1はしがき1,
叚(1),假,059,024,29,7,9,+77247+,/jia3,1カ1ケ1かす1かり1,
叚(2),假,059,024,29,7,9,+77247+,/jia4,1カ1ケ1,
叟,,059,,29,8,10,+77407+,/sou3,1ソウ1シユ1(1シュ1)1おきな1としより1,
叠,疊,059,346,29,11,13,+17107+,/die2,1テフ1(1チョウ1)1デフ1(1ジョウ1)1たたむ1たたみ1かさなる1かさねる1,
叡,睿,059,362,29,14,16,+27640+,/rui4,1エイ1さとい1かしこい1,
叢,,059,,29,16,18,+32147+,/cong1/cong2,1ソウ1ス1くさむら1むらがる1,
口,,061,,33,0,3,+60000+,/kou3,1コウ1ク1くち1,
古,,061,,33,2,5,+40600+,/gu3,1コ1いにしへ1(1いにしえ1)1ふるい1ふるす1ふるびる1,
句(1),,061,,33,2,5,+27620+,/ju4,1ク1,
句(2),,061,,33,2,5,+27620+,/gou2,1コウ1ク1,
句(3),,061,,33,2,5,+27620+,/gou4,1コウ1ク1あたる1,
另,,061,,33,2,5,+60427+,/ling4,1レイ1リヤウ1(1リョウ1),
叨,,061,,33,2,5,+67020+,/tao2/dao1,1タウ1(1トウ1)1うける1みだりに1むさぼる1,
叩,,061,,33,2,5,+67020+,/kou3/kou4,1コウ1ク1たたく1はたく1ひかへる1(1ひかえる1),
只(1),,061,,33,2,5,+60800+,/zhi3,1シ1,
只(2),,061,,33,2,5,+60800+,/zhi4/zhi1,1シ1ただ1,
叫,,061,,33,2,5,+64000+,/jiao4,1ケウ1(1キョウ1)1さけぶ1,
召,,061,,33,2,5,+17602+,/zhao4,1セウ1(1ショウ1)1めす1,
叭,,062,,33,2,5,+68000+,/ba1,1ハツ1ハチ1ハ1,
叮,,062,,33,2,5,+61020+,/ding1,1テイ1チヤウ1(1チョウ1)1みんごろ1,
可(1),,062,,33,2,5,+10620+,/ke3,1カ1べし1よい1,
可(2),,062,,33,2,5,+10620+,/ke4,1コク1,
台(1),臺,062,443,33,2,5,+23600+,/tai1/tai2,1タイ1ダイ1うてな1,
台(2),,062,,33,2,5,+23600+,/yi2,1イ1われ1わが1しもべ1よろこぶ1,
叱,,062,,33,2,5,+64010+,/chi4,1シツ1シチ1しかる1,
史,,062,,33,2,5,+50006+,/shi3,1シ1ふみ1,
右,,062,,33,2,5,+40600+,/you4/you3,1イウ1(1ユウ1)1ウ1みぎ1,
叵,,063,,33,2,5,+71716+,/po3,1ハ1,
叶(1),,063,,33,2,5,+64000+,/xie2,1ケフ1(1キョウ1)1ゲフ1(1ギョウ1)1かなふ1(1かなう1),
叶(2),葉,,464,33,2,5,+64000+,/ye4,1エフ1(1ヨウ1)1は1,
叶(3),葉,,464,33,2,5,+64000+,/she4,1セフ1(1ショウ1),
司,,063,,33,2,5,+17620+,/si1/si4,1シ1ス1つかさ1つかさどる1,
号(1),號,063,482,33,2,5,+60207+,/hao2,1カウ1(1コウ1)1ガウ1(1ゴウ1)1さけぶ1,
号(2),號,063,482,33,2,5,+60207+,/hao4,1カウ1(1コウ1)1ガウ1(1ゴウ1)1よびな1,
吁,,063,,33,3,6,+61040+,/xu1,1ク1ああ1なげく1,
吃,,063,,33,3,6,+68017+,/chi1,1キツ1コチ1くふ1(1くう1)1すふ1(1すう1)1どもる1,
各,,063,,33,3,6,+27604+,/ge2/ge3/ge4,1カク1おのおの1,
合(1),,063,,33,3,6,+80601+,/he2/he4,1カフ1(1コウ1)1ガフ1(1ゴウ1)1あふ1(1あう1)1あはす1(1あわす1)1あはせる1(1あわせる1),
合(2),,063,,33,3,6,+80601+,/ge3,1カフ1(1コウ1)1ガフ1(1ゴウ1),
吉,,064,,33,3,6,+40601+,/ji2,1キツ1キチ1よい1よし1,
吊,弔,064,155,33,3,6,+60227+,/diao4,1テウ1(1チョウ1)1とむらふ1(1とむらう1)1つる1つるす1,
吋(1),,064,,33,3,6,+64000+,/dou3,1トウ1ツ1,
吋(2),,064,,33,3,6,+64000+,/cun4,1スン1いんち1,
同,,064,,33,3,6,+77220+,/tong2,1トウ1ドウ1おなじ1ともに1,
名,,064,,33,3,6,+27600+,/ming2,1ベイ1ミヤウ1(1ミョウ1)1メイ1,
后,後,065,161,33,3,6,+72261+,/hou3/hou4,1コウ1グ1うしろ1のち1きみ1きさき1,
吏,,065,,33,3,6,+50006,/li4,1リ1つかさ1,
吐,,065,,33,3,6,+64010+,/tu1/tu3/tu4,1ト1はく1,
向,,065,,33,3,6,+27220+,/xiang4,1キヤウ1(1キョウ1)1カウ1(1コウ1)1むく1むける1むかふ1(1むかう1)1むこう1さきに1,
吒,咤,065,071,33,3,6,+62014+,/cha4,1タ1しかる1したうち1,
吗,嗎,,078,33,3,6,+67027+,/ma1,1バ1マ1,
吕,呂,,068,33,3,6,+60600+,/lv3,1リヨ1(1リョ1)1ロ1,
君,,066,,33,4,7,+17607+,/jun1,1クン1きみ1,
吝,,066,,33,4,7,+00604+,/lin4,1リン1をしむ1(1おしむ1)1やぶさか1しわい1,
呑,,066,,33,4,7,+20603+,/tun1,1トン1ドン1のむ1,
吟,,066,,33,4,7,+68027+,/yin2,1ギン1ゴン1うめく1うたふ1(1うたう1),
吠,,066,,33,4,7,+63034+,/fei4,1ハイ1バイ1ベイ1ほえる1,
否(1),,066,,33,4,7,+10609+,/fou3,1ヒウ1(1ヒュウ)1フ1ヒ1いな1しからず1いなや1しからずんば1,
否(2),,066,,33,4,7,+10609+,/bi3/pi3,1ヒ1ビ1,
吩,,066,,33,4,7,+68027+,/fen1,1フン1,
吪,,066,,33,4,7,+64010+,/e2,1クワ1(1カ1)1グワ1(1ガ1),
含,,066,,33,4,7,+80602+,/han2,1カン1ガン1ふくむ1ふくめる1ふくみ1,
听(1),,067,,33,4,7,+62021+,/yin2/shen3,1ギン1ゴン1わらふ1(1わらう1),
听(2),聽,067,429,33,4,7,+62021+,/ting1/ting3/ting4,1テイ1チヤウ1(1チョウ1)1きく1ゆるす1したがふ1(1したがう1),
吭,,067,,33,4,7,+60017+,/hang1/hang3/hang4,1カウ1(1コウ1)1ガウ1(1ゴウ1)1のど1,
吮,,067,,33,4,7,+63010+,/quan3/shun3/zun3/yan3,1エン1セン1ゼン1すふ1(1すう1)1なめる1,
呈,,067,,33,4,7,+60104+,/cheng2,1テイ1チヤウ1(1チョウ1)1しめす1,
吳,,067,,33,4,7,+26430+,/wu2,1ゴ1くれる1くれ1,
呉,吳,,067,33,4,7,+26801+,/wu2,1ゴ1くれる1くれ1,
吴,吳,084,067,33,4,7,+60430+,/wu2,1ゴ1くれる1くれ1,
吵,,067,,33,4,7,+69020+,/chao1/chao3/zhao3/shao4,1セウ1(1ショウ1),
吶,,067,,33,4,7,+64027+,/nuo4/na4,1ドウ1ナチ1トツ1さけぶ1どもる1,
吸,,067,,33,4,7,+67047+,/xi1,1キフ1(1キュウ1)1ギフ1(1ギュウ1)1すふ1(1すう1),
吹(1),,067,,33,4,7,+67082+,/chui1,1スヰ1(1スイ1)1ふく1,
吹(2),,067,,33,4,7,+67082+,/chui4,1スヰ1(1スイ1)1シ1,
吻,,067,,33,4,7,+67020+,/wen3,1ブン1モン1フン1くちさき1くちびる1,
吼,,067,,33,4,7,+62010+,/hou3/hou4,1コウ1ク1ほえる1,
吽(1),,068,,33,4,7,+65000+,/ou2,1ゴウ1グ1,
吽(2),,068,,33,4,7,+65000+,/yin1,1イン1オン1,
吽(3),,068,,33,4,7,+65000+,/hong1/hong3/hong4,1カウ1(1コウ1)1ウン1,
吾,,068,,33,4,7,+10601+,/wu2,1ゴ1われ1わが1,
吿(1),,068,,33,4,7,+25600+,/gao4,1カウ1(1コウ1),
吿(2),,068,,33,4,7,+25600+,/gu3/gao4,1コク1つげる1,
告(1),吿,068,,33,4,7,+24601+,/gao4,1カウ1(1コウ1),
告(2),吿,068,,33,4,7,+24601+,/gu3/gao4,1コク1つげる1,
呀(1),,068,,33,4,7,+61040+,/xia1,1カ1,
呀(2),,068,,33,4,7,+61040+,/ya1,1ガ1あつ1(1あっ1),
呂,,068,,33,4,7,+60600+,/lv3,1リヨ1(1リョ1)1ロ1,
呃,,068,,33,4,7,+61012+,/e4,1アク1ヤク1,
呆(1),保,068,020,33,4,7,+60904+,/bao3,1ハウ1(1ホウ1)1ホ1たもつ1やすんずる1,
呆(2),,068,,33,4,7,+60904+,/ai2/dai1,1ガイ1あきれる1,
呎,,068,,33,4,7,+67087+,/chi3,1セキ1シヤク1(1シャク1),
吱,,068,,33,4,7,+64047+,/zhi1,1シ1,
呌,叫,068,061,33,4,7,+64000+,/jiao4,1ケウ1(1キョウ1)1さけぶ1,
呢,,068,,33,5,8,+67012+,/ni2,1ナ1ニ1ジ1,
呦,,068,,33,5,8,+64027+,/you1,1イウ1(1ユウ1)1ユ1,
周,,068,,33,5,8,+77220+,/zhou1,1シウ1(1シュウ1)1シユ1(1シュ1)1まはり1(1まわり1)1あまねし1めぐる1,
呪,,069,,33,5,8,+66010+,/zhou1,1シウ1(1シュウ1)1シユ1(1シュ1)1ジユ1(1ジュ1)1のろひ1(1まろい1)1のろふ1(1のろう1)1まじなひ1(1まじない1)1まじなふ1(1まじなう1),
呫,,069,,33,5,8,+61060+,/che4,1テフ1(1チョウ1),
呱,,069,,33,5,8,+62030+,/gu1/wa1/wa4,1コ1なく1,
味,,069,,33,5,8,+65090+,/wei4,1ビ1ミ1あぢ1(1あじ1)1あぢはひ1(1あじわい1)1あぢはふ1(1あじわう1),
呴,,069,,33,5,8,+67020+,/xu4,1ク1,
呵,,069,,33,5,8,+61020+,/he1,1カ1しかる1ふく1わらふ1(1わらう1),
呶,,069,,33,5,8,+67040+,/nao2/na2,1ダウ1(1ドウ1)1ネウ1(1ニョウ1)1ド1かまびすしい1,
呷,,069,,33,5,8,+66050+,/xia2/xia1*,1カフ1(1コウ1)1あふる1(1あおる1)1かまびすしい1すふ1(1すう1),
呻,,069,,33,5,8,+65006+,/shen1,1シン1うなる1うめく1,
呼,,069,,33,5,8,+62049+,/hu1/hu2,1コ1よぶ1,
命,,069,,33,5,8,+80627+,/ming4,1ベイ1ミヤウ1(1ミョウ1)1メイ1いのち1みこと1なづける1おほせ1(1おおせ1),
呿,,069,,33,5,8,+64031+,/qu2/qu4,1カ1ケ1キヨ1(1キョ1)1コ1,
咀,,069,,33,5,8,+67010+,/qu3/qu2,1シヨ1(1ショ1)1ジヨ1(1ジョ1)1ソ1あじはふ1(1あじわう1)1かむ1,
咄(1),,069,,33,5,8,+62072+,/du1,1トツ1トチ1,
咄(2),,069,,33,5,8,+62072+,/duo4,1タツ1ダチ1しかる1はなし1,
咆,,069,,33,5,8,+67012+,/pao2,1ハウ1(1ホウ1)1ベウ1(1ビョウ1)1ほえる1,
咈,,069,,33,5,8,+65027+,/fu4/fo4,1フツ1ボチ1もとる1,
咋(1),,070,,33,5,8,+68011+,/zuo4,1サク1シヤク1(1シャク1),
咋(2),,070,,33,5,8,+68011+,/zha2,1サ1セ1,
和(1),,070,,33,5,8,+26900+,/huo1/huo4/hai1/han4/he2,1クワ1(1カ1)1ワ1やはらぐ1(1やわらぐ1)1やはらげる1(1やわらげる1)1なごむ1なごやか1あへる1(1あえる1),
和(2),,070,,33,5,8,+26900+,/he4,1クワ1(1カ1)1ワ1,
咍,,070,,33,5,8,+63060+,/hai1,1カイ1,
咎(1),,070,,33,5,8,+28604+,/qiu1/qiu4,1キウ1(1キュウ1)1ク1とが1とがめる1,
咎(2),,070,,33,5,8,+28604+,/qiu1/qiu4,1カウ1(1コウ1),
咏,詠,070,516,33,5,8,+63032+,/yong3,1エイ1ヤウ1(1ヨウ1)1よむ1うたふ1(1うたう1)1うた1ながめる1ながめ1,
咖,,070,,33,5,8,+66000+,/qia1/ka1,1カ1,
咐,,070,,33,5,8,+64000+,/fu1/fu4,1ホ1フ1いひつける1(1いいつける1)1ふく1,
咂,,071,,33,5,8,+61012+,/za1,1サフ1(1ソウ1),
呸,,071,,33,5,8,+61019+,/pei1,1ヒ1,
咕,,071,,33,5,8,+64060+,/gu1,1コ1ク1,
吧,罷,,420,33,5,8,+67017+,/ba5,1ハ1,
咢,,071,,33,6,9,+66207+,/e4,1ガク1おどろく1いひあらそふ1(1いいあらそう1),
咤,,071,,33,6,9,+63014+,/cha4,1タ1しかる1したうち1,
咥(1),,071,,33,6,9,+61014+,/xi4,1キ1ケ1わらふ1(1わらう1),
咥(2),,071,,33,6,9,+61014+,/xi4,1キ1ケ1かむ1くはへる1(1くわえる1),
咦,,071,,33,6,9,+65032+,/yi2,1イ1,
咨,,071,,33,6,9,+37608+,/zi1,1シ1ああ1なげく1はかる1,
咪,,071,,33,6,9,+69094+,/mi3,1ビ1ミ1ベイ1マイ1,
咫,,071,,33,6,9,+76808+,/chi3,1シ1,
咬,,071,,33,6,9,+60048+,/qiao3/yao3/ao1,1ダウ1(1ゴウ1)1ゲウ1(1ギョウ1)1カウ1(1コウ1),
咮,,071,,33,6,9,+65090+,/zhou4/zhu4,1テウ1(1チョウ1)1トウ1ツ1,
咯(1),,071,,33,6,9,+67064+,/luo4,1ラク1,
咯(2),,071,,33,6,9,+67064+,/ge1,1カク1はく1,
咱,,071,,33,6,9,+66000+,/zan2/zan3,1サ1シヤ1(1シャ1),
咳(1),,071,,33,6,9,+60082+,/hai1,1カイ1ガイ1わらふ1(1わらう1),
咳(2),,071,,33,6,9,+60082+,/kai1/ke2,1カイ1ガイ1せき1しはぶき1(1しわぶき1),
咷,,071,,33,6,9,+62013+,/tao2,1タウ1(1トウ1)1ダウ1(1ドウ1),
咸(1),,071,,33,6,9,+53200+,/xian2,1カン1ガン1ことごとく1みな1,
咸(2),鹹,071,646,33,6,9,+53200+,/xian2,1カン1ガン1からい1しほからい1(1しおからい1)1しほけ1(1しおけ1),
咺(1),,071,,33,6,9,+61016+,/xuan3,1ケン1クワン1(1カン1),
咺(2),,071,,33,6,9,+61016+,/xuan1,1ケン1クワン1(1カン1),
咻(1),,071,,33,6,9,+64090+,/xiu1,1キウ1(1キュウ1)1ク1,
咻(2),,071,,33,6,9,+64090+,/xu3,1ク1,
咽(1),,072,,33,6,9,+66000+,/yan1,1エン1イン1のど1,
咽(2),,072,,33,6,9,+66000+,/yan4,1エン1イン1のむ1,
咽(3),,072,,33,6,9,+66000+,/ye1,1エツ1エチ1むせぶ1,
咿,,072,,33,6,9,+67057+,/yi1,1イ1,
哀,,072,,33,6,9,+00732+,/ai1,1アイ1あはれ1(1あわれ1)1あはれむ1(1あわれむ1)1あはれみ1(1あわれみ1)1かなしみ1かなしい1,
品,,072,,33,6,9,+60660+,/pin3,1ヒン1ホン1しな1,
哂,,072,,33,6,9,+61060+,/shen3,1シン1わらふ1(1わらう1)1あざわらふ1(1あざわらう1),
哄(1),,072,,33,6,9,+64081+,/hong1/hong3/hong4,1コウ1グ1どよめき1わらふ1(1わらう1),
哄(2),鬨,,632,33,6,9,+64081+,/hong4,1コウ1グ1とき1たたかふ1(1たたかう1),
哆(1),,072,,33,6,9,+67027+,/zha4/duo3/zhi3/cha3,1シ1,
哆(2),,072,,33,6,9,+67027+,/duo3,1タ1,
哇,,072,,33,6,9,+64014+,/wa1,1アイ1ア1ワ1,
哈,,072,,33,6,9,+68061+,/sha1/ha1/ha3,1サフ1(1ソウ1),
哉,,072,,33,6,9,+43650+,/zai1,1サイ1かな1や1か1はじめて1,
咲,笑,072,385,33,6,9,+68034+,/xiao4,1セウ1(1ショウ1)1わらふ1(1わらう1)1わらひ1(1わらい1)1ゑむ1(1えむ1),
响,響,072,613,33,6,9,+67020+,/xiang3,1キヤウ1(1キョウ1)1カウ1(1コウ1)1ひびく1ひびき1,
哗,譁,,523,33,6,9,+64041+,/hua2,1クワ1(1カ1)1ケ1かまびすしい1やかましい1,
虽,雖,,605,33,6,9,+60136+,/sui1/sui2,1スヰ1(1スイ1)1いへども1(1いえども1)1これ1ただ1,
員,,072,,33,7,10,+60806+,/yuan2,1ヱン1(1エン1)1ヰン1(1イン1)1かず1,
哥,,072,,33,7,10,+10621+,/ge1,1カ1うた1うたふ1(1うたう1)1あに1,
哦,,072,,33,7,10,+63050+,/e2,1ガ1よむ1うたふ1(1うたう1)1ぎんずる1,
哨(1),,072,,33,7,10,+69027+,/qiao4/xiao1,1セウ1(1ショウ1),
哨(2),,072,,33,7,10,+69027+,/shao4,1サウ1(1ソウ1)1セウ1(1ショウ1)1みはり1,
哩,,073,,33,7,10,+66014+,/li4/li3,1リ1まいる1,
哪(1),,073,,33,7,10,+67027+,/nuo2,1ダ1ナ1,
哪(2),,073,,33,7,10,+67027+,/na1/na4/na3/nei3,1ダ1ナ1,
哭,,073,,33,7,10,+66430+,/ku1,1コク1なく1,
哮,,073,,33,7,10,+64047+,/xiao1,1カウ1(1コウ1)1ケウ1(1キョウ1)1ほえる1たける1,
哲,,073,,33,7,10,+52602+,/zhe1/zhe2,1テツ1テチ1あきらか1さとい1,
哺,,073,,33,7,10,+63027+,/bu3/bu4/fu3,1ホ1ボ1はぐくむ1ふくむ1,
哼,,073,,33,7,10,+60027+,/heng1,1カウ1(1コウ1),
哽,,073,,33,7,10,+61046+,/geng3,1カウ1(1コウ1)1キヤウ1(1キョウ1)1ふさがる1むせぶ1むせる1,
哿,,073,,33,7,10,+46621+,/ke3,1カ1,
唁,,073,,33,7,10,+60061+,/yan4,1ゲン1,
唄,,073,,33,7,10,+66080+,/bai4,1ハイ1ベ1バイ1うた1,
唆,,073,,33,7,10,+63047+,/suo1,1サ1そそのかす1,
唈,,073,,33,7,10,+66017+,/yi4,1イフ1(1ユウ1)1オフ1アフ1(1オウ1),
唇(1),,073,,33,7,10,+71603+,/zhen1,1シン1ふるへる1(1ふるえる1)1くちびる1,
唇(2),脣,084,073,33,7,10,+71603+,/chun2,1シン1ジン1くちびる1,
唉,,073,,33,7,10,+63034+,/ai1,1アイ1,
唏(1),,073,,33,7,10,+64027+,/xi3,1キ1ケ1なげく1,
唏(2),欷,073,266,33,7,10,+64027+,/xi1,1キ1ケ1すすりなく1,
唐,,073,,33,7,10,+00267+,/tang2,1タウ1(1トウ1)1ダウ1(1ドウ1)1から1もろこし1,
唕,,074,,33,7,10,+66040+,/zao4,1サウ1(1ソウ1)1ザウ1(1ゾウ1),
唘,啓,084,075,33,7,10,+17604+,/qi3,1ケイ1カイ1ひらく1まうす1(1もうす1),
唖(1),啞,,075,33,8,11,+61017+,/e2,1アク1ヤク1,
唖(2),啞,,075,33,8,11,+61017+,/ya3,1ア1エ1おし1,
唖(3),啞,,075,33,8,11,+61017+,/ya1,1ア1エ1,
唪,,074,,33,8,11,+65053+,/feng3/beng3,1ホウ1フ1,
唫(1),,074,,33,8,11,+68019+,/yin2,1キン1ゴン1,
唫(2),,074,,33,8,11,+68019+,/jin3,1キン1ゴン1,
售,,074,,33,8,11,+20601+,/shou4,1シウ1(1シュウ1)1ジユ1(1ジュ1)1うる1,
唯(1),,074,,33,8,11,+60014+,/wei2,1ユヰ1(1ユイ1)1ヰ1(1イ1)1ただ1,
唯(2),,074,,33,8,11,+60014+,/wei3,1ヰ1(1イ1),
唱,,074,,33,8,11,+66060+,/chang4,1シヤウ1(1ショウ1)1となへる1(1となえる1)1うたふ1(1うたう1)1うた1,
唳,,074,,33,8,11,+63034+,/li4,1レイ1ライ1,
唵,,074,,33,8,11,+64016+,/an1/an3/nan3,1アン1オン1,
唼,,074,,33,8,11,+60044+,/za1/sha4,1サフ1(1ソウ1),
唸,,074,,33,8,11,+68032+,/dian4/nian4,1テン1うなり1うなる1,
唾,,074,,33,8,11,+62014+,/tuo4/tu4/tu3,1タ1ツ1ダ1つばき1つば1,
啁,,074,,33,8,11,+67020+,/chao1/zhou1,1タウ1(1トウ1)1テウ1(1チョウ1)1チユ1(1チュ1)1シウ1(1シュウ1)1シユ1(1シュ1),
啄,,074,,33,8,11,+61032+,/zhuo4/zhuo2,1トク1タク1チヨク1(1チョク1)1ついばむ1つつく1,
商,,074,,33,8,11,+00227+,/shang1,1シヤウ1(1ショウ1)1あきなふ1(1あきなう1)1あきなひ1(1あきない1)1あきんど1はかる1,
問,,075,,33,8,11,+77607+,/wen4,1ブン1モン1とふ1(1とう1)1とひ1(1とい1)1とん1おとづれる1(1おとずれる1)1たづねる1(1たずねる1),
啐(1),,075,,33,8,11,+60048+,/cui4,1サイ1セ1なめる1,
啐(2),,075,,33,8,11,+60048+,/chai4,1サイ1セ1なきごゑ1(なきごえ1),
啑(1),,075,,33,8,11,+65081+,/sha4,1サフ1(1ソウ1),
啑(2),,075,,33,8,11,+65081+,/jie4,1セフ1(1ショウ1),
啓,,075,,33,8,11,+38604+,/qi3,1ケイ1カイ1ひらく1まうす1(1もうす1),
啖,,075,,33,8,11,+69089+,/dan4,1タン1ダン1くらふ1(1くらう1)1くふ1(1くう1)1くらはす1(1くらわす1),
啗,,075,,33,8,11,+67077+,/dan4,1タン1ダン1くらふ1(1くらう1)1くふ1(1くう1)1くらはす1(1くらわす1),
啚(1),,075,,33,8,11,+60601+,/bi3,1ヒ1,
啚(2),圖,075,087,33,8,11,+60601+,/tu2,1ト1ヅ1(1ズ1)1ゑ1(1え1)1はかる1,
啜,,075,,33,8,11,+67047+,/chuo4,1セツ1セチ1,
啞(1),,075,,33,8,11,+61017+,/e2,1アク1ヤク1,
啞(2),,075,,33,8,11,+61017+,/ya3,1ア1エ1おし1,
啞(3),,075,,33,8,11,+61017+,/ya1,1ア1エ1,
啕,,075,,33,8,11,+67020+,/tao2,1タウ1(1トウ1)1ダウ1(1ドウ1),
啤,,075,,33,8,11,+66040+,/pi2,1ヒ1,
啣,銜,075,581,33,8,11,+67020+,/xian2,1カン1ガン1くつわ1はみ1ふくむ1はむ1くらひ1(1くらい1)1くはへる1(1くわえる1)1ふくむ1,
啔,啓,084,075,33,8,11,+33605+,/qi3,1ケイ1カイ1ひらく1まうす1(1もうす1),
啻,,075,,33,9,12,+00602+,/chi4/shi4,1シ1ただ1ただに1,
啼,,076,,33,9,12,+60027+,/ti2,1テイ1ダイ1なく1,
啾,,076,,33,9,12,+69080+,/qiu1,1ジウ1(1ジュウ1)1シユ1(1シュ1)1シウ1(1シュウ1)1ジユ1(1ジュ1)1なく1,
喀,,076,,33,9,12,+63064+,/ke4,1カク1キヤク1(1キャク1)1はく1,
喁,,076,,33,9,12,+66027+,/yong2,1ギヨウ1(1ギョウ1)1グ1,
喂,餵,076,622,33,9,12,+66032+,/wei1/wei4,1ヰ1(1イ1),
喃,,076,,33,9,12,+64027+,/nan2/nan1,1ダン1ナン1しやべる1(1しゃべる1)1なう1(1のう1),
善(1),,076,,33,9,12,+80605+,/shan3,1セン1ゼン1よい1,
善(2),,076,,33,9,12,+80605+,/shan4,1セン1ゼン1よみする1,
喇,,076,,33,9,12,+62000+,/la1/la3,1ラツ1ラチ1ラ1,
喈,,076,,33,9,12,+62061+,/jie1,1カイ1,
喉,,076,,33,9,12,+67034+,/hou2,1コウ1ク1のど1,
喊,,076,,33,9,12,+63050+,/han3,1カン1ガン1さけぶ1,
喋(1),,076,,33,9,12,+64094+,/die2/tie4,1テフ1(1チョウ1)1デフ1(1ジョウ1)1しやべる1(1しゃべる1),
喋(2),,076,,33,9,12,+64094+,/jia4,1テフ1(1チョウ1)1デフ1(1ジョウ1),
喎,,076,,33,9,12,+67027+,/gua3/wa1,1クワイ1(カイ1),
喏,,076,,33,9,12,+64064+,/ruo3,1ジヤ1(1ジャ1)1ニヤ1(1ニャ1),
喑(1),,076,,33,9,12,+60061+,/yin1,1イン1オン1だまる1,
喑(2),,076,,33,9,12,+60061+,/yin4,1イン1オン1なく1,
喒,,077,,33,9,12,+61064+,/zan2/zan3/zhe3,1サン1シヤ1(1シャ1),
喔,,077,,33,9,12,+67014+,/wu1/wu4,1アク1オク1,
喘,,077,,33,9,12,+62027+,/chuan3,1セン1ゼン1あへぐ1(1あえぐ1)1あへぎ1(1あえぎ1)1せく1せき1,
喙,,077,,33,9,12,+67032+,/hui4,1カイ1セ1ケイ1ケ1くちばし1くるしむ1ことば1,
喚,,077,,33,9,12,+67034+,/huan4,1クワン1(1カン1)1よぶ1さけぶ1わめく1,
喜(1),,077,,33,9,12,+40601+,/xi3,1キ1よろこぶ1よろこび1,
喜(2),,077,,33,9,12,+40601+,/xi4,1キ1このむ1,
喝,,077,,33,9,12,+66027+,/he1,1カツ1カチ1,
喞,,077,,33,9,12,+67020+,/ji1/ji2,1シツ1シチ1ソク1かこつ1そそぐ1なく1,
喟,,077,,33,9,12,+66027+,/kui4,1キ1ためいき1なげく1,
喤,,077,,33,9,12,+66014+,/huang2/hong2,1クワウ1(1コウ1)1ワウ1(1オウ1),
03975,,077,,33,9,12,+60772+,/nie1,1テフ1(1チョウ1)1ネフ1(1ニョウ1)1ゼフ1(1ジョウ1),
喧,諠,077,520,33,9,12,+63016+,/xuan1,1ケン1クワン1(1カン1)1かまびすしい1やかましい1,
喨,,077,,33,9,12,+60017+,/liang4,1リヤウ1(1リョウ1),
喩(1),,077,,33,9,12,+68021+,/yu4,1ユ1さとす1さとる1たとへる1(1たとえる1)1たとへ1(1たとえ1),
喩(2),,077,,33,9,12,+68021+,/yu2,1ユ1,
喻(1),喩,,077,33,9,12,+68021+,/yu4,1ユ1さとす1さとる1たとへる1(1たとえる1)1たとへ1(1たとえ1),
喻(2),喩,,077,33,9,12,+68021+,/yu2,1ユ1,
喪(1),,077,,33,9,12,+40732+,/sang1,1サウ1(1ソウ1)1も1,
喪(2),,077,,33,9,12,+40732+,/sang1,1サウ1(1ソウ1)1うしなふ1(1うしなう1)1ほろびる1ほろぼす1,
喫,,077,,33,9,12,+67034+,/qi1/chi1,1キク1キヤク1(1キャク1)1キツ1くふ1(1くう1)1くらふ1(1くらう1)1のむ1すふ1(1すう1),
喬,,077,,33,9,12,+20227+,/qiao2,1ケウ1(1キョウ1)1ゲウ1(1ギョウ1)1たかい1たかくする1おごる1,
喭,,077,,33,9,12,+60022+,/an4,1ガン1,
單(1),,078,,33,9,12,+66506+,/dan1,1タン1ダン1ひとへ1(1ひとえ1)1ひとつ1,
單(2),,078,,33,9,12,+66506+,/chan2,1セン1ゼン1,
單(3),,078,,33,9,12,+66506+,/shan3,1セン1ゼン1,
営,營,,318,33,9,12,+32606+,/ying2,1エイ1ヤウ1(1ヨウ1)1いとなむ1,
喆,哲,084,073,33,9,12,+44661+,/zhe1/zhe2,1テツ1テチ1あきらか1さとい1,
03986(1),喪,084,077,33,9,12,+40718+,/sang1,1サウ1(1ソウ1)1も1,
03986(2),喪,084,077,33,9,12,+40718+,/sang1,1サウ1(1ソウ1)1うしなふ1(1うしなう1)1ほろびる1ほろぼす1,
嗃,,078,,33,10,13,+60027+,/he4,1カク1,
嗄,,078,,33,10,13,+61047+,/sha4/sha1/xia4,1サ1セ1かれる1しはがれる1(1しわがれる1),
嗅,,078,,33,10,13,+66034+,/xiu4,1キウ1(1キュウ1)1グ1かぐ1,
嗆,,078,,33,10,13,+68067+,/qiang1,1サウ1(1ソウ1),
嗇,,078,,33,10,13,+40601+,/se4,1シヨク1(1ショク1)1シキ1をしむ1(1おしむ1)1とりいれ1やぶさか1,
嗉,,078,,33,10,13,+65093+,/su4,1ソ1ス1,
嗌,,078,,33,10,13,+68017+,/yi4,1エキ1ヤク1アク1,
嗎,,078,,33,10,13,+61027+,/ma1,1バ1マ1,
嗑,,078,,33,10,13,+64017+,/he2,1カフ1(1コウ1)1ガフ1(1ゴウ1),
嗒,,078,,33,10,13,+64061+,/ta4,1タフ1(1トウ1),
嗓,,078,,33,10,13,+67094+,/sang3,1サウ1(1ソウ1),
嗔,,078,,33,10,13,+61081+62081+,/chen1/tian2,1シン1テン1デン1いかり1いかる1,
嗚,,078,,33,10,13,+67027+,/wu1,1ヲ1(1オ1)1ああ1なげく1,
嗛,,078,,33,10,13,+68037+,/xian2,1カン1ガン1,
嗜,,078,,33,10,13,+64061+,/shi4,1シ1ジ1たしなみ1たしなむ1,
嗟(1),,078,,33,10,13,+68011+,/jia1/jue1,1シヤ1(1シャ1)1サ1,
嗟(2),,078,,33,10,13,+68011+,/jie1/jie4,1サ1,
嗢,,078,,33,10,13,+66017+,/wu4,1ヲツ1(1オツ1)1ヲチ1(1オチ1),
嗣,,078,,33,10,13,+67220+,/si4,1シ1ジ1つぐ1,
嗤,,079,,33,10,13,+62036+,/chi1/chi3,1シ1あざわらふ1(1あざわらう1)1わらふ1(1わらう1),
嗩,,079,,33,10,13,+69086+,/suo3,1サ1,
嗏,,079,,33,10,13,+64094+,/cha1,1サ1シヤ1(1シャ1),
嗁,啼,079,076,33,10,13,+62011+,/ti2,1テイ1ダイ1なく1,
嗥,噑,079,080,33,10,13,+66043+,/hao2,1カウ1(1コウ1),
辔,轡,,552,33,10,13,+22601+,/pei4,1ヒ1ビ1たづな1くつわ1,
嗶,,079,,33,11,14,+66054+,/bi4,1ヒツ1ヒチ1,
嗸,,079,,33,11,14,+48604+,/ao2,1ガウ1(1ゴウ1),
嗽(1),,079,,33,11,14,+67082+,/sou4,1ソウ1ス1せく1せき1すすぐ1くちすすぐ1,
嗽(2),,079,,33,11,14,+67082+,/su1,1ソク1ソウ1すふ1(1すう1),
嗾,,079,,33,11,14,+68034+,/sou2/sou3/sou4,1ソウ1ス1けしかける1そそのかす1,
嘅,,079,,33,11,14,+61014+,/kai3/kai4,1カイ1ガイ1,
嘆,,079,,33,11,14,+64034+,/tan1/tan4,1タン1なげく1なげかわしい1なげき1,
嘈,,079,,33,11,14,+65066+,/cao2,1サウ1(1ソウ1),
嘉,,079,,33,11,14,+40461+,/jia1,1カ1ケ1よい1よみする1,
嘌,,079,,33,11,14,+61091+,/piao1/piao4,1ヘウ1(1ヒョウ1),
嘍,,079,,33,11,14,+65044+,/lou2,1ロウ1,
嘎,,079,,33,11,14,+61053+,/jia1/ga1,1カツ1ケツ1,
嘏,,079,,33,11,14,+47647+,/jia3,1カ1ケ1,
嘐,,079,,33,11,14,+67022+,/xiao1,1カウ1(1コウ1)1ケウ1(1キョウ1),
嘑,,079,,33,11,14,+61049+,/hu1,1コ1,
嘒,,079,,33,11,14,+65074+,/hui4,1ケイ1ケ1,
嘓,,080,,33,11,14,+66000+,/guo1,1カク1,
嘔(1),,080,,33,11,14,+61016+,/ou3,1オウ1ウ1はく1うたふ1(1うたう1)1うた1,
嘔(2),,080,,33,11,14,+61016+,/xu1/xu4,1ク1シユ1(1シュ1),
嘔(3),,080,,33,11,14,+61016+,/ou1,1オウ1ウ1,
嘕,,080,,33,11,14,+61027+,/xuan1,1ケン1,
嘖,,080,,33,11,14,+65086+,/ze4,1サク1シヤク1(1シャク1)1かまびすしい1さけぶ1,
嘗,,080,,33,11,14,+90601+,/chang2,1シヤウ1(1ショウ1)1ジヤウ1(1ジョウ1)1なめる1こころみる1こころみに1かつて1,
嘘,,080,,33,11,14,+61017+,/xu1,1キヨ1(1キョ1)1コ1ふく1はく1うそぶく1うそ1,
嘛,,080,,33,11,14,+60094+,/ma1/ma2,1バ1マ1,
噑,,080,,33,11,14,+66041+,/hao2,1カウ1(1コウ1),
嘩,譁,080,523,33,11,14,+64054+,/hua2,1クワ1(1カ1)1ケ1かまびすしい1やかましい1,
嘬,,080,,33,12,15,+66047+,/chuai4/zuo1,1サイ1セ1,
嘮,,080,,33,12,15,+69027+,/lao2,1ラウ1(1ロウ1),
嘰,,080,,33,12,15,+62053+,/ji1,1キ1,
嘲,,080,,33,12,15,+67020+,/zhao1,1タウ1(1トウ1)1テウ1(1チョウ1)1あざける1からかふ1(1からかう1),
嘴,,080,,33,12,15,+61027+62027+,/zui3,1シ1くちばし1くち1,
嘵,,080,,33,12,15,+64011+,/xiao1,1ケウ1(1キョウ1)1ゲウ1(1ギョウ1),
嘶,,080,,33,12,15,+62021+,/xi1,1セイ1サイ1,
嘹,,080,,33,12,15,+64096+,/liao2/liao4,1リヤウ1(1リョウ1),
嘻,,081,,33,12,15,+64061+,/xi1,1キ1,
嘿,默,081,649,33,12,15,+66031+,/mo4,1ボク1モク1だまる1もだす1,
噀,,081,,33,12,15,+67081+,/sun4,1ソン1,
噂,,081,,33,12,15,+68046+,/zun3,1ソン1うはさ1(1うわさ1),
噉,啖,081,075,33,12,15,+68040+,/dan4,1タン1ダン1くらふ1(1くらう1)1くふ1(1くう1)1くらはす1(1くらわす1),
噍(1),,081,,33,12,15,+60031+,/qiao4,1セウ1(1ショウ1)1ゼウ1(1ジョウ1),
噍(2),,081,,33,12,15,+60031+,/qiao1,1セウ1(1ショウ1)1ゼウ1(1ジョウ1),
噍(3),,081,,33,12,15,+60031+,/qiu2,1セウ1(1ショウ1),
噎,,081,,33,12,15,+64018+,/ye1/yi1,1エツ1エチ1イツ1イチ1ふさがる1むせる1むせぶ1,
嘷,噑,081,080,33,12,15,+66041+,/hao2,1カウ1(1コウ1),
噏,吸,081,067,33,12,15,+68027+,/xi1,1キフ1(1キュウ1)1ギフ1(1ギュウ1)1すふ1(1すう1),
噐,器,081,,33,12,15,+66661+,/qi4,1キ1うつは1(1うつわ1),
噴,,082,,33,12,15,+64086+,/ben4/ben2,1ホン1フン1ふく1はく1,
噙,,082,,33,12,15,+68027+,/qin2,1キン1,
噶,,081,,33,13,16,+64027+,/ke2,1カツ1カチ1,
噢(1),,081,,33,13,16,+67034+,/yu4,1イク1オク1,
噢(2),,081,,33,13,16,+67034+,/yu3,1ウ1,
噣(1),,081,,33,13,16,+66027+,/zhu4,1チウ1(1チュウ1)1チユ1(1チュ1)1トウ1ツ1,
噣(2),,081,,33,13,16,+66027+,/zhuo4,1トク1タク1チヨク1(1チョク1)1ついばむ1,
噤,,081,,33,13,16,+64091+,/jin4/jin3,1キン1ゴン1つぐむ1,
噥,,081,,33,13,16,+65032+,/nong2,1ドウ1ノウ1,
噦(1),,081,,33,13,16,+61053+,/yue1/yue4,1ヱツ1(1エツ1)1ヲチ1(1オチ1)1しやつくり1(1しゃっくり1),
噦(2),,081,,33,13,16,+61053+,/hui4,1クワイ1(1カイ1)1ケ1,
器,,081,,33,13,16,+66663+,/qi4,1キ1うつは1(1うつわ1),
噩,,081,,33,13,16,+10106+,/e4,1ガク1,
噪(1),,082,,33,13,16,+66094+,/sao4,1サウ1(1ソウ1)1さわぐ1さわがしい1,
噪(2),譟,,524,33,13,16,+66094+,/zao4,1サウ1(1ソウ1)1さわぐ1さわがしい1,
噫(1),,082,,33,13,16,+60036+,/yi1/yi4,1イ1ああ1,
噫(2),,082,,33,13,16,+60036+,/kai4/ai4,1アイ1おくび1,
噫(3),,082,,33,13,16,+60036+,/yi4,1オク1ヨク1オキ1,
噬,,082,,33,13,16,+68018+,/shi1/shi4,1セイ1ゼイ1エイ1かむ1くふ1(1くう1),
噭,,082,,33,13,16,+68040+,/qiao4,1ケウ1(1キョウ1),
噱,,082,,33,13,16,+61032+,/que4,1キヤク1(1キャク1)1ガク1,
噲,,082,,33,13,16,+68066+,/kuai4,1クワイ1(1カイ1)1ケ1,
噴,,082,,33,13,16,+64086+,/ben4/ben2,1ホン1フン1ふく1はく1,
噞,,082,,33,13,16,+68086+,/yan3/yan2/yan4,1ゲン1ケン1,
噸,,082,,33,13,16,+61086+,/tun4,1トン1,
噙,,082,,33,13,16,+68027+,/qin2,1キン1,
嚅,,082,,33,14,17,+61027+,/ru2,1ジユ1(1ジュ1)1ニユ1(1ニュ1),
嚀,寧,082,126,33,14,17,+63021+,/ning2,1デイ1ニヤウ1(1ニョウ1)1ネイ1ねんごろ1,
嚄,,082,,33,14,17,+64047+,/huo4,1クワク1(1カク1)1ギヤク1(1ギャク1)1ワク1,
嘯,,082,,33,14,17,+65027+,/xiao4,1セウ1(1ショウ1)1うそぶく1,
嚆,,082,,33,14,17,+64027+,/xiao1,1カウ1(1コウ1)1ケウ1(1キョウ1)1さけぶ1なりひびく1,
嚇,,082,,33,14,17,+64031+,/he4,1カク1キヤク1(1キャク1)1カ1ケ1,
嚎,,082,,33,14,17,+60032+,/hao2,1カウ1(1コウ1)1ガウ1(1ゴウ1),
嚏,,082,,33,15,18,+64081+,/di4/ti4,1テイ1タイ1くさめ1くしやみ1(1くしゃみ1)1はなひる1,
嚕,,083,,33,15,18,+67063+,/lu3/lu1,1ロ1,
嚚,,083,,33,15,18,+66661+,/yin2,1ギン1ゴン1,
嚙,齧,083,655,33,15,18,+61072+,/nie4,1ゲツ1ゲチ1ケツ1かむ1かじる1かける1くひこむ1(1くいこむ1),
嚨,,083,,33,16,19,+61011+,/long2,1ロウ1ル1,
嚥,咽,083,072,33,16,19,+64031+,/yan4,1エン1のむ1のど1,
嚬,,083,,33,16,19,+61086+,/pin2,1ヒン1ビン1しかめる1ひそめる1ひそみ1,
嚪,,083,,33,16,19,+67020+,/dan4,1タン1ダン1,
嚫,,083,,33,16,19,+66010+,/qin4,1シン1,
嚮,,083,,33,16,19,+27227+,/xiang3/xiang4,1キヤウ1(1キョウ1)1カウ1(1コウ1)1さきに1ひびく1むかふ1(1むかう1)1むく1,
嚦,,083,,33,16,19,+61011+,/li4,1レキ1リヤク1(1リャク1),
嚱,,083,,33,17,20,+63050+,/xi1,1キ1,
嚲,,083,,33,17,20,+06456+,/duo3,1タ1,
嚳,,083,,33,17,20,+77604+,/ku4,1コク1,
嚴,,083,,33,17,20,+66248+,/nian2/yan2,1ゲン1ゴン1いかめしい1おごそか1きびしい1,
嚶,,083,,33,17,20,+66044+,/ying1,1アウ1(1オウ1)1ヤウ1(1ヨウ1),
嚷,,083,,33,17,20,+60032+,/rang1/rang3,1ジヤウ1(1ジョウ1),
嚻(1),囂,083,,33,18,21,+66660+,/xiao1,1ケウ1(1キョウ1)1ゲウ1(1ギョウ1)1かまびすしい1やかましい1わづらはしい1(1わずらわしい1),
嚻(2),囂,083,,33,18,21,+66660+,/ao1,1ガウ1(1ゴウ1)1かまびすしい1やかましい1わづらはしい1(1わずらわしい1),
嚼,,083,,33,18,21,+62046+,/jue2/jiao2/jiao4,1シヤク1(1シャク1)1サク1あぢはふ1(1あじわう1)1かむ1,
囀,,083,,33,18,21,+65043+,/zhuan4/zhuan3,1テン1さへづる1(1さえずる1),
囁,嚅,083,082,33,18,21,+61041+,/zhe1/zhe2,1セフ1(1ショウ1)1ゼフ1(1ジョウ1)1ネフ1(1ニョウ1)1ささやく1,
囂(1),,083,,33,18,21,+66668+,/xiao1,1ケウ1(1キョウ1)1ゲウ1(1ギョウ1)1かまびすしい1やかましい1わづらはしい1(1わずらわしい1),
囂(2),,083,,33,18,21,+66668+,/ao1,1ガウ1(1ゴウ1)1かまびすしい1やかましい1わづらはしい1(1わずらわしい1),
囅,,083,,33,19,22,+67532+,/chan3,1テン1,
囈,,083,,33,19,22,+64031+,/yi4,1ゲイ1うはごと1(1うわごと1)1たはごと1(1たわごと1),
囉,,084,,33,19,22,+66014+,/luo1/luo2,1ラ1もらふ1(1もらう1),
囊,,084,,33,19,22,+50732+,/nang2,1ダウ1(1ドウ1)1ナウ1(1ノウ1)1ふくろ1,
囌,,084,,33,20,23,+64094+,/su1,1ソ1,
囏,艱,084,447,33,20,23,+44561+,/jian1,1カン1ケン1かたい1,
囑,,084,,33,21,24,+67027+,/zhu3/shu3,1シヨク1(1ショク1)1ソク1たのむ1,
囓,齧,084,655,33,21,24,+67072+,/nie4,1ゲツ1ゲチ1ケツ1かむ1かじる1かける1くひこむ1(1くいこむ1),
囗(1),圍,084,086,34,0,3,+60000+,/wei2,1ヰ1かこふ1(1かこう1)1かこむ1かこみ1,
囗(2),國,084,086,34,0,3,+60000+,/guo2,1コク1くに1,
囚,,084,,34,2,5,+60800+,/xiu2/jiu2/qiu2,1シウ1(1シュウ1)1ジユ1(1ジュ1),
四,,084,,34,2,5,+60210+,/si4,1シ1よ1よつ1よつつ1(1よっつ1)1よん1よたび1よもに1,
囝,,084,,34,3,6,+60407+,/jian3/jiang3/a1/nan1,1ケン1,
回,,084,,34,3,6,+60600+,/hui2,1クワイ1(1カイ1)1ヱ1(1エ1)1まはる1(1まわる1)1まはす1(1まわす1)1めぐる1めぐらす1かへる1(1かえる1)1かへす1(1かえす1)1たがふ1(1たがう1)1たび1,
囟,,085,,34,3,6,+26000+,/xin4,1シン1,
因,,085,,34,3,6,+60430+,/yin1,1イン1よる1かさねる1よりて1よつて1(1よって1)1ちなむ1ちなみに1,
囡,,085,,34,3,6,+60404+,/nie4,1デフ1ゼウ1(1ジョウ1)1ネフ1(1ニョウ1),
団,團,,087,34,3,6,+60340+,/tuan2,1タン1ダン1トン1ドン1かたまり1まるい1,
团,團,,087,34,3,6,+60240+,/tuan2,1タン1ダン1トン1ドン1かたまり1まるい1,
囤,,085,,34,4,7,+60717+,/dun3/dun4/tun2,1トン1ドン1,
囱(1),,085,,34,4,7,+26000+,/chuang1,1サウ1(1ソウ1),
囱(2),,085,,34,4,7,+26000+,/cong1,1ソウ1,
囫,,085,,34,4,7,+60227+,/hu1,1コツ1コチ1,
囮,,085,,34,4,7,+60211+,/yu2,1グワ1(1ガ1)1クワ1(1カ1)1をとり1(1おとり1),
困,,085,,34,4,7,+60904+,/kun4,1コン1こまる1くるしむ1,
囬(1),面,085,610,34,4,7,+60220+,/mian4,1ベン1メン1おも1おもて1つら1そむく1も1,
囬(2),回,085,084,34,4,7,+60220+,/hui2,1クワイ1(1カイ1)1ヱ1(1エ1)1まはる1(1まわる1)1まはす1(1まわす1)1めぐる1めぐらす1かへる1(1かえる1)1かへす1(1かえす1)1たがふ1(1たがう1)1たび1,
図,圖,,087,34,4,7,+60400+,/tu2,1ト1ヅ1(1ズ1)1ゑ1(1え1)1はかる1,
囲,圍,,086,34,4,7,+60550+,/wei2,1ヰ1かこふ1(1かこう1)1かこむ1かこみ1,
围,圍,,086,34,4,7,+60527+,/wei2,1ヰ1かこふ1(1かこう1)1かこむ1かこみ1,
园,園,,086,34,4,7,+60212+,/yuan2,1ヱン1(1エン1)1ヲン1(1オン1),
囷,,085,,34,5,8,+60904+,/chun2,1キン1ギン1,
囹,,085,,34,5,8,+60307+,/ling2,1レイ1リヤウ1(1リョウ1)1ひとや1,
固,,085,,34,5,8,+60604+,/gu4,1コ1かためる1かたまる1かたい1かたく1もとより1,
囿,,085,,34,5,8,+60227+,/yu4,1イウ1(1ユウ1)1ユ1その1とらはれる1(1とらわれる1),
图,圖,,087,34,5,8,+60303+,/tu2,1ト1ヅ1(1ズ1)1ゑ1(1え1)1はかる1,
国,國,,086,34,5,8,+60103+,/guo2,1コク1くに1,
圃,,086,,34,7,10,+60227+,/bu3/bu4/pu3,1ホ1フ1はた1はたけ1,
圄,,086,,34,7,10,+60601+,/yu3,1ギヨ1(1ギョ1)1ゴ1とらへる1(1とらえる1)1ひとや1,
圅,函,086,039,34,7,10,+17603+,/han2,1カン1ガン1,
圆,圓,,086,34,7,10,+60802+,/yuan2,1ヱン1(1エン1)1まるい1まる1まどか1まつたし1(1まったし1)1つぶら1,
圇,,086,,34,8,11,+60227+,/lun2/lun3,1リン1,
圈(1),,086,,34,8,11,+60712+,/juan3/juan4,1ケン1クワン1(1カン1)1をり1(1おり1),
圈(2),,086,,34,8,11,+60712+,/quan1,1ケン1ゲン1かこひ1(1かこい1),
圉(1),,086,,34,8,11,+60401+,/yu3,1ギヨ1(1ギョ1)1ゴ1うまかひ1(1うまかい1)1かふ1(1かう1)1まきば1ひとや1,
圉(2),,086,,34,8,11,+60401+,/yu4,1ギヨ1(1ギョ1)1ゴ1ふせぐ1,
圊,,086,,34,8,11,+60227+,/qing1,1セイ1シヤウ1(1ショウ1),
國,,086,,34,8,11,+60153+,/guo2,1コク1くに1,
圌,,086,,34,9,12,+60227+,/shui2,1スヰ1(1スイ1)1ズヰ1(1ズイ1),
圍,,086,,34,9,12,+60506+,/wei2,1ヰ1かこふ1(1かこう1)1かこむ1かこみ1,
圏(1),圈,,086,34,9,12,+60717+,/juan3/juan4,1ケン1クワン1(1カン1)1をり1(1おり1),
圏(2),圈,,086,34,9,12,+60717+,/quan1,1ケン1ゲン1かこひ1(1かこい1),
園,,086,,34,10,13,+60232+,/yuan2,1ヱン1(1エン1)1ヲン1(1オン1),
圓,,086,,34,10,13,+60806+,/yuan2,1ヱン1(1エン1)1まるい1まる1まどか1まつたし1(1まったし1)1つぶら1,
圖,,087,,34,11,14,+60600+,/tu2,1ト1ヅ1(1ズ1)1ゑ1(1え1)1はかる1,
團,,087,,34,11,14,+60343+,/tuan2,1タン1ダン1トン1ドン1かたまり1まるい1,
圜(1),,087,,34,13,16,+60732+,/yuan2,1ヱン1(1エン1)1まるい1まる1まどか1まつたし1(1まったし1)1つぶら1,
圜(2),,087,,34,13,16,+60732+,/huan2,1クワン1(1カン1)1ゲン1めぐる1わ1,
圝,,087,,34,19,22,+60993+,/lian2,1ラン1,
圞,圝,087,,34,23,26,+60904+,/lian2,1ラン1,
土(1),,087,,35,0,3,+40100+,/tu3,1ト1ツ1ド1つち1つちあし1,
土(2),,087,,35,0,3,+40100+,/tu3,1ト1ツ1ド1,
圧,壓,,098,35,2,5,+71214+,/ya1/ya4,1アフ1(1オウ1)1アツ1おさへる1(1おさえる1)1おす1,
在,,087,,35,3,6,+40214+,/zai3/zai4,1サイ1ザイ1ある1います1,
圩,,088,,35,3,6,+41140+,/yu2,1ウ1,
圬,,088,,35,3,6,+41127+,/wu1,1ヲ1(1オ1)1ウ1,
圭,,088,,35,3,6,+40104+,/gui1,1ケイ1ケ1かど1かどだつ1たま1,
圯,,088,,35,3,6,+47117+,/yi2,1イ1,
圮,,088,,35,3,6,+47117+,/pi3,1ヒ1ビ1シ1,
地,,088,,35,3,6,+44112+,/di4,1チ1ヂ1(1ジ1)1つち1,
圹,壙,,098,35,3,6,+40100+,/kuang4,1クワウ1(1コウ1)1あな1はかあな1ひろの1むなしい1むなしくする1,
圻,,088,,35,4,7,+42121+,/qi2,1キ1ゲ1きし1さかひ1(1さかい1),
圾,岌,088,135,35,4,7,+47147+,/ji2,1ギフ1(1ギュウ1)1キフ1(1キュウ1)1たかい1,
址,,088,,35,4,7,+41110+,/zhi3,1シ1あと1,
坂,,088,,35,4,7,+41147+42147+,/fan3/ban3,1ハン1ホン1さか1,
均(1),,088,,35,4,7,+47120+,/jun1,1キン1ととのへる1(1ととのえる1)1ならす1ひとしい1,
均(2),韻,088,613,35,4,7,+47120+,/yun2,1ウン1オン1ヰン1(1イン1)1ひびき1おもむき1,
坊(1),,088,,35,4,7,+40127+,/fang1,1ハウ1(1ホウ1)1バウ1(1ボウ1)1まち1へや1いへ1(1いえ1),
坊(2),,088,,35,4,7,+40127+,/fang2,1ハウ1(1ホウ1)1バウ1(1ボウ1)1ふせぐ1,
坋,,088,,35,4,7,+48127+,/fen4,1フン1ブン1,
坌,,088,,35,4,7,+80104+,/fen4,1ホン1ボン1フン1,
坍,,089,,35,4,7,+47140+,/tan1,1タン1,
坎,,089,,35,4,7,+47182+,/kan3,1カン1あな1おとしいれる1きる1ほる1おちいる1,
坏(1),,089,,35,4,7,+41190+,/pei1,1ハイ1ヘ1ベ1,
坏(2),,089,,35,4,7,+41190+,/pei2,1ハイ1ヘ1ベ1,
坏(3),壞,,098,35,4,7,+41190+,/huai4,1クワイ1(1カイ1)1ケ1ヱ1(1エ1)1こはす1(1こわす1)1こはれる1(1こわれる1)1やぶれる1こぼつ1,
坐,,089,,35,4,7,+88104+,/zuo3/zuo4,1サ1ザ1すわる1ゐながら1(1いながら1)11すずろに1そぞろに1おはします1(1おわします1)1おはす1(1おわす1),
坑,,089,,35,4,7,+40117+,/keng1/kang1,1カウ1(1コウ1)1キヤウ1(1キョウ1)1あな1,
块,塊,,094,35,4,7,+45130+,/kuai4/kuai1,1クワイ1(1カイ1)1ケ1かたまり1つちくれ1,
坟(1),墳,089,097,35,4,7,+40140+,/fen2,1フン1ブン1はか1つつみ1,
坟(2),墳,089,097,35,4,7,+40140+,/fen3,1フン1ブン1はか1つつみ1,
坟(3),墳,089,097,35,4,7,+40140+,/ben3,1ホン1ボン1,
04964,坳,089,090,35,4,7,+47120+,/yang1/yang3,1アウ1(1オウ1),
坝,壩,,099,35,4,7,+47182+,/ba4,1ハ1,
坚,堅,,093,35,4,7,+27104+,/jian1,1ケン1かたい1,
坞,塢隖,,095601,35,4,7,+47127+,/wu3/wu4,1ヲ1(1オ1)1ウ1どて1くぼみ1とりで1,
坡,,089,,35,5,8,+44147+,/po1,1ハ1さか1つつみ1ななめ1,
坤,,089,,35,5,8,+45106+,/kun1,1コン1つち1ひつじさる1,
坦,,089,,35,5,8,+46110+,/tan3,1タン1たひら1(1たいら1)1たひらか1(1たいらか1),
坩,,089,,35,5,8,+44170+,/kan1,1カン1つぼ1るつぼ1,
坪,,089,,35,5,8,+41149+,/ping2,1ヘイ1ビヤウ1(1ビョウ1)1つぼ1,
坫,,089,,35,5,8,+41160+,/dian4,1テン1,
坯(1),坏,,089,35,5,8,+41119+,/pei1,1ハイ1ヘ1ベ1,
坯(2),坏,,089,35,5,8,+41119+,/pei2,1ハイ1ヘ1ベ1,
坰,,090,,35,5,8,+47120+,/jiong3,1ケイ1キヤウ1(1キョウ1),
坱,,090,,35,5,8,+45130+,/yang1/yang3,1アウ1(1オウ1),
坳,,090,,35,5,8,+44127+,/yang1/yang3,1アウ1(1オウ1),
坷,,090,,35,5,8,+41120+,/ke3/ke4,1カ1,
坺,,090,,35,5,8,+43147+,/bo2,1ハツ1ボチ1バツ1,
坻(1),,090,,35,5,8,+42140+,/chi2,1チ1ヂ1(1ジ1),
坻(2),,090,,35,5,8,+42140+,/di3,1テイ1タイ1,
坻(3),,090,,35,5,8,+42140+,/zhi3,1シ1,
坿(1),附,090,597,35,5,8,+44100+,/ce4,1タク1チヤク1(1チャク1)1つける1ます1,
坿(2),,090,,35,5,8,+44100+,/fu2,1フ1ブ1,
垂,,090,,35,5,8,+20104+,/chui2,1スヰ1(1スイ1)1ズイ1たれる1たらす1なんなんとする1,
垃,,090,,35,5,8,+40118+,/la1,1ラ1,
坵,丘,099,003,35,5,8,+42111+,/qiu1,1キウ1(1キュウ1)1ク1をか1(1おか1),
垓,,090,,35,6,9,+40182+,/gai1,1カイ1ガイ1さかひ1(1さかい1)1はて1,
垛,,090,,35,6,9,+47194+,/duo3,1タ1ダ1,
垝,,090,,35,6,9,+47112+,/gui3,1キ1,
垠,,090,,35,6,9,+47132+,/yin2,1ギン1ゴン1かぎり1はて1さかひ1(1さかい1),
垢,,090,,35,6,9,+42161+,/gou3,1コウ1ク1あか1けがれ1はぢ1(1はじ1),
垣,,090,,35,6,9,+41116+,/yuan2,1ヱン1(1エン1)1ヲン1(1オン1)1かき1,
垤,,091,,35,6,9,+41114+,/die2/die4,1テツ1デチ1ありづか1つか1,
型,,091,,35,6,9,+12104+,/xing2,1ケイ1ギヤウ1(1ギョウ1)1かた1のり1,
垺(1),,091,,35,7,10,+42147+,/fu1,1フ1,
垺(2),,091,,35,7,10,+42147+,/pou2,1ホウ1フ1,
垻,,091,,35,7,10,+46180+,/bei4/ba4,1ハイ1ハ1,
埂,,091,,35,7,10,+41146+,/geng3,1カウ1(1コウ1),
埃,,091,,35,7,10,+43134+,/ai1,1アイ1ちり1ほこり1,
埄(1),,091,,35,7,10,+47154+,/peng2,1ハウ1(1ホウ1)1バウ1(1ボウ1),
埄(2),,091,,35,7,10,+47154+,/geng3,1カウ1(1コウ1),
埋,,091,,35,7,10,+46114+,/mai2,1バイ1マイ1うめる1うまる1うもれる1うづめる1(1うずめる1)1うづもれる1(1うずもれる1),
城,,091,,35,7,10,+43150+,/cheng2,1セイ1ジヤウ1(1ジョウ1)1しろ1き1きづく1(1きずく1),
埏(1),,091,,35,7,10,+42141+,/yan2,1エン1,
埏(2),,091,,35,7,10,+42141+,/shan1,1セン1,
埔,,091,,35,7,10,+43127+,/bu3,1ホ1フ1ブ1,
埕,,091,,35,7,10,+46114+,/cheng2,1テイ1,
埜,野,091,574,35,8,11,+44104+,/ye3,1ヤ1の1ゐなかや1(1いなかや1)1いやしい1,
型,,091,,35,8,11,+12104+,/xing2,1ケイ1ギヤウ1(1ギョウ1)1かた1のり1,
埝,,091,,35,8,11,+48132+,/dian4,1テン1,
域,,092,,35,8,11,+43150+,/yu4,1ヨク1ヰキ1(1イキ1)1さかひ1(1さかい1)1かぎる1,
埤,,092,,35,8,11,+46140+,/pi2,1ヒ1ビ1,
埠,,092,,35,8,11,+47147+,/bu4,1ホ1ブ1フ1はとば1をか1(1おか1)1つか1,
埧,,092,,35,8,11,+46180+,/ju4,1ク1グ1,
埭,,092,,35,8,11,+45132+,/dai4,1タイ1ダイ1,
埴,,092,,35,8,11,+44116+,/zhi2,1シヨク1(1ショク1)1シキ1はに1,
埶(1),藝,092,476,35,8,11,+45117+,/yi4,1ゲイ1わざ1うゑる1(1うえる1),
埶(2),勢,092,048,35,8,11,+45117+,/shi4,1セイ1いきほひ1(1いきおい1),
執,,092,,35,8,11,+45417+,/zhi2/zhi4,1シフ1(1シュウ1)1シツ1シユ1(1シュ1)1とる1とらへる1(1とらえる1)1とらはれる1(1とらわれる1),
埸,,092,,35,8,11,+46127+,/yi4,1エキ1ヤク1,
培(1),,092,,35,8,11,+40161+,/pei2,1ハイ1バイ1つちかふ1(1つちかう1)1のる1のせる1,
培(2),,092,,35,8,11,+40161+,/pou3,1ホウ1ブ1,
基,,092,,35,8,11,+44104+,/ji1,1キ1もと1もとゐ1(1もとい1)1もとづく1,
埽,掃,092,196,35,8,11,+47127+,/sao3,1サウ1(1ソウ1)1はく1はらふ1(1はらう1),
堀,,092,,35,8,11,+47172+,/ku1,1コツ1ゴチ1ほり1ほる1あな1,
堂,,092,,35,8,11,+90104+,/tang2,1タウ1(1トウ1)1ダウ1(1ドウ1)1ざしき1たかどの1,
堅,,093,,35,8,11,+77104+,/jian1,1ケン1かたい1,
堆,,093,,35,8,11,+40114+,/dui1,1タイ1テ1ツヰ1(1ツイ1)1つむ1うづたかい1(1うずたかい1),
堊,,093,,35,8,11,+10104+,/e4,1アク1ア1つち1ぬる1,
堍,,093,,35,8,11,+47113+,/tu4,1ト1,
堑,塹,,095,35,8,11,+42104+,/qian4,1セン1ザン1ほる1ほり1あな1,
堃,坤,093,089,35,8,11,+00104+,/kun1,1コン1つち1ひつじさる1,
堇,墐,099,096,35,8,11,+44104+,/jin4/jin3,1キン1ギン1,
堙,,093,,35,9,12,+41114+,/yin1,1イン1ふさぐ1うめる1,
堝,坩,093,089,35,9,12,+47127+,/guo1,1クワ1(1カ1)1るつぼ1,
堞,,093,,35,9,12,+44194+,/die2,1テフ1(1チョウ1)1デフ1(1ジョウ1),
堠,,093,,35,9,12,+47134+,/hou4,1コウ1グ1,
堡,,093,,35,9,12,+26104+,/bao3/pu4,1ハウ1(1ホウ1)1ホ1とりで1,
堤,隄,093,600,35,9,12,+46181+,/di1,1テイ1タイ1つつみ1,
堧,,093,,35,9,12,+41134+,/ruan2/ruan3/ruan4,1セン1ネン1ダン1ナン1,
堪,,093,,35,9,12,+44111+,/kan1,1カン1コン1タン1たへる1(1たえる1)1こらへる1(1こらえる1)1こたへる1(1こたえる1),
堯,,093,,35,9,12,+40211+,/yao2,1ゲウ1(1ギョウ1)1たかい1,
堰,,093,,35,9,12,+41114+,/yan4,1エン1せき1,
報,,093,,35,9,12,+47447+,/bao4,1ハウ1(1ホウ1)1むくいる1むくい1しらせ1しらせる1,
場,,094,,35,9,12,+46127+,/chang2,1チヤウ1(1チョウ1)1ヂヤウ1(1ジョウ1)1ば1,
堵,,094,,35,9,12,+44160+,/du3,1ト1ツ1,
堦,階,094,601,35,9,12,+42161+,/jie1,1カイ1きざはし1はし1はしご1のぼる1しな1,
塁(1),壘,,098,35,9,12,+60104+,/lei3,1ルヰ1(1ルイ1)1とりで1,
塁(2),壘,,098,35,9,12,+60104+,/lv4,1リツ1リチ1,
塊,,094,,35,10,13,+46113+,/kuai4/kuai1,1クワイ1(1カイ1)1ケ1かたまり1つちくれ1,
塋,,094,,35,10,13,+99104+,/ying2,1エイ1ヤウ1(1ヨウ1),
塌,,094,,35,10,13,+46127+,/ta1,1タフ1(1トウ1),
塍,,094,,35,10,13,+79214+,/cheng2,1シヨウ1(1ショウ1)1ジヨウ1(1ジョウ1),
塏,,094,,35,10,13,+42118+,/kai3,1カイ1ガイ1,
塑,,094,,35,10,13,+87104+,/su4,1ソ1,
塒,,094,,35,10,13,+44141+,/shi2,1シ1ジ1ねぐら1,
塔,,094,,35,10,13,+44161+,/ta3,1タフ1(1トウ1),
塗(1),,094,,35,10,13,+38104+,/tu2,1ト1ヅ1(1ズ1)1どろ1みち1,
塗(2),,094,,35,10,13,+38104+,/cha2,1タ1ツ1ぬる1まみれる1,
塘,,094,,35,10,13,+40167+,/tang2,1タウ1(1トウ1)1ダウ1(1ドウ1)1つつみ1,
塚,,095,,35,10,13,+47132+,/zhong3,1チヨウ1(1チョウ1)1つか1,
塜,塚,095,,35,10,13,+47132+,/zhong3,1チヨウ1(1チョウ1)1つか1,
塞(1),,095,,35,10,13,+30104+,/se4,1ソク1ふさぐ1ふさがる1,
塞(2),,095,,35,10,13,+30104+,/sai4/sai1,1サイ1とりで1,
塡,,095,,35,10,13,+42181+,/tian2,1テン1デン1うづめる1(1うずめる1)1うづまる1(1うずまる1)1みちる1みたす1はめる1ふさぐ1ふさがる1,
填,塡,095,,35,10,13,+41181+,/tian2,1テン1デン1うづめる1(1うずめる1)1うづまる1(1うずまる1)1みちる1みたす1はめる1ふさぐ1ふさがる1,
塢,,095,,35,10,13,+47127+,/wu3/wu4,1ヲ1(1オ1)1ウ1どて1くぼみ1とりで1,
塟,葬,095,465,35,10,13,+44104+,/zang4,1サウ1(1ソウ1)1はうむる1(1ほうむる1),
墓,,096,,35,10,13,+44104+,/mu4,1ボ1ム1はか1,
塤,壎,099,098,35,10,13,+46186+,/xun1/xuan1,1タン1ケン1クワン1(1カン1)1つちぶえ1,
塟,葬,099,465,35,10,13,+44104+,/zang4,1サウ1(1ソウ1)1はうむる1(1ほうむる1),
塵,,095,,35,11,14,+00214+00104+,/chen2,1チン1ヂン1(1ジン1)1ちり1,
塹,,095,,35,11,14,+52104+,/qian4,1セン1ザン1ほる1ほり1あな1,
塾,,095,,35,11,14,+05104+,/shu2,1シユク1(1シュク1)1ジユク1(1ジュク1),
塿,,095,,35,11,14,+45144+,/lou3/lou2,1ロウ1おか1つか1,
墀,,095,,35,11,14,+47151+,/chi2,1チ1ヂ1(1ジ1),
墁,,095,,35,11,14,+46147+,/man4,1バン1マン1,
境,,095,,35,11,14,+40116+,/jing3/jing4,1ケイ1キヤウ1(1キョウ1)1さかひ1(1さかい1),
墅,,096,,35,11,14,+67104+,/shu3/shu4,1シヨ1(1ショ1)1ジヨ1(1ジョ1),
墉,,096,,35,11,14,+40127+,/yong1,1ヨウ1,
墊,,096,,35,11,14,+45104+,/dian4/tian4,1テン1,
墍,,096,,35,11,14,+21104+,/xi4/ji4,1キ1ギ1,
墐,,096,,35,11,14,+44114+,/jin4/jin3,1キン1ギン1,
墓,,096,,35,11,14,+44104+,/mu4,1ボ1ム1はか1,
塲,場,096,094,35,11,14,+48127+,/chang2,1チヤウ1(1チョウ1)1ヂヤウ1(1ジョウ1)1ば1,
増,增,,096,35,11,14,+48166+,/zeng1,1ソウ1ゾウ1ふえる1ふやす1ます1,
墨,,096,,35,11,14,+60104+,/mo4,1ボク1モク1すみ1くらい1,
墙,牆,,322,35,11,14,+44161+,/qiang2,1シヤウ1(1ショウ1)1ザウ1(1ゾウ1)1かき1へい1かこひ1(1かこい1),
塼,甎,099,340,35,11,14,+45143+,/zhuan1,1セン1かはら1(1かわら1)1しきがはら1(1しきがわら1),
墜,,096,,35,12,15,+78104+,/zhui4,1ツヰ1(1ツイ1)1ヅヰ1(1ヅイ1)1おちる1,
增,,096,,35,12,15,+48166+,/zeng1,1ソウ1ゾウ1ふえる1ふやす1ます1,
墟,,096,,35,12,15,+41117+,/qu1/xu1,1キヨ1(1キョ1)1コ1あと1をか1(1おか1),
墠,,096,,35,12,15,+46156+,/shan3/shan4,1セン1ゼン1,
墡,,096,,35,12,15,+48161+,/shan3/shan4,1セン1ゼン1,
墦,,096,,35,12,15,+42169+,/fan2,1ハン1ホン1,
墨,,096,,35,12,15,+60104+,/mo4,1ボク1モク1すみ1くらい1,
墩,,097,,35,12,15,+48140+,/dun1,1トン1,
墮(1),,097,,35,12,15,+74104+,/hui1,1キ1こぼつ1,
墮(2),,097,,35,12,15,+74104+,/duo3/duo4,1タ1ダ1おちる1おとす1,
墳(1),,097,,35,12,15,+44186+,/fen2,1フン1ブン1はか1つつみ1,
墳(2),,097,,35,12,15,+44186+,/fen3,1フン1ブン1はか1つつみ1,
墳(3),,097,,35,12,15,+44186+,/ben3,1ホン1ボン1,
墝,磽,097,369,35,12,15,+44111+,/qiao1,1カウ1(1コウ1)1ケウ1(1キョウ1)1やせち1,
墼,,097,,35,13,16,+57104+,/zhi1,1ケキ1キヤク1(1キャク1),
墾,,097,,35,13,16,+27104+,/ken3,1コン1ひらく1たがやす1,
壁,,097,,35,13,16,+70104+,/bi3/bi4,1ヘキ1ヒヤク1(1ヒャク1)1かべ1とりで1がけ1,
壅,,097,,35,13,16,+00104+,/yong1/yong3,1ヨウ1ユ1ふさぐ1ふさがる1かこふ1(1かこう1),
壇,,097,,35,13,16,+40116+,/tan2,1タン1ダン1,
壈,,097,,35,13,16,+40194+,/lan3,1ラン1,
壄,野,097,574,35,13,16,+44104+,/ye3,1ヤ1の1ゐなかや1(1いなかや1)1いやしい1,
墻,牆,098,322,35,13,16,+44161+,/qiang2,1シヤウ1(1ショウ1)1ザウ1(1ゾウ1)1かき1へい1かこひ1(1かこい1),
壊,壞,,098,35,13,16,+44132+,/huai4,1クワイ1(1カイ1)1ケ1ヱ1(1エ1)1こはす1(1こわす1)1こはれる1(1こわれる1)1やぶれる1こぼつ1,
壌,壤,,098,35,13,16,+40132+,/rang3/rang2,1ジヤウ1(1ジョウ1)1ニヤウ1(1ニョウ1)1つち1,
壎,,098,,35,14,17,+42131+,/xun1/xuan1,1タン1ケン1クワン1(1カン1)1つちぶえ1,
壑,,098,,35,14,17,+27104+,/huo4,1カク1ガク1たに1あな1,
壓,,098,,35,14,17,+71214+,/ya1/ya4,1アフ1(1オウ1)1アツ1おさへる1(1おさえる1)1おす1,
壔,,098,,35,14,17,+44141+,/dao3,1タウ1(1トウ1),
壕,,098,,35,14,17,+40132+,/hao2,1カウ1(1コウ1)1ガウ1(1ゴウ1)1ほり1,
壖,,098,,35,14,17,+41127+,/ruan2/ruan3/ruan4,1ゼン1ネン1,
壘(1),,098,,35,15,18,+60104+,/lei3,1ルヰ1(1ルイ1)1とりで1,
壘(2),,098,,35,15,18,+60104+,/lv4,1リツ1リチ1,
壙,,098,,35,15,18,+40186+,/kuang4,1クワウ1(1コウ1)1あな1はかあな1ひろの1むなしい1むなしくする1,
壜,,098,,35,15,18,+46131+,/tan2,1タン1ドン1びん1かめ1,
壞,,098,,35,15,18,+40132+,/huai4,1クワイ1(1カイ1)1ケ1ヱ1(1エ1)1こはす1(1こわす1)1こはれる1(1こわれる1)1やぶれる1こぼつ1,
壟,,098,,35,15,18,+01104+,/long3,1ロウ1ル1うね1をか1(1おか1)1つか1,
壤,,098,,35,17,20,+40132+,/rang3/rang2,1ジヤウ1(1ジョウ1)1ニヤウ1(1ニョウ1)1つち1,
壩,,099,,35,21,24,+41127+,/ba4,1ハ1,
士,,099,,36,0,3,+40100+,/shi3/shi4,1シ1ジ1をとこ1(1おとこ1)1さむらひ1(1さむらい1),
壬,,099,,36,1,4,+20104+,/ren2,1ジン1ニン1みづのえ1(1みずのえ1)1ふとい1,
壮,壯,,099,36,3,6,+34110+,/zhuang4,1サウ1ソウ1シヤウ1(1ショウ1)1さかん1,
壯,,099,,36,4,7,+24210+,/zhuang4,1サウ1ソウ1シヤウ1(1ショウ1)1さかん1,
声,聲,099,429,36,4,7,+40277+,/sheng1,1セイ1シヤウ1(1ショウ1)1こゑ1(1こえ1)1こわ1おと1,
壳,殼,099,272,36,4,7,+40217+,/que4/ke2/jiao4,1カク1から1,
壱,壹,099,,36,4,7,+40711+,/yi1/yi4,1イツ1イチ1ひとつ1ひとたび1ひとへに1(1ひとえに1),
売,賣,,534,36,4,7,+40212+,/mai4,1バイ1メ1うる1うれる1,
壷,壺,099,,36,8,11,+40107+,/hu2,1コ1つぼ1,
壸,壼,,100,36,8,11,+40102+,/kun3,1コン1おく1しきみ1,
壹,,099,,36,9,12,+40108+,/yi1/yi4,1イツ1イチ1ひとつ1ひとたび1ひとへに1(1ひとえに1),
壺,,099,,36,9,12,+40106+,/hu2,1コ1つぼ1,
壻,,099,,36,9,12,+47127+,/xi4/xu4,1セイ1サイ1むこ1,
壼,,100,,36,10,13,+40107+,/kun3,1コン1おく1しきみ1,
壽,,100,,36,11,14,+40641+,/shou4/shou3,1シウ1(1シュウ1)1ジユ1(1ジュ1)1ことぶき1いのちながし1とし1ことほぐ1,
夀,壽,100,100,36,11,14,+50641+,/shou4/shou3,1シウ1(1シュウ1)1ジユ1(1ジュ1)1ことぶき1いのちながし1とし1ことほぐ1,
夂,,100,,37,0,3,+27400+,/zhi3/zhi4,1チ1ちねう1(1ちにょう1),
処(1),處,,481,37,2,5,+27401+,/chu3,1シヨ1(1ショ1)1ソ1をる1(1おる1)1おく1,
処(2),處,,481,37,2,5,+27401+,/chu4,1シヨ1(1ショ1)1ソ1ところ1,
处(1),處,,481,37,2,5,+23400+,/chu3,1シヨ1(1ショ1)1ソ1をる1(1おる1)1おく1,
处(2),處,,481,37,2,5,+23400+,/chu4,1シヨ1(1ショ1)1ソ1ところ1,
夊,,100,,38,0,3,+27400+,/sui1,1スヰ1(1スイ1)1おくれる1おそい1,
复(1),復,100,162,38,6,9,+80247+,/fu4,1フク1ブク1かへる1(1かえる1)1かへす1(1かえす1)1また1ふたたび1,
复(2),複,100,503,38,6,9,+80247+,/fu4,1フク1かさなる1かさねる1,
変,變,,525,38,6,9,+00247+,/bian1,1ヘン1かはる1(1かわる1)1かへる1(1かえる1),
夏(1),,100,,38,7,10,+10247+,/xia4,1カ1ゲ1なつ1,
夏(2),,100,,38,7,10,+10247+,/xia3,1カ1,
夐(1),13355,,213,38,11,14,+27407+,/xuan4,1ケン1,
夐(2),13355,,213,38,11,14,+27407+,/xiong4,1ケイ1キヤウ1(1キョウ1)1とほい1(1とおい1)1はるか1,
虁,,100,,38,18,21,+44247+,/kui2,1キ1ギ1,
夕,,101,,39,0,3,+27200+,/xi4/xi1,1セキ1ジヤク1(1ジャク1)1ゆふ1(1ゆう1)1ゆふべ1(1ゆうべ1),
外,,101,,39,2,5,+23200+,/wai4,1グワイ1(1ガイ1)1ゲ1そと1ほか1はづす1(1はずす1)1はづれる1(1はずれる1)1と1,
夙,,101,,39,3,6,+77210+,/su4,1シユク1(1シュク1)1つとに1はやい1,
多,,101,,39,3,6,+27207+,/duo1,1タ1おほい1(1おおい1)1ただ1まさに1,
夜,,101,,39,5,8,+00247+,/ye4,1ヤ1よ1よる1よは1(1よわ1),
够,,101,,39,8,11,+27627+,/gou4,1コウ1,
夠,够,101,,39,8,11,+27220+,/gou4,1コウ1,
夢,,101,,39,11,14,+44207+,/meng4/meng1,1ボウ1ム1ゆめ1ゆめみる1くらい1,
夣,夢,101,101,39,11,14,+00207+,/meng4/meng1,1ボウ1ム1ゆめ1ゆめみる1くらい1,
夤,,101,,39,11,14,+27806+,/yin2/yi2,1イン1イ1,
夥,,101,,39,11,14,+67927+,/huo3,1クワ1(1カ1)1ワ1おびただしい1おほい1(1おおい1),
大(1),,102,,40,0,3,+40030+40800+,/dai4/da4,1タイ1ダイ1タ1ダ1おほ1おお1おほきい1おおきい1おほいに1おおいに1はなはだ1,
大(2),,102,,40,0,3,+40030+40800+,/tai4,1タイ1ダイ1はなはだ1,
天,,102,,40,1,4,+10430+,/tian1,1テン1あま1あめ1,
太,,102,,40,1,4,+40030+,/tai4,1タイ1タ1ふとい1ふとる1はなはだ1,
夫(1),,102,,40,1,4,+50030+,/fu1,1フ1をつと1(1おっと1)1をとこ1(1おとこ1),
夫(2),,102,,40,1,4,+50030+,/fu2,1フ1それ1かの1か1かな1,
夬,,102,,40,1,4,+50037+,/guai4,1クワイ1(1カイ1)1ケ1わける1ゆがけ1きめる1,
夭(1),,102,,40,1,4,+20430+,/yao1,1エウ1(1ヨウ1)1わかい1うつくしい1わかわかしい1,
夭(2),,102,,40,1,4,+20430+,/yao3,1エウ1(1ヨウ1)1わかじに1わざはひ1(1わざわい1),
央,,102,,40,2,5,+50030+,/yang1,1ヤウ1(1ヨウ1)1アウ1(1オウ1)1なかば1つきる1やむ1,
夲(1),,103,,40,2,5,+40403+,/dao1,1タウ1(1トウ1)1すすむ1,
夲(2),本,103,233,40,2,5,+40403+,/ben3,1ホン1もと1はじめ1,
夯,,103,,40,2,5,+40427+,/hang1,1カウ1(1コウ1),
失,,103,,40,2,5,+25030+,/shi1,1シツ1シチ1うしなふ1(1うしなう1)1うせる1あやまち1,
夷,,103,,40,3,6,+50032+,/yi2,1イ1えびす1ひくい1たひらか1(1たいらか1)1たひらげる1(1たいらげる1)1つねに1えみし1おごる1ころす1,
夸,誇,103,517,40,3,6,+40207+,/kua1,1クワ1(1カ1)1ケ1コ1おほきい1(1おおきい1)1おごる1ほこる1,
夺,奪,,105,40,3,6,+40348+,/duo2,1タツ1ダチ1ダツ1とる1うばふ1(1うばう1),
夹,夾,105,103,40,3,6,+50030+,/jia1/jia2/jia4,1カフ1(1コウ1)1ケフ1(1キョウ1)1はさむ1わきばさむ1あはせ1(1あわせ1)1まじる1,
夾,,103,,40,4,7,+40038+,/jia1/jia2/jia4,1カフ1(1コウ1)1ケフ1(1キョウ1)1はさむ1わきばさむ1あはせ1(1あわせ1)1まじる1,
奄,,103,,40,5,8,+40716+,/yan3,1エン1おほふ1(1おおう1)1ふさぐ1ふさがる1たちまち1,
奇(1),,103,,40,5,8,+40621+,/qi2,1キ1ギ1くし1めづらしい1(1めずらしい1)1あやしい1,
奇(2),,103,,40,5,8,+40621+,/ji1,1キ1ギ1,
奈,,103,,40,5,8,+40901+,/nai4,1ダイ1ナイ1ナ1からなし1いかん1,
奉(1),,103,,40,5,8,+50503+,/feng3,1ホウ1ブ1たてまつる1うける1うけたまはる1(1うけたまわる1),
奉(2),俸,103,021,40,5,8,+50503+,/feng4,1ホウ1ブ1ふち1,
奎,,104,,40,6,9,+40104+,/kui2,1ケイ1また1とかきぼし1,
奏,,104,,40,6,9,+50430+,/zou4,1ソウ1かなでる1すすめる1もうす1,
奐,,104,,40,6,9,+27430+,/huan4,1クワン1(1カン1)1あきらか1さかん1かへる1(1かえる1),
契(1),,104,,40,6,9,+57432+,/qi4,1ケイ1カイ1ちぎる1ちぎり1わりふ1あふ1(1あう1),
契(2),,104,,40,6,9,+57432+,/xie4,1セツ1セチ1,
契(3),,104,,40,6,9,+57432+,/qie4,1ケツ1ケチ1きざむ1,
契(4),,104,,40,6,9,+57432+,/qi1,1キツ1,
奔,,104,,40,6,9,+40444+,/ben1/ben4,1ホン1はしる1にげる1,
奕,,104,,40,6,9,+00430+00804+,/yi4,1エキ1ヤク1かさなる1うれへる1(1うれえる1)1ばくち1,
奖,奬,,105,40,6,9,+37804+,/jiang3,1シヤウ1(1ショウ1)1サウ1(1ソウ1)1すすめる1たすける1,
套,,104,,40,7,10,+40731+,/tao4,1タウ1(1トウ1)1かさねる1つつむ1つつみ1かさね1くま1,
奘,,105,,40,7,10,+24430+,/zang3,1サウ1(1ソウ1)1ザウ1(1ゾウ1)1ジヤウ1(1ジョウ1)1さかん1,
奚,,105,,40,7,10,+20430+,/qi1/xi1,1ケイ1ゲイ1しもべ1なに1なんぞ1,
奠,,105,,40,9,12,+80430+,/dian4,1テン1デン1まつる1そなへ1(1そなえ1)1そなへる1(1そなえる1)1おく1さだめる1,
奡,,105,,40,9,12,+10223+,/ao4/ao1,1ガウ1(1ゴウ1),
奢,,105,,40,9,12,+40604+,/she1,1ジヤ1(1ジャ1)1シヤ1(1シャ1)1おごる1おごり1,
奥,奧,,105,40,10,13,+27430+,/ao4,1アウ1(1オウ1)1オク1くま1,
奧,,105,,40,10,13,+27430+,/ao4,1アウ1(1オウ1)1オク1くま1,
奨,奬,,105,40,10,13,+32430+,/jiang3,1シヤウ1(1ショウ1)1サウ1(1ソウ1)1すすめる1たすける1,
奪,,105,,40,11,14,+40341+,/duo2,1タツ1ダチ1ダツ1とる1うばふ1(1うばう1),
奬,,105,,40,11,14,+27430+,/jiang3,1シヤウ1(1ショウ1)1サウ1(1ソウ1)1すすめる1たすける1,
奩,匳,105,051,40,11,14,+40716+,/lin2,1レン1くしげ1こばこ1,
奭,,105,,40,12,15,+40036+,/shi4,1セキ1シヤク1(1シャク1),
奮,,105,,40,13,16,+40601+,/fen4,1フン1ふるふ1(1ふるう1),
女(1),,105,,41,0,3,+40400+,/nv3,1ヂヨ1(1ジョ1)1ニヨ1(1ニョ1)1おんな1むすめ1,
女(2),,105,,41,0,3,+40400+,/nu4,1ヂヨ1(1ジョ1)1ニヨ1(1ニョ1)1めあはす1(1めあわす1),
女(3),,105,,41,0,3,+40400+,/ru3,1ヂヨ1(1ジョ1)1ニヨ1(1ニョ1)1なんぢ1)1なんじ1),
奴,,106,,41,2,5,+47440+,/nu2,1ド1ヌ1やつこ1(1やっこ1)1やつ1め1,
奶,,106,,41,2,5,+47427+,/nai3,1ダイ1ナイ1,
奸(1),,106,,41,3,6,+41440+,/kan1,1カン1,
奸(2),,106,,41,3,6,+41440+,/jian1,1カン1ケン1よこしま1,
奼,姹,106,109,41,3,6,+42414+,/du3/cha4/cha3,1タ1ト1ツ1,
好(1),,106,,41,3,6,+47447+,/hao3,1カウ1コウ1よい1よろしい1みめよい1よしみ1このみ1,
好(2),,106,,41,3,6,+47447+,/hao4,1カウ1コウ1このむ1すく1,
妁,,106,,41,3,6,+47420+,/zhuo4/shuo2/shuo4,1シヤク1(1シャク1)1なかうど1(1なこうど1),
如,,106,,41,3,6,+46400+,/ru2,1ジヨ1(1ジョ1)1ニヨ1(1ニョ1)1ごとし1しく1ゆく1もし1いかん1,
妃,,106,,41,3,6,+47417+,/fei1/pei4,1ヒ1きさき1きさい1つれあひ1(1つれあい1),
妄,,106,,41,3,6,+00404+,/wang4,1バウ1(1ボウ1)1マウ1(1モウ1)1みだり1みだりに1,
妇,婦,,111,41,3,6,+47470+,/fu3/fu4,1フ1ブ1をんな1(1おんな1)1よめ1つま1,
妈,媽,,112,41,3,6,+47427+,/mu3/ma1,1ボ1モ1はは1,
妊,,106,,41,4,7,+42414+,/ren2/ren4,1ジン1ニン1はらむ1みごもる1,
妒,,106,,41,4,7,+43477+,/du4,1ト1ツ1そねむ1ねたむ1,
妓,,107,,41,4,7,+44447+,/ji4,1キ1ギ1わざをぎ1(1わざおぎ1)1あそびめ1,
妖,,107,,41,4,7,+42434+,/yao1,1エウ1(1ヨウ1)1なまめかしい1あやしい1わざはひ1(1わざわい1),
妗,,107,,41,4,7,+48427+,/jin4,1キン1ゴン1,
妙,,107,,41,4,7,+49420+,/miao4,1ベウ1(1ビョウ1)1メウ1(1ミョウ1)1たへ1(1たえ1)1わかい1,
妝,,107,,41,4,7,+24240+,/zhuang1,1シヤウ1(1ショウ1)1サウ1(1ソウ1)1よそほふ1(1よそおい1)1よそほひ1(1よそおい1),
妣,,107,,41,4,7,+41410+42410+,/bi3,1ヒ1はは1なきはは1,
妥,,107,,41,4,7,+20404+,/tuo3,1タ1ダ1おだやか1やすらか1,
妤,,107,,41,4,7,+47422+,/yu2,1ヨ1,
妨,,107,,41,4,7,+40427+,/fang1,1ハウ1(1ホウ1)1バウ1(1ボウ1)1さまたげる1,
妞,,107,,41,4,7,+47415+,/niu1,1ヂウ1(1ジュウ1)1ニユ1(1ニュウ1)1チウ1(1チュウ1),
妍,姸,107,109,41,4,7,+41440+,/nian2/yan2,1ゲン1ケン1うつくしい1,
妪(1),嫗,,113,41,4,7,+41414+,/yu4,1ウ1オウ1おうな1ばば1はは1,
妪(2),嫗,,113,41,4,7,+41414+,/yu3,1ウ1オウ1,
妫,嬀,,114,41,4,7,+44427+,/gui1,1キ1,
妮,,107,,41,5,8,+47412+,/ni2,1ジ1ニ1,
妬,妒,107,106,41,5,8,+41460+,/du4,1ト1ツ1そねむ1ねたむ1,
妯,,107,,41,5,8,+45460+,/zhu2/zhou2,1チク1ヂク1(1ジク1),
妲,,107,,41,5,8,+46410+,/da2,1タツ1タチ1ダツ1,
妹,,107,,41,5,8,+45490+,/mei4,1バイ1マイ1いも1いもうと1,
妻(1),,107,,41,5,8,+50404+,/qi1,1セイ1サイ1つま1,
妻(2),,107,,41,5,8,+50404+,/qi4,1セイ1サイ1めあはす1(1めあわす1),
妾,,107,,41,5,8,+00404+,/qie4,1セフ1(1ショウ1)1めかけ1めしつかひ1(1めしつかい1)1わらは1(1わらわ1),
姆,,107,,41,5,8,+47450+,/mu2/mou4/mou3,1ボ1モ1ボウ1モウ1うば1あによめ1,
姊,,107,,41,5,8,+45427+,/zi3,1シ1あね1,
始(1),,108,,41,5,8,+43460+,/shi3,1シ1はじめる1はじまる1はじめ1はじめて1,
始(2),,108,,41,5,8,+43460+,/shi4,1シ1,
姗(1),,108,,41,5,8,+47440+,/san1/shan1,1サン1セン1,
姗(2),,108,,41,5,8,+47440+,/xian1,1ゼン1,
姐,,108,,41,5,8,+47410+,/jie3,1シヤ1(1シャ1)1ソ1あね1あねご1,
姑,,108,,41,5,8,+44460+,/gu1,1コ1ク1しうとめ1(1しゅうとめ1)1をば1(1おば1)1をんな1(1おんな1)1しばらく1,
姒,,108,,41,5,8,+48400+,/si3/si4,1シ1ジ1,
姓,,108,,41,5,8,+45410+,/xing3,1セイ1シヤウ1(1ショウ1)1かばね1,
委(1),,108,,41,5,8,+20404+,/wei3,1ヰ1イ1ゆだねる1まかせる1すてる1おちる1すゑ1(1すえ1)1つまびらかに1,
委(2),,108,,41,5,8,+20404+,/wei1,1ヰ1イ1,
姉,姊,108,107,41,5,8,+40427+,/zi3,1シ1あね1,
姙,妊,108,106,41,6,9,+42414+,/ren2/ren4,1ジン1ニン1はらむ1みごもる1,
姚,,108,,41,6,9,+42413+,/yao2,1エウ1(1ヨウ1),
姜,,108,,41,6,9,+80404+,/jiang1,1キヤウ1(1キョウ1)1カウ1(1コウ1),
姝,,108,,41,6,9,+45490+,/shu1,1シユ1(1シュ1)1チユ1(1チュ1),
姞,,108,,41,6,9,+44461+,/ji1,1キツ1キチ1,
姣(1),,109,,41,6,9,+40448+,/jiao3,1カウ1(1コウ1)1ケウ1(1キョウ1),
姣(2),,109,,41,6,9,+40448+,/xiao3,1カウ1(1コウ1)1ゲウ1(1ギョウ1),
姤,,109,,41,6,9,+42461+,/gou4,1コウ1ク1,
姥,,109,,41,6,9,+44411+,/mu3,1ボ1モ1うば1おうな1ばば1,
姦,,109,,41,6,9,+40444+,/jian1,1カン1ケン1よこしま1かしましい1みだら1,
姨,,109,,41,6,9,+45432+,/yi2,1イ1めかけ1をば1(1おば1),
姪,,109,,41,6,9,+41414+,/zhi2,1テツ1デチ1チツ1チチ1めい1,
姫,,109,,41,6,9,+41417+,/ji1/yi1,1キ1ひめ1,
姮,,109,,41,6,9,+41416+,/heng2,1カウ1(1コウ1)1ガウ1(1ゴウ1),
姱,,109,,41,6,9,+44427+,/kua1,1クワ1(1カ1)1ケ1,
姸,,109,,41,6,9,+41440+,/nian2/yan2,1ゲン1ケン1うつくしい1,
姹,,109,,41,6,9,+43414+,/du3/cha4/cha3,1タ1ト1ツ1,
姻,,109,,41,6,9,+46400+,/yin1,1イン1とつぐ1,
姽,,109,,41,6,9,+47412+,/gui3,1キ1,
姿,,110,,41,6,9,+37404+,/zi1,1シ1すがた1,
娀,,110,,41,6,9,+43450+,/song1,1シユウ1(1シュウ1)1シユ1(1シュ1),
威,,110,,41,6,9,+53200+,/wei1,1ヰ1(1イ1)1おどし1おどす1たけし1,
娃,,110,,41,6,9,+44414+,/wa1,1アイ1ア1ワ1ヱ1(1エ1)1うつくしい1,
娆,嬈,,114,41,6,9,+45412+,/rao2,1ゼウ1(1ジョウ1)1ネウ1(1ニョウ1)1みだす1みだれる1わずらわしい1ならす1なれる1,
姘,06366,110,111,41,6,9,+48440+,/ping2,1ハウ1(1ホウ1)1ヒヤウ1(1ヒョウ1)1ヘイ1,
娇,嬌,,114,41,6,9,+42428+,/jiao1,1ケウ1(1キョウ1)1なまめかしい1,
娈,孌,,115,41,6,9,+00404+,/lvan3/lvan4/luan3/luan4,1レン1,
娉,,110,,41,7,10,+45427+,/ping1/ping4,1とふ1(1とう1)1めす1めとる1,
娌,妯,110,107,41,7,10,+46414+,/li3/li1,1リ1,
娑,,110,,41,7,10,+39404+,/suo1,1サ1シヤ1(1シャ1),
娓,,110,,41,7,10,+47414+,/wei3,1ビ1ミ1,
娘,,110,,41,7,10,+43432+,/niang2,1ジヤウ1(1ジョウ1)1ナウ1(1ノウ1)1むすめ1,
娛,,110,,41,7,10,+46434+,/yu2,1ゴ1たのしむ1たのしみ1,
娯,娛,110,,41,7,10,+46481+,/yu2,1ゴ1たのしむ1たのしみ1,
娜,,110,,41,7,10,+47427+,/nuo3/nuo2,1ダ1ナ1しなやか1,
娟,,110,,41,7,10,+46427+,/juan1,1ケン1エン1うつくしい1しなやか1,
娠,,110,,41,7,10,+41432+,/shen1/chen1,1シン1はらむ1みごもる1,
娣(1),,110,,41,7,10,+48427+,/ti4,1テイ1ダイ1,
娣(2),,110,,41,7,10,+48427+,/di3/di4,1テイ1ダイ1,
娥,,110,,41,7,10,+43450+,/e2,1ガ1みめよい1うつくしい1,
娩(1),,110,,41,7,10,+47416+,/wan3,1バン1マン1おだやか1,
娩(2),,110,,41,7,10,+47416+,/mian3,1ベン1メン1うむ1,
娬,嫵,110,113,41,7,10,+43440+,/wu2,1ブ1ム1,
娭,,110,,41,7,10,+43434+,/xi1/xi3,1キ1,
娶,,110,,41,7,10,+17404+,/qu3,1シユ1(1シュ1)1ス1シユウ1(1シュウ1),
娴,嫻嫺,,114113,41,7,10,+47420+,/xian2,1カン1ゲン1,
娬,嫵,110,113,41,8,11,+43440+,/wu2,1ブ1ム1,
娼,倡,111,023,41,8,11,+46460+,/chang1,1シヤウ1(1ショウ1)1あそびめ1わざをぎ1(1わざおぎ1),
06366,,111,,41,8,11,+48441+,/ping2,1ハウ1(1ホウ1)1ヒヤウ1(1ヒョウ1)1ヘイ1,
婁,,111,,41,8,11,+50404+,/lou2,1ロウ1ル1つながれる1つなぐ1ひく1,
婆,,111,,41,8,11,+34404+,/po2,1ハ1バ1ばば1,
婉,,111,,41,8,11,+43412+,/yuan3/wan3,1ヱン1(1エン1)1ヲン1(1オン1)1うつくしい1したがふ1(1したがう1)1しなやか1すなほ1(1すなお1),
婊,,111,,41,8,11,+45432+,/bian3,1ヘウ1(1ヒョウ1),
婕,,111,,41,8,11,+45481+,/jie2/jie4,1セフ1(1ショウ1),
婚,,111,,41,8,11,+42464+,/hun1,1コン1,
婢,,111,,41,8,11,+46440+,/bi3/bi4/pei4,1ヒ1ビ1はしため1,
婦,,111,,41,8,11,+47427+,/fu3/fu4,1フ1ブ1をんな1(1おんな1)1よめ1つま1,
婪,,111,,41,8,11,+44404+,/lan2,1ラン1むさぼる1,
婣,姻,111,109,41,8,11,+42400+,/yin1,1イン1とつぐ1,
婭,,111,,41,8,11,+41417+,/ya4,1ア1,
婥,,111,,41,8,11,+41446+,/chuo1,1シヤク1シャク1,
婀,,111,,41,8,11,+41420+,/e3/e1,1ア1,
娿,婀,111,,41,8,11,+71404+,/e3/e1,1ア1,
婳,嫿,,114,41,8,11,+41472+,/hua4,1クワク1(1カク1)1グワク1(1ガク1),
婵,嬋,,114,41,8,11,+48456+,/shan2/chan2,1セン1ゼン1,
婴,嬰,,115,41,8,11,+77404+,/ying1,1エイ1ヤウ1(1ヨウ1)1みどりご1めぐらす1めぐる1かける1かかる1ふれる1,
婶,嬸,,115,41,8,11,+43456+,/shen3,1シン1,
婷,,111,,41,9,12,+40421+,/ting2,1テイ1チヤウ1(1チョウ1),
婺,,111,,41,9,12,+18404+,/wu3,1ブ1ム1,
媒,,111,,41,9,12,+44494+,/mei2,1バイ1マイ1なかだち1なかうど1(1なこうど1),
媚,,111,,41,9,12,+47467+,/mei4,1ビ1ミ1こびる1こび1うつくしい1みめよい1,
媛,,112,,41,9,12,+42447+,/yuan4/yuan2,1ヱン1(1エン1)1ヲン1(1オン1)1ひめ1ひく1,
媟,,112,,41,9,12,+44494+,/xie4,1セツ1セチ1,
媢,,112,,41,9,12,+46460+,/mao4/mao3,1バウ1(1ボウ1)1マウ1(1モウ1),
媧,,112,,41,9,12,+47427+,/gua1/gua2,1クワイ1(1カイ1)1ケ1クワ1(1カ1),
06466,婚,112,111,41,9,12,+47464+,/hun1,1コン1,
媍,婦,112,111,41,9,12,+47486+,/fu3/fu4,1フ1ブ1をんな1(1おんな1)1よめ1つま1,
婿,壻,112,099,41,9,12,+47427+,/xi4/xu4,1セイ1サイ1むこ1,
媭,嬃,,114,41,9,12,+21404+,/xu1,1シユ1(1シュ1)1ス1,
媲,,112,,41,10,13,+46412+,/pi4,1ヘイ1,
媳,,112,,41,10,13,+46430+,/xi1/xi2/xi3/xi4,1セキ1シヤク1(1シャク1),
媵,,112,,41,10,13,+79244+,/ying4,1ヨウ1,
媸,,112,,41,10,13,+42436+,/chi1,1シ1,
媼,,112,,41,10,13,+46417+,/ao3/ao4,1アウ1(1オウ1)1おうな1,
媽,,112,,41,10,13,+41427+,/mu3/ma1,1ボ1モ1はは1,
媿,愧,112,000,41,10,13,+46413+,/kui4,1キ1はぢる1(1はじる1)1はぢ1(1はじ1),
嫁,,112,,41,10,13,+43432+,/jia4,1カ1ケ1よめ1とつぐ1,
嫂,,113,,41,10,13,+47447+,/sao3,1サウ1(1ソウ1)1あによめ1,
嫄,,113,,41,10,13,+41491+,/yuan2,1ゲン1グワン1(1ガン1),
嫉,,113,,41,10,13,+40434+,/ji4,1シツ1シチ1ねたむ1にくむ1,
嫋,,113,,41,10,13,+47427+,/niao3,1デウ1(1ジョウ1)1ネウ1(1ニョウ1)1たをやか1(1たおやか1)1しなやか1そよぐ1,
嫌,,113,,41,10,13,+48437+,/xian2,1ケン1ゲン1きらふ1(1きらう1)1いや1いとふ1(1いとう1)1うたがふ1(1うたがう1)1きらひ1(1きらい1)1うたがひ1(1うたがい1),
嫏,,113,,41,10,13,+47427+,/lang2,1ラウ1(1ロウ1),
嫔,嬪,,114,41,10,13,+43481+,/pin2,1ヒン1ビン1よめ1ひめ1こしもと1,
媻,婆,113,111,41,10,13,+27404+,/ban2/po2,1ハン1バン1ハ1バ1はば1,
媺,美,115,421,41,10,13,+48440+,/mei3,1ビ1ミ1うつくしい1よい1うまい1ほめる1,
嫖,,113,,41,11,14,+41491+,/piao1,1ヘウ1(1ヒョウ1)1かるい1みだら1,
嫗(1),,113,,41,11,14,+41416+,/yu4,1ウ1オウ1おうな1ばば1はは1,
嫗(2),,113,,41,11,14,+41416+,/yu3,1ウ1オウ1,
嫚,慢,113,176,41,11,14,+46447+,/man4,1バン1マン1おこたる1ゆるがせにする1あなどる1ゆるい1おごる1,
嫜,,113,,41,11,14,+40446+,/zhang1,1シヤウ1(1ショウ1),
嫟,暱,113,227,41,11,14,+41416+,/ni4,1ヂツ1(1ジツ1)1ニチ1,
嫠,,113,,41,11,14,+58244+,/li2,1リ1,
嫡,,113,,41,11,14,+40427+,/di2,1テキ1チヤク1(1チャク1)1よつぎ1,
嫣,,113,,41,11,14,+41427+,/yan1,1エン1ケン1,
嫦,姮,113,109,41,11,14,+49427+,/heng2/chang2,1カウ1(1コウ1)1ガウ1(1ゴウ1)1ジヤウ1(1ジョウ1),
嫩,,113,,41,11,14,+48440+,/nen4,1ドン1ノン1わかい1,
嫫,,113,,41,11,14,+44434+,/mu2/mo2,1モ1,
嫱,嬙,,114,41,11,14,+44461+,/qiang2,1シヤウ1(1ショウ1)1ジヤウ1(1ジョウ1),
嫵,,113,,41,12,15,+48431+,/wu2,1ブ1ム1,
嫺,,113,,41,12,15,+47420+,/xian2,1カン1ゲン1,
嫻,嫺,114,113,41,12,15,+47420+,/xian2,1カン1ゲン1,
嫿,,114,,41,12,15,+45416+,/hua4,1クワク1(1カク1)1グワク1(1ガク1),
嬀,,114,,41,12,15,+42427+,/gui1,1キ1,
嬃,,114,,41,12,15,+21404+,/xu1,1シユ1(1シュ1)1ス1,
嬈,擾,114,000,41,12,15,+44411+,/rao2,1ゼウ1(1ジョウ1)1ネウ1(1ニョウ1)1みだす1みだれる1わずらわしい1ならす1なれる1,
嬉,,114,,41,12,15,+44465+,/xi1,1キ1たのしむ1あそぶ1うれしい1,
嬋,,114,,41,12,15,+46456+,/shan2/chan2,1セン1ゼン1,
嬌,,114,,41,12,15,+42427+,/jiao1,1ケウ1(1キョウ1)1なまめかしい1,
嬖,,114,,41,13,16,+70404+,/bi4,1ヘイ1きにいり1おきにいり1かはいがる1(1かわいがる1),
嬗,,114,,41,13,16,+40416+,/shan4,1セン1ゼン1,
嬴,,114,,41,13,16,+00217+,/ying2,1エイ1ヤウ1(1ヨウ1),
嬙,,114,,41,13,16,+44461+,/qiang2,1シヤウ1(1ショウ1)1ジヤウ1(1ジョウ1),
嬡,,114,,41,13,16,+42447+,/ai4,1アイ1,
嬛(1),,114,,41,13,16,+46432+,/xian2,1ケン1,
嬛(2),嫏,114,113,41,13,16,+46432+,/qiong2,1ケイ1,
嬝,嫋,114,113,41,13,16,+47432+,/niao3,1デウ1(1ジョウ1)1ネウ1(1ニョウ1)1たをやか1(1たおやか1)1しなやか1そよぐ1,
嬢,孃,,115,41,13,16,+40432+,/niang2,1ジヤウ1(1ジョウ1)1ナウ1(1ノウ1)1ダウ1(1ドウ1)1はは1むすめ1,
嬷,媽,114,112,41,14,17,+40432+,/mo3/mo2/ma1,1ボ1モ1はは1,
嬪,,114,,41,14,17,+43486+,/pin2,1ヒン1ビン1よめ1ひめ1こしもと1,
嬭,,115,,41,14,17,+41427+,/nai3,1ダイ1ナイ1,
嬰,,115,,41,14,17,+66404+,/ying1,1エイ1ヤウ1(1ヨウ1)1みどりご1めぐらす1めぐる1かける1かかる1ふれる1,
嬲,,115,,41,14,17,+66427+,/niao3,1デウ1(1ジョウ1)1ネウ1(1ニョウ1)1なぶる1,
06834,嬴,115,114,41,15,18,+00217+,/ying2,1エイ1ヤウ1(1ヨウ1),
嬸,,115,,41,15,18,+43469+,/shen3,1シン1,
06776,嬴,115,114,41,15,18,+00217+,/ying2,1エイ1ヤウ1(1ヨウ1),
嬾,,115,,41,16,19,+47486+,/lan3,1ラン1おこたる1ものうい1,
嬿,,115,,41,16,19,+44431+,/yan3/yan4,1エン1,
孀,,115,,41,17,20,+41463+,/shuang1,1サウ1(1ソウ1)1シヤウ1(1ショウ1)1やもめ1,
孃,,115,,41,17,20,+40432+,/niang2,1ジヤウ1(1ジョウ1)1ナウ1(1ノウ1)1ダウ1(1ドウ1)1はは1むすめ1,
孅,,115,,41,17,20,+43450+,/xian1,1セン1かよわい1こまかい1,
孋,驪,115,000,41,19,22,+41412+,/li2,1リ1くろい1くろうま1ならべる1,
孌,,115,,41,19,22,+22404+,/lvan3/lvan4/luan3/luan4,1レン1,
子,,117,,42,0,3,+17407+,/zi3,1シ1ス1ジ1こ1み1ね1,
孑,,117,,42,0,3,+17407+,/jie2,1ケツ1ケチ1ゲツ1のこり1ひとり1こへん1,
孒(1),,117,,42,0,3,+17210+,/jue2,1ケツ1,
孒(2),,117,,42,0,3,+17210+,/kong3,1キヨウ1(1キョウ1)1ぼうふら1,
孔,,117,,42,1,4,+12410+,/kong3,1コウ1ク1はなはだ1あな1,
孕,,117,,42,2,5,+17407+,/yun4,1ヨウ1はらむ1,
字,,117,,42,2,5,+30407+,/zi4,1シ1ジ1あざ1あざな1うむ1やしなふ1(1やしなう1),
存,,118,,42,2,5,+40247+,/cun2,1ソン1ゾン1ある1たもつ1,
孚,,118,,42,4,7,+20407+,/fu2,1フ1はぐくむ1まこと1,
孛,,118,,42,4,7,+40407+,/bo2/bei4,1ホツ1ボチ1ハイ1バイ1ボツ1はうきぼし1(1ほうきぼし1),
孜,,118,,42,4,7,+18440+,/zi1,1シ1つとめる1,
孝,,118,,42,4,7,+44407+,/xiao4,1カウ1(1コウ1)1ケウ1(1キョウ1),
孟(1),,118,,42,5,8,+17107+,/meng4,1バウ1(1ボウ1)1ミヤウ1(1ミョウ1)1マウ1(1モウ1)1かしら1はじめ1つとめる1,
孟(2),,118,,42,5,8,+17107+,/mang4,1バウ1(1ボウ1)1マウ1(1モウ1),
季,,118,,42,5,8,+20407+,/ji4,1キ1すゑ1(1すえ1),
孤,,118,,42,5,8,+12430+,/gu1,1コ1ク1ひとり1みなしご1そむく1,
孥,,119,,42,5,8,+47407+,/nu2,1ド1ヌ1つまこ1やつこ1(1やっこ1),
学,學,,119,42,5,8,+32407+,/xue2/xiao2,1カク1ガク1まなぶ1まなびや1,
孩,,119,,42,6,9,+10482+,/hai2,1カイ1ガイ1ちのみご1,
孤,,119,,42,6,9,+12430+,/gu1,1コ1ク1ひとり1みなしご1そむく1,
孪,孿,,120,42,6,9,+00407+,/shuan4/lvan2/luan2,1サン1レン1,
孫(1),,119,,42,7,10,+12493+,/sun1,1ソン1まご1,
孫(2),遜,119,000,42,7,10,+12493+,/xun4,1ソン1,
孰,,119,,42,8,11,+05417+,/shu2,1シユク1(1シュク1)1ジユク1(1ジュク1)1いづれ1(1いずれ1)1たれ1だれ1つまびらか1,
孱,,119,,42,9,12,+77247+,/chan2/can4,1サン1ゼン1セン1よわい1,
孳(1),,119,,42,10,13,+44407+,/zi1,1シ1ジ1うむ1しげる1,
孳(2),,119,,42,10,13,+44407+,/zi4,1シ1ジ1,
孵,,119,,42,11,14,+72747+,/fu1,1フ1かへる1(1かえる1)1かへす1(1かえす1),
學,,119,,42,13,16,+77407+,/xue2/xiao2,1カク1ガク1まなぶ1まなびや1,
孺,,119,,42,14,17,+11427+,/ru4,1ジユ1(1ジュ1)1ニユ1(1ニュ1)1ちのみご1つま1をさない1(1おさない1)1やはらぐ1(1やわらぐ1),
孼,,119,,42,16,19,+20407+,/nie4,1ケツ1ゲチ1ひこばえ1わきばら1わざはひ1(1わざわい1),
孿,,120,,42,19,22,+22407+,/shuan4/lvan2/luan2,1サン1レン1,
宀,,120,,43,0,3,+30327+,/mian2,1ベン1メン1うかんむり1,
宁,,120,,43,2,5,+30201+,/zhu4,1チヨ1(1チョ1)1ド1,
宂,,120,,43,2,5,+30212+,/rong3,1ジヨウ1(1ジョウ1)1ニユ1(1ニュ1)1むだ1,
它,,120,,43,2,5,+30711+,/tuo1,1タ1シヤ1(1シャ1)1ジヤ1(1ジャ1)1へび1ほか1,
宄,,120,,43,2,5,+30417+,/gui3,1キ1,
宅,,120,,43,3,6,+30714+,/zhe4/zhai2,1タク1ヂヤク1(1ジャク1)1すまひ1(1すまい1)1すまふ1(1すまう1)1おく1おる1,
宇,,120,,43,3,6,+30401+,/yu3,1ウ1いへ1(1いえ1),
守(1),,120,,43,3,6,+30342+,/shou3,1シウ1(1シュウ1)1シユ1(1シュ1)1ス1まもる1もり1まもり1かみ1,
守(2),,120,,43,3,6,+30342+,/shou4,1シウ1(1シュウ1)1シユ1(1シュ1)1ス1,
安,,120,,43,3,6,+30404+,/an1,1アン1やすい1やすらか1やすんずる1やすんじて1いづく1(1いずく1)1いづくんぞ1(1いずくんぞ1),
宋,,121,,43,4,7,+30904+,/song4,1ソウ1ス1,
完,,121,,43,4,7,+30211+,/wan2,1クワン1(1カン1)1グワン1(1ガン1)1まつたし1(1まったし1)1まつたうする1(1まっとうする1)1をはる1(1おわる1),
宏,,121,,43,4,7,+30432+,/hong2,1クワウ1(1コウ1)1グワウ1(1ゴウ1)1ひろい1ひろげる1おほきい1(1おおきい1),
宓(1),,121,,43,5,8,+30332+,/mi4,1ビツ1ミチ1,
宓(2),伏虙,121,014482,43,5,8,+30332+,/fu2,1フク1ブク1かくれる1したがふ1(1したがう1)1ふす1ふせる1,
宕,,121,,43,5,8,+30601+,/dang4,1タウ1(1トウ1)1ダウ1(1ドウ1)1いはや1(1いわや1)1ほしいまま1,
宗,,121,,43,5,8,+30901+,/zong1,1ソウ1ス1シユウ1(1シュウ1)1みたまや1むね1たつとぶ1(1たっとぶ1),
官,,121,,43,5,8,+30777+,/guan1,1クワン1(1カン1)1つかさ1おほやけ1(1おおやけ1),
宙,,122,,43,5,8,+30602+,/zhou4,1チウ1(1チュウ1)1ヂユ1(1ジュ1)1そら1,
定(1),,122,,43,5,8,+30801+,/ding4,1テイ1ヂヤウ1(1ジョウ1)1さだめる1さだまる1さだか1さだめ1さだめて1かならず1,
定(2),,122,,43,5,8,+30801+,/ding4,1テイ1ヂヤウ1(1ジョウ1),
宛(1),,122,,43,5,8,+30212+,/wan3,1ヱン1エン1ヲン1オン1まがる1かがむ1あたかも1さながら1あて1あてる1づつ1(1ずつ1),
宛(2),,122,,43,5,8,+30212+,/yuan1,1ヱン1エン1ヲン1オン1,
宜,,122,,43,5,8,+30107+,/yi2,1ギ1よろしい1むべ1よろしく1べし1,
実,實,,126,43,5,8,+30530+,/shi2,1シツ1ジチ1ジツ1み1みのる1みちる1まこと1まことに1まめ1,
实,實,,126,43,5,8,+30804+,/shi2,1シツ1ジチ1ジツ1み1みのる1みちる1まこと1まことに1まめ1,
审,審,,126,43,5,8,+30506+,/shen3,1シン1つまびらか1まことに1,
宠,寵,,127,43,5,8,+30414+,/chong3,1チヨウ1(1チョウ1)1チユ1(1チュ1)1いつくしむ1めぐみ1めぐむ1,
宝,寶,,127,43,5,8,+30103+,/bao3,1ハウ1(1ホウ1)1たから1,
07097(1),定,127,122,43,5,8,+30307+,/ding4,1テイ1ヂヤウ1(1ジョウ1)1さだめる1さだまる1さだか1さだめ1さだめて1かならず1,
07097(2),定,127,122,43,5,8,+30307+,/ding4,1テイ1ヂヤウ1(1ジョウ1),
客,,122,,43,6,9,+30604+,/ke4,1カク1キヤク1(1キヤク1)1まらうど1(1まろうど1)1たび1,
宣,,122,,43,6,9,+30106+,/xuan1,1セン1のべる1のたまふ1(1のたまう1)1あまねし1あきらか1,
室,,122,,43,6,9,+30104+,/shi4,1シツ1シチ1むろ1へや1いへ1(1いえ1)1さや1,
宥,,123,,43,6,9,+30227+,/you4,1イウ1(1ユウ1)1ウ1ゆるす1なだめる1,
宦,,123,,43,6,9,+30717+,/huan4,1クワン1(1カン1)1ゲン1つかえる1つかさ1,
宧,,123,,43,6,9,+30717+,/yi2,1イ1,
宫,宮,,123,43,6,9,+30606+,/gong1,1キユウ1(1キュウ1)1ク1グウ1いへ1(1いえ1)1みや1,
07135,寂,127,124,43,6,9,+30901+,/ji2,1セキ1ジヤク1(1ジャク1)1さび1さびしい1さびれる1しづか1(1しずか1),
宪,憲,,179,43,6,9,+30212+,/xian4,1ケン1ゴン1のり1のつとる1(1のっとる1),
宮,,123,,43,7,10,+30606+,/gong1,1キユウ1(1キュウ1)1ク1グウ1いへ1(1いえ1)1みや1,
宰,,123,,43,7,10,+30401+,/zai3,1サイ1きる1さく1つかさ1つかさどる1,
害(1),,123,,43,7,10,+30601+,/hai4,1カイ1ガイ1そこなふ1(1そこなう1)1わざはひ1(1わざわい1),
害(2),,123,,43,7,10,+30601+,/he2,1カツ1ガツ1なんぞ1いつか1,
宴,,123,,43,7,10,+30404+,/yan4,1エン1うたげ1さかもり1たのしむ1やすい1やすんずる1,
宵,,124,,43,7,10,+30227+,/xiao1,1セウ1(1ショウ1)1よひ1(1よい1)1よる1よ1,
家(1),,124,,43,7,10,+30232+,/jia1,1カ1ケ1いへ1(1いえ1)1うち1や1,
家(2),,124,,43,7,10,+30232+,/gu1,1コ1ク1,
宸,,124,,43,7,10,+30232+,/zhen2,1シン1ジン1みや1のき1,
容,,124,,43,7,10,+30608+,/rong2,1ヨウ1ユ1いれる1かたち1すがた1ゆるす1,
宼,寇,,125,43,7,10,+30214+,/kou4,1コウ1ク1あだ1あだする1かたき1しいたげる1,
宽,寬,,127,43,7,10,+30212+,/kuan1,1クワン1(1カン1)1ひろい1ゆるやか1ゆるす1くつろぐ1,
宾,賓,,533,43,7,10,+30801+,/bin1,1ヒン1まらうど1(1まろうど1)1みちびく1したがふ1(1したがう1),
宿(1),,124,,43,8,11,+30261+,/su4,1シユク1(1シュク1)1スク1やど1やどる1やどす1,
宿(2),,124,,43,8,11,+30261+,/xiu4,1シウ1(1シュウ1)1シユ1(1シュ1),
寂,,124,,43,8,11,+30947+,/ji2,1セキ1ジヤク1(1ジャク1)1さび1さびしい1さびれる1しづか1(1しずか1),
寄,,124,,43,8,11,+30621+,/ji4,1キ1よる1よせる1,
寅,,124,,43,8,11,+30806+,/yin2,1イン1とら1,
密,,125,,43,8,11,+30773+,/mi4,1ビツ1ミチ1ミツ1ひそか1ひそかに1あつい1こまかい1,
寇,,125,,43,8,11,+30214+,/kou4,1コウ1ク1あだ1あだする1かたき1しいたげる1,
寃,冤,127,036,43,8,11,+30216+,/yuan1,1ヱン1(1エン1)1ヲン1(1オン1)1あだ1ぬれぎぬ1,
07220,冥,127,036,43,8,11,+30800+,/ming2,1ベイ1ミヤウ1(1ミョウ1)1メイ1くらい1,
富,,125,,43,9,12,+30606+,/fu4,1フウ1フ1とむ1とみ1とます1ゆたか1,
寐,,125,,43,9,12,+30294+,/mei4,1ビ1ミ1ねむる1ねる1いねる1,
寒,,125,,43,9,12,+30303+,/han2,1カン1ガン1さむい1さむさ1つめたい1こごえる1いやしい1さびしい1まづしい1(1まずしい1),
寓,,125,,43,9,12,+30427+,/yu4,1グ1グウ1やどる1やどす1よる1よせる1かりずまい1かこつける1,
寔,寘,125,,43,9,12,+30801+,/shi2,1シ1まことに1これ1おく1,
寖,,125,,43,10,13,+30147+,/jin4,1シン1,
寘,寔置,125,125420,43,10,13,+30801+,/zhi4,1シ1おく1,
寝,寢,,126,43,10,13,+30147+,/qin3,1シン1ねる1いねる1ねかす1やめる1,
寛,寬,,127,43,10,13,+30216+,/kuan1,1クワン1(1カン1)1ひろい1ゆるやか1ゆるす1くつろぐ1,
寞,寂,125,124,43,11,14,+30430+,/mo4,1バク1マク1さびしい1,
察,,125,,43,11,14,+30901+,/cha2,1サツ1セチ1あきらか1しる1みる1,
寠(1),,125,,43,11,14,+30404+,/ju3,1ク1グ1,
寠(2),,125,,43,11,14,+30404+,/lou2,1ロウ1ル1,
寡,,125,,43,11,14,+30227+,/gua3,1クワ1(1カ1)1すくない1やもめ1,
寢,,126,,43,11,14,+30247+,/qin3,1シン1ねる1いねる1ねかす1やめる1,
寤,,126,,43,11,14,+30261+,/wu4,1ゴ1さめる1さとる1めざめる1,
寥,,126,,43,11,14,+30202+,/liao2,1レウ1(1リョウ1)1さびしい1しづか1(1しずか1),
實,,126,,43,11,14,+30806+,/shi2,1シツ1ジチ1ジツ1み1みのる1みちる1まこと1まことに1まめ1,
寧,,126,,43,11,14,+30201+,/ning2,1デイ1ニヤウ1(1ニョウ1)1ネイ1やすらか1やすい1やすんずる1むしろ1なんぞ1いづくんぞ1(1いずくんぞ1),
寨,,126,,43,11,14,+30904+,/zhai4,1サイ1ザイ1とりで1,
賔,賓,127,533,43,11,14,+30286+,/bin1,1ヒン1まらうど1(1まろうど1)1みちびく1したがふ1(1したがう1),
審,,126,,43,12,15,+30609+,/shen3,1シン1つまびらか1まことに1,
寫,,127,,43,12,15,+30327+,/xie3,1シヤ1(1シャ1)1うつす1うつる1おろす1,
寬,,127,,43,12,15,+30213+,/kuan1,1クワン1(1カン1)1ひろい1ゆるやか1ゆるす1くつろぐ1,
寮,,127,,43,12,15,+30906+,/liao2,1レウ1(1リョウ1)1ともがら1つかさ1,
寯,,127,,43,13,16,+30227+,/jun4,1シユン1(1シュン1),
寰,,127,,43,13,16,+30732+,/huan2,1クワン1(1カン1)1グワン1(1ガン1),
寵,,127,,43,16,19,+30211+,/chong3,1チヨウ1(1チョウ1)1チユ1(1チュ1)1いつくしむ1めぐみ1めぐむ1,
寳,寶,127,127,43,16,19,+30806+,/bao3,1ハウ1(1ホウ1)1たから1,
寶,,127,,43,17,20,+30806+,/bao3,1ハウ1(1ホウ1)1たから1,
寸,,128,,44,0,3,+40300+,/zun3,1ソン1スン1はかる1とき1き1わづか1(1わずか1),
对,對,,129,44,2,5,+14400+,/dui4,1タイ1ツヰ1(1ツイ1)1むかふ1(1むかう1)1こたへる1(1こたえる1)1そろひ1(1そろい1)1つれあふ1(1つれあう1)1むかふ1(1むかう1),
寺,,128,,44,3,6,+40341+,/si4,1シ1ジ1てら1はべる1,
寻,尋,,129,44,3,6,+17347+,/xin2/xun2,1ジン1たづねる1(1たずねる1)1あたためる1ついで1ひろ1,
対,對,,129,44,3,6,+04400+,/dui4,1タイ1ツヰ1(1ツイ1)1むかふ1(1むかう1)1こたへる1(1こたえる1)1そろひ1(1そろい1)1つれあふ1(1つれあう1)1むかふ1(1むかう1),
导,導,,129,44,3,6,+77341+,/dao4/dao3,1タウ1(1トウ1)1ダウ1(1ドウ1)1みちびく1,
寿,壽,,100,44,4,7,+50340+,/shou4/shou3,1シウ1(1シュウ1)1ジユ1(1ジュ1)1ことぶき1いのちながし1とし1ことほぐ1,
封,,128,,44,6,9,+44100+,/feng1,1ホウ1フ1フウ1もりづち1つか1はか1さかひ1(1さかい1)1とぢる1(1とじる1),
専,專,,129,44,6,9,+50346+,/zhuan1,1セン1もつぱら1(1もっぱら1),
射(1),,128,,44,7,10,+24200+,/she4,1シヤ1(1シャ1)1ジヤ1(1ジャ1)1いる1あてる1,
射(2),,128,,44,7,10,+24200+,/shi2,1セキ1ジヤク1(1ジャク1),
射(3),,128,,44,7,10,+24200+,/ye4,1ヤ1,
射(4),,128,,44,7,10,+24200+,/yi4,1エキ1ヤク1いとふ1(1いとう1)1あきる1,
将(1),將,,128,44,7,10,+32149+,/jiang1,1シヤウ1(1ショウ1)1サウ1(1ソウ1)1もちゐる1(1もちひる1もちいる1)1おこなふ1(1おこなう1)1もつて1(1もって1)1もつ1ゆく1まさに1す1はた1と1,
将(2),將,,128,44,7,10,+32149+,/qiang1,1シヤウ1(1ショウ1)1サウ1(1ソウ1),
将(3),將,,128,44,7,10,+32149+,/jiang4,1シヤウ1(1ショウ1)1サウ1(1ソウ1)1ひきゐる1(1ひきいる1),
尅,剋,130,043,44,7,10,+44210+,/ke1/ke4,1コク1かつ1きめる1きざむ1きびしい1,
將(1),,128,,44,8,11,+27242+,/jiang1,1シヤウ1(1ショウ1)1サウ1(1ソウ1)1もちゐる1(1もちひる1もちいる1)1おこなふ1(1おこなう1)1もつて1(1もって1)1もつ1ゆく1まさに1す1はた1と1,
將(2),,128,,44,8,11,+27242+,/qiang1,1シヤウ1(1ショウ1)1サウ1(1ソウ1),
將(3),,128,,44,8,11,+27242+,/jiang4,1シヤウ1(1ショウ1)1サウ1(1ソウ1)1ひきゐる1(1ひきいる1),
專,,129,,44,8,11,+50343+,/zhuan1,1セン1もつぱら1(1もっぱら1),
尉(1),,129,,44,8,11,+74200+,/wei4,1ヰ1(1イ1)1じよう1(1じょう1),
尉(2),,129,,44,8,11,+74200+,/yu4,1ウツ1ウチ1,
尊,,129,,44,9,12,+80346+,/zun1,1ソン1たつとい1(1たっとい1)1たふとい1(1とうとい1)1たつとぶ1(1たっとぶ1)1たふとぶ1(1とうとぶ1)1たる1みこと1,
尋,,129,,44,9,12,+17346+,/xin2/xun2,1ジン1たづねる1(1たずねる1)1あたためる1ついで1ひろ1,
對,,129,,44,11,14,+34100+,/dui4,1タイ1ツヰ1(1ツイ1)1むかふ1(1むかう1)1こたへる1(1こたえる1)1そろひ1(1そろい1)1つれあふ1(1つれあう1)1むかふ1(1むかう1),
導,,129,,44,13,16,+38343+,/dao4/dao3,1タウ1(1トウ1)1ダウ1(1ドウ1)1みちびく1,
04466,對,130,129,44,14,17,+34600+,/dui4,1タイ1ツヰ1(1ツイ1)1むかふ1(1むかう1)1こたへる1(1こたえる1)1そろひ1(1そろい1)1つれあふ1(1つれあう1)1むかふ1(1むかう1),
小,,130,,45,0,3,+90000+,/xiao3,1セウ1(1ショウ1)1ちいさい1こ1を1(1お1)1すこしく1すこし1しばらく1,
少(1),,130,,45,1,4,+90200+,/shao3,1セウ1(1ショウ1)1すくない1すこし1かく1すこしく1しばらく1,
少(2),,130,,45,1,4,+90200+,/shao4,1セウ1(1ショウ1)1わかい1,
尔,爾,,321,45,2,5,+27902+,/er3,1ジ1ニ1なんぢ1(1なんじ1)1しかり1それ1その1のみ1ちかい1,
尖,,130,,45,3,6,+90430+,/jian1,1セン1するどい1とがる1さき1,
当(1),當,,345,45,3,6,+90177+,/dang1,1タウ1(1トウ1)1あたる1あてる1まさに1べし1,
当(2),當,,345,45,3,6,+90177+,/dang4,1タウ1(1トウ1)1あたる1,
尘,塵,,095,45,3,6,+90104+,/chen2,1チン1ヂン1(1ジン1)1ちり1,
尚,,130,,45,5,8,+90227+,/shang1,1シヤウ1(1ショウ1)1ジヤウ1(1ジョウ1)1なほ1(1なお1)1くはへる1(1くわえる1)1たふとぶ1(1とうとぶ1)1たかい1ひさしい1こひねがふ1(1こいねがう1),
尢,尪,130,131,46,0,3,+40010+,/wang1,1ワウ1(1オウ1)1まがる1,
尤,,130,,46,1,4,+43010+,/yu2,1イウ1(1ユウ1)1ユ1とが1とがめる1ことなる1もつとも1(1もっとも1),
尨(1),,131,,46,4,7,+42012+,/pang2/mang2,1バウ1(1ボウ1)1マウ1(1モウ1)1むくいぬ1まじる1おほきい1(1おおきい1),
尨(2),,131,,46,4,7,+42012+,/meng2,1ボウ1モウ1,
尪,,131,,46,4,7,+41011+,/wang1,1ワウ1(1オウ1)1まがる1,
尫,尪,131,131,46,4,7,+11211+,/wang1,1ワウ1(1オウ1)1まがる1,
尬,尲,131,,46,4,7,+48012+,/ga4,1カイ1,
尩,尪,,131,46,5,8,+81211+,/wang1,1ワウ1(1オウ1)1まがる1,
就,,131,,46,9,12,+03914+,/jiu4,1シウ1(1シュウ1)1ジユ1(1ジュ1)1つく1つける1なる1なす1すなはち1(1すなわち1)1つき1,
尲,,131,,46,10,13,+48013+,/gan1,1カン1,
尸,,131,,47,0,3,+77207+,/shi1,1シ1しかばね1かたしろ1かばね1つかさどる1,
尹,,131,,47,1,4,+17507+,/yun3/yin3,1ヰン1(1イン1)1ただす1をさ1(1おさ1)1かみ1をさめる1(1おさめる1),
尺,,131,,47,1,4,+77807+,/chi3,1セキ1シヤク1(1シャク1)1ものさし1わづか1(1わずか1),
尻,,131,,47,2,5,+77217+,/kao1,1カウ1(1コウ1)1しり1,
尼(1),,131,,47,2,5,+77211+,/ni2,1ヂ1(1ジ1)1ニ1あま1,
尼(2),,131,,47,2,5,+77211+,/ni3,1デイ1ナイ1,
尼(3),,131,,47,2,5,+77211+,/ni2,1ヂツ1ニチ1ちかづく1なづむ1(1なずむ1),
尽(1),盡,,356,47,3,6,+77303+,/jin4,1シン1ジン1ことごとく1つかす1つきる1つくす1,
尽(2),儘,,356,47,3,6,+77303+,/jin3,1ジン1ことごとく1まま1,
尾,,131,,47,4,7,+77214+,/wei3,1ビ1ミ1を1(1お1),
尿,,132,,47,4,7,+77232+,/niao1/niao4,1デウ1(1ジョウ1)1ネウ1(1ニョウ1)1ゆばり1いばり1,
局,,132,,47,4,7,+77227+,/ju2,1キヨク1(1キョク1)1ゴク1つぼね1ちぢまる1,
屁,,132,,47,4,7,+77211+,/pi4,1ヒ1へ1,
层,層,,133,47,4,7,+77232+,/ceng2,1シヨウ1(1ショウ1)1ソウ1かさなる1,
屃,屭,,134,47,4,7,+77282+,/xi4,1キ1,
居(1),,132,,47,5,8,+77264+,/ju1,1キヨ1(1キョ1)1コ1ゐる1(1いる1)1をる1(1おる1)1おく1や1,
居(2),,132,,47,5,8,+77264+,/ji1,1キ1,
屆,,132,,47,5,8,+77272+,/jie4,1カイ1とどける1とどく1いたる1とどけ1,
届,屆,134,132,47,5,8,+77267+,/jie4,1カイ1とどける1とどく1いたる1とどけ1,
屈(1),,132,,47,5,8,+77272+,/qu1,1クツ1クチ1かがむ1まげる1,
屈(2),倔,132,022,47,5,8,+77272+,/jue2,1クチ1グチ1つよい1,
07664(1),居,134,132,47,5,8,+77218+,/ju1,1キヨ1(1キョ1)1コ1ゐる1(1いる1)1をる1(1おる1)1おく1や1,
07664(2),居,134,132,47,5,8,+77218+,/ji1,1キ1,
屋,,132,,47,6,9,+77214+,/wu1,1ヲク1(1オク1)1いへ1(1いえ1)1やね1や1おほひ1(1おおい1),
屍,,132,,47,6,9,+77211+,/shi1,1シ1しかばね1,
屎(1),,132,,47,6,9,+77294+,/shi3,1シ1くそ1,
屎(2),,132,,47,6,9,+77294+,/xi1,1キ1,
屏(1),屛,134,133,47,6,9,+77241+,/ping2,1ヘイ1ビヤウ1(1ビョウ1)1かき1,
屏(2),屛,134,133,47,6,9,+77241+,/bing2,1ヘイ1ビヤウ1(1ビョウ1),
屏(3),屛,134,133,47,6,9,+77241+,/bing3,1ヘイ1ビヤウ1(1ビョウ1)1おほふ1(1おおう1)1とぢる1(1とじる1)1しりぞく1しりぞける1,
屐,,132,,47,7,10,+77247+,/ji1,1ケキ1ギヤク1(1ギャク1)1ゲキ1,
屑,,133,,47,7,10,+77227+,/xie4,1セツ1セチ1くづ1(1くず1)1いさぎよし1,
展,,133,,47,7,10,+77232+,/zhan3,1テン1のべる1のばす1ひらく1ひろげる1つらねる1,
屓,屭,,134,47,7,10,+77286+,/xi4,1キ1,
屙,,133,,47,8,11,+77221+,/e1,1ア1,
屛(1),,133,,47,8,11,+77241+,/ping2,1ヘイ1ビヤウ1(1ビョウ1)1かき1,
屛(2),,133,,47,8,11,+77241+,/bing2,1ヘイ1ビヤウ1(1ビョウ1),
屛(3),,133,,47,8,11,+77241+,/bing3,1ヘイ1ビヤウ1(1ビョウ1)1おほふ1(1おおう1)1とぢる1(1とじる1)1しりぞく1しりぞける1,
屜,,133,,47,8,11,+77217+,/ti4,1テイ1タイ1,
屝,,133,,47,8,11,+77211+,/fei4,1ヒ1,
屠(1),,133,,47,8,11,+77264+,/tu2,1ト1ツ1さく1ほふる1,
屠(2),,133,,47,8,11,+77264+,/chu2,1チヨ1ヂヨ1(1ジョ1),
屠(1),,133,,47,8,11,+77264+,/tu2,1ト1ツ1さく1ほふる1,
屠(2),,133,,47,8,11,+77264+,/chu2,1チヨ1ヂヨ1(1ジョ1),
屡,屢,,133,47,9,12,+77244+,/lv3,1ル1しばしば1,
属(1),屬,134,134,47,9,12,+77227+,/ju3,1シヨク1(1ショク1)1ゾク1つづく1つける1あつまる1あつめる1つづる1みる1すすめる1たのむ1たまたま1このごろ1,
属(2),屬,134,134,47,9,12,+77227+,/shu3,1シヨク1(1ショク1)1ゾク1たぐひ1(1たぐい1)1やから1,
屢,,133,,47,11,14,+77244+,/lv3,1ル1しばしば1,
屣,,133,,47,11,14,+77281+,/xi3,1シ1,
層,,133,,47,12,15,+77266+,/ceng2,1シヨウ1(1ショウ1)1ソウ1かさなる1,
履,,133,,47,12,15,+77247+,/li3/lv3,1リ1はく1ふむ1くつ1,
屧,,134,,47,13,16,+77294+,/xie4,1セフ1(1ショウ1),
屨,,134,,47,14,17,+77244+,/qu4,1ク1,
屩,,134,,47,14,17,+77227+,/jue2,1キヤク1(1キャク1)1カク1キク1コク1,
屬(1),,134,,47,18,21,+77227+,/ju3,1シヨク1(1ショク1)1ゾク1つづく1つける1あつまる1あつめる1つづる1みる1すすめる1たのむ1たまたま1このごろ1,
屬(2),,134,,47,18,21,+77227+,/shu3,1シヨク1(1ショク1)1ゾク1たぐひ1(1たぐい1)1やから1,
屭,贔,134,000,47,21,24,+77286+,/xi4,1キ1,
屮,,134,,48,0,3,+22407+,/zhe4,1テツ1テチ1め1めばえる1,
屯(1),,134,,48,1,4,+50717+,/zhun1,1チユン1(1チュン1)1なやむ1,
屯(2),,134,,48,1,4,+50717+,/tun2,1トン1ドン1たむろする1,
山,,134,,49,0,3,+22770+,/shan1,1サン1セン1やま1,
屹,,134,,49,3,6,+28717+,/qi4,1ギツ1ゴチ1キツ1そばだつ1けはしい1(1けわしい1),
屺,,135,,49,3,6,+27717+,/qi3,1キ1,
屼,屹,135,134,49,3,6,+21710+,/wu4,1ゴツ1ゴチ1コチ1,
屿,嶼,,139,49,3,6,+21727+,/yu3,1シヨ1(1ショ1)1ゾ1しま1,
岁,歲,,269,49,3,6,+22207+,/sui4,1セイ1サイ1とし1とせ1よはい1(1よわい1),
岂(1),豈,,527,49,3,6,+22717+,/qi3,1キ1ケ1あに1,
岂(2),豈凱,,527038,49,3,6,+22717+,/kai3,1カイ1ケ1ガイ1やはらぐ1(1やわらぐ1),
岂(3),豈愷,,527175,49,3,6,+22717+,/kai3,1カイ1ケ1ガイ1たのしむ1,
岌,,135,,49,4,7,+22247+,/ji2,1ギフ1(1ギュウ1)1キフ1(1キュウ1)1たかい1,
岐,,135,,49,4,7,+24747+,/qi2,1キ1ギ1えだみち1わかれる1,
岑,,135,,49,4,7,+22207+,/cen2,1シン1ジン1みね1けはしい1(1けわしい1),
岔,,135,,49,4,7,+80772+,/cha4,1タ1,
岖,嶇,,138,49,4,7,+21714+,/qu1,1ク1,
岡,,135,,49,5,8,+77220+,/gang1,1カウ1(1コウ1)1をか1(1おか1),
岢,嵐,135,137,49,5,8,+22621+,/ke3,1カ1,
岣,,135,,49,5,8,+27720+,/gou3,1コウ1ク1グ1,
岩,巖,135,139,49,5,8,+22601+,/yan2,1ガン1いは1(1いわ1)1いはほ1(1いわお1)1けはしい1(1けわしい1)1がけ1いはや1(1いわや1),
岫,,135,,49,5,8,+25760+,/xiu4,1シウ1(1シュウ1)1シユ1(1シュ1)1いはあな1(1いわあな1),
岬,,135,,49,5,8,+26750+,/jia3,1カフ1(1コウ1)1みさき1はざま1,
岱,,135,,49,5,8,+23772+,/dai4,1タイ1ダイ1,
岳,嶽,135,139,49,5,8,+72772+,/yue4,1ガク1たけ1,
岵,,135,,49,5,8,+24760+,/hu4,1コ1ゴ1,
岷,,135,,49,5,8,+27747+,/min2,1ビン1ミン1,
岸,,135,,49,5,8,+22241+,/an4,1ガン1きし1,
岧,,135,,49,5,8,+22602+,/tiao2,1テウ1(1チヨウ1)1デウ1(1ジョウ1),
峄,嶧,,138,49,5,8,+27754+,/yi4,1エキ1ヤク1,
岿,巋,,139,49,5,8,+22277+,/kui1,1キ1,
峋,嶙,135,138,49,6,9,+27720+,/xun2,1シユン1(1シュン1),
峒,崆,136,136,49,6,9,+27720+,/tong2,1トウ1ヅ1(1ズ1)1ドウ1,
峡,峽,,136,49,6,9,+25730+,/xia2,1カフ1(1コウ1)1ケフ1(1キョウ1)1はざま1,
峤,嶠,,138,49,6,9,+22728+,/qiao4,1ケウ1(1キョウ1)1ゲウ1(1ギョウ1),
峣,嶢,,138,49,6,9,+25712+,/yao2,1ケウ1(1キョウ1)1ゲウ1(1ギョウ1),
峦,巒,,139,49,6,9,+00772+,/luan2,1ラン1みね1やまなみ1,
峨,,136,,49,7,10,+23750+,/e2,1ガ1けはしい1(1けわしい1),
峪,,136,,49,7,10,+28768+,/yu4,1ヨク1ユウ1ユ1たに1,
峭,,136,,49,7,10,+29727+,/qiao4,1セウ1(1ショウ1)1けはしい1(1けわしい1)1きびしい1,
峯,,136,,49,7,10,+22504+,/feng1,1ホウ1フ1ボウ1ブ1みね1,
峰,峯,,136,49,7,10,+27754+,/feng1,1ホウ1フ1ボウ1ブ1みね1,
峴,,136,,49,7,10,+26710+,/xian4,1ケン1ゲン1,
島,,136,,49,7,10,+27727+,/dao3,1タウ1(1トウ1)1しま1,
峻,,136,,49,7,10,+23747+,/jun4,1シユン1(1シュン1)1たかい1けはしい1(1けわしい1)1きびしい1,
峽,,136,,49,7,10,+24738+,/xia2,1カフ1(1コウ1)1ケフ1(1キョウ1)1はざま1,
崆,,136,,49,8,11,+23711+,/kong1,1コウ1ク1,
崇,,136,,49,8,11,+22901+,/chong2,1シユウ1(1シュウ1)1ジユ1(1ジュ1)1スウ1ス1ソウ1たかい1たつとぶ1(1たっとぶ1)1たふとぶ1(1とうとぶ1)1あがめる1をへる1(1おえる1)1をはる1(1おわる1),
崈,崇,,136,49,8,11,+30772+,/chong2,1シユウ1(1シュウ1)1ジユ1(1ジュ1)1スウ1ス1ソウ1たかい1たつとぶ1(1たっとぶ1)1たふとぶ1(1とうとぶ1)1あがめる1をへる1(1おえる1)1をはる1(1おわる1),
崎,,136,,49,8,11,+24721+,/qi2,1キ1ギ1さき1けはしい1(1けわしい1),
嵜,崎,,136,49,8,11,+22621+,/qi2,1キ1ギ1さき1けはしい1(1けわしい1),
崑,,136,,49,8,11,+22711+,/kun1,1コン1,
崔,,136,,49,8,11,+22214+,/cui1,1サイ1ゼ1おほきい1(1おおきい1)1たかい1まぢはる1(1まじわる1),
崒,,136,,49,8,11,+22408+,/cu4/cui4,1シユツ1(1シュツ1)1ジユチ1(1ジュチ1)1ソツ1ゾチ1,
崖,厓,136,056,49,8,11,+22214+,/ya2/ai2,1ガイ1がけ1かぎり1,
崕,崖,,136,49,8,11,+21714+,/ya2/ai2,1ガイ1がけ1かぎり1,
崗,岡,137,135,49,8,11,+22227+,/gang1/gang3,1カウ1コウ1,
崙,,137,,49,8,11,+22227+,/lun2,1ロン1,
崚,,137,,49,8,11,+24747+,/leng2,1リヨウ1(1リョウ1),
崛,,137,,49,8,11,+27772+,/jue2/ku1/ku4,1クツ1グチ1コツ1ゴチ1,
崞,,137,,49,8,11,+20747+,/guo1,1クワク1(1カク1),
崢,,137,,49,8,11,+22757+,/zheng1,1サウ1(1ソウ1)1ジヤウ1(1ジョウ1),
崤,,137,,49,8,11,+24727+,/yao2,1カウ1(1コウ1)1ゲウ1(1ギョウ1),
崦,,137,,49,8,11,+24716+,/yan1,1エン1,
崧,,137,,49,8,11,+22932+,/song1,1シユウ1(1シュウ1)1シユ1(1シュ1)1スウ1,
崩,,137,,49,8,11,+22227+,/beng1,1ホウ1くづれる1(1くずれる1)1くづす1(1くずす1),
崭,嶄,,138,49,8,11,+22521+,/zan3,1サン1ザン1たかい1,
崋,華,139,461,49,8,11,+22504+,/hua4,1クワ1(1カ1)1ゲ1ケ1,
崽,,137,,49,9,12,+22336+,/zai3,1サイ1,
嵆,稽,137,000,49,9,12,+23772+,/ji1,1ケイ1ガイ1,
嵋,峨,137,136,49,9,12,+27767+,/mei2,1ビ1ミ1,
嵌,,137,,49,9,12,+22782+,/qian1,1カン1サン1ザン1はまる1はめる1あな1,
嵐,,137,,49,9,12,+22217+,/lan2,1ラン1あらし1,
嵒,巖,137,139,49,9,12,+60772+,/yan2,1ガン1いは1(1いわ1)1いはほ1(1いわお1)1けはしい1(1けわしい1)1がけ1いはや1(1いわや1),
崴,,137,,49,9,12,+22253+,/wei1,1アイ1,
嵘,嶸,,139,49,9,12,+24794+,/rong2,1クワウ1(1カウ1)1ワウ1(1オウ1)1エイ1ヤウ1(1ヨウ1),
嵗,歲,139,269,49,9,12,+22253+,/sui4,1セイ1サイ1とし1とせ1よはい1(1よわい1),
嵊,,137,,49,10,13,+22791+,/sheng4,1シヨウ1(1ショウ1)1ジヨウ1(1ジョウ1),
嵫,,138,,49,10,13,+28733+,/zi1,1シ1,
嵬,,138,,49,10,13,+22213+,/wei2,1グワイ1(1ガイ1)1ゲ1クワイ1(1カイ1)1たかい1おほきい1(1おおきい1)1さかづき1(1さかずき1),
嵯,,138,,49,10,13,+28711+,/cuo2,1サ1けはしい1(1けわしい1),
嵳,嵯,,138,49,10,13,+22211+,/cuo2,1サ1けはしい1(1けわしい1),
嶁,,138,,49,11,14,+25744+,/lou3,1ル1ロウ1,
嶌,,138,,49,11,14,+22327+,/dao3,1タウ1(1トウ1)1しま1,
嶋,嶌,,138,49,11,14,+27727+,/dao3,1タウ1(1トウ1)1しま1,
嶂,,138,,49,11,14,+20746+,/zhang4,1シヤウ1(1ショウ1)1みね1,
嶄,巉,138,139,49,11,14,+22521+,/zan3,1サン1ザン1たかい1,
嶃,嶄,,138,49,11,14,+22721+,/zan3,1サン1ザン1たかい1,
嶇,崎,138,136,49,11,14,+21716+,/qu1,1ク1,
嶍,,138,,49,11,14,+27762+,/xi2,1シフ1(1シュウ1)1ジフ1(1ジュウ1),
嶒,崚,138,137,49,12,15,+28766+,/ceng2,1シヨウ1(1ショウ1)1ゾウ1,
嶓,,138,,49,12,15,+22769+,/bo1,1ハ1,
嶙,,138,,49,12,15,+29759+,/lin2,1リン1,
嶠,,138,,49,12,15,+22727+,/qiao4,1ケウ1(1キョウ1)1ゲウ1(1ギョウ1),
嶢,,138,,49,12,15,+24711+,/yao2,1ケウ1(1キョウ1)1ゲウ1(1ギョウ1),
嶤,嶢,,138,49,12,15,+22211+,/yao2,1ケウ1(1キョウ1)1ゲウ1(1ギョウ1),
嶧,,138,,49,13,16,+26741+,/yi4,1エキ1ヤク1,
嶰,,138,,49,13,16,+27752+,/xie4,1カイ1ゲ1カイ1,
嶷,,138,,49,14,17,+22481+,/yi2,1ギ1たかい1かしこい1さとい1,
嶸,崢,139,137,49,14,17,+29794+,/rong2,1クワウ1(1カウ1)1ワウ1(1オウ1)1エイ1ヤウ1(1ヨウ1),
嶺,,139,,49,14,17,+22386+,/ling3,1レイ1リヤウ1(1リョウ1)1みね1,
嶼,,139,,49,14,17,+27781+,/yu3,1シヨ1(1ショ1)1ゾ1しま1,
嶽,,139,,49,14,17,+22234+,/yue4,1ガク1たけ1,
巅,巓,,139,49,16,19,+22882+,/dian1,1テン1いただき1,
巇,,139,,49,17,20,+23750+,/xi1,1キ1,
巉,,139,,49,17,20,+27716+,/chan2,1サン1ザン1けはしい1(1けわしい1),
巋,,139,,49,17,20,+22127+,/kui1,1キ1,
巌,巖,,139,49,17,20,+22248+,/yan2,1ガン1いは1(1いわ1)1いはほ1(1いわお1)1けはしい1(1けわしい1)1がけ1いはや1(1いわや1),
巍,,139,,49,18,21,+22413+,/wei2,1ギ1たかい1,
巒,,139,,49,19,22,+22772+,/luan2,1ラン1みね1やまなみ1,
巓,,139,,49,19,22,+22886+,/dian1,1テン1いただき1,
巖,,139,,49,20,23,+22248+,/yan2,1ガン1いは1(1いわ1)1いはほ1(1いわお1)1けはしい1(1けわしい1)1がけ1いはや1(1いわや1),
巛,川,139,139,50,0,3,+22337+,/chuan1,1セン1かは1(1かわ1),
川,,139,,50,0,3,+22000+,/chuan1,1セン1かは1(1かわ1),
州,,139,,50,3,6,+32000+,/zhou1,1シウ1(1シュウ1)1シユ1(1シュ1)1ス1す1しま1,
巡,,140,,50,4,7,+32303+,/xun2,1シユン1(1シュン1)1ジユン1(1ジュン1)1めぐる1,
巢,,140,,50,8,11,+22904+,/chao2,1サウ1(1ソウ1)1ゼウ1(1ジョウ1)1す1すくふ1(1すくう1),
巣,巢,,140,50,8,11,+32904+,/chao2,1サウ1(1ソウ1)1ゼウ1(1ジョウ1)1す1すくふ1(1すくう1),
工,,140,,51,0,3,+10100+,/gong1,1コウ1ク1たくみ1わざ1つかさ1たくむ1,
左(1),,140,,51,2,5,+40011+,/zuo3,1サ1ひだり1たがふ1(1たがう1),
左(2),,140,,51,2,5,+40011+,/zuo4,1サ1たすける1,
巧,,140,,51,2,5,+11127+,/qiao3,1カウ1(1コウ1)1ケウ1(1キョウ1)1たくみ1たくむ1うまい1,
巨,,140,,51,2,4,+71717+,/ju4,1キヨ1(1キョ1)1コ1おほきい1(1おおきい1)1おほい1(1おおい1)1のり1あに1なんぞ1,
巩,鞏,,611,51,3,6,+17110+,/gong3,1キヨウ1(1キョウ1)1ク1かためる1かたい1おそれる1つかねる1,
巫,,141,,51,4,7,+10108+,/wu2/wu1,1ブ1ム1フ1みこ1かんなぎ1,
差(1),,141,,51,7,10,+80211+,/cha1/cha4,1サ1シヤ1(1シャ1)1たがふ1(1たがう1)1やや1さす1,
差(2),,141,,51,7,10,+80211+,/ci1,1シ1,
差(3),,141,,51,7,10,+80211+,/chai1,1サイ1セ1サ1つかはす1(1つかわす1),
差(4),,141,,51,7,10,+80211+,/zhai4,1サ1いえる1,
己,,141,,52,0,3,+17717+,/ji3,1キ1コ1おのれ1つちのと1,
已,以,141,013,52,0,3,+17717+,/yi3,1イ1やめる1すでに1はなはだ1のみ1,
巳,,141,,52,0,3,+77717+,/si4,1シ1ジ1み1,
巴,,141,,52,1,4,+77717+,/ba1,1ハ1ヘ1ともゑ1(1ともえ1),
08747,以,142,013,52,1,4,+17777+,/yi3,1イ1もつて1(1もって1)1もちゐる1(1もちひる1もちいる1),
异,異,,343,52,3,6,+77441+,/yi4,1イ1こと1ことなる1あやしい1あやしむ1,
巵,卮,142,054,52,4,7,+72217+,/zhi1,1シ1さかづき1(1さかずき1),
巷,,141,,52,6,9,+44717+,/xiang1,1カウ1(1コウ1)1ガウ1(1ゴウ1)1ちまた1,
巻(1),卷,,055,52,6,9,+90717+,/juan4,1ケン1クワン1(1カン1)1まき1,
巻(2),卷,,055,52,6,9,+90717+,/juan3,1ケン1クワン1(1カン1)1まく1,
巻(3),卷,,055,52,6,9,+90717+,/quan2,1ケン1ゲン1みめよい1,
巽,,141,,52,9,12,+77801+,/sun4/xun4,1ソン1たつみ1,
巾,,142,,53,0,3,+40227+,/jin1,1キン1コン1かぶりもの1ふきん1きれ1はば1べき1,
币,幣,,146,53,1,4,+20227+,/bi4,1ヘイ1ベイ1ぬさ1たから1ぜに1,
帀,匝,146,051,53,1,4,+10227+,/za1/za4,1サウ1(1ソウ1)1めぐる1,
市,,142,,53,2,5,+00227+,/shi4,1シ1ジ1いち1うる1かふ1(1かう1),
布,,142,,53,2,5,+40227+,/bu4,1ホ1フ1ぬの1しく1,
帅(1),帥,,143,53,2,5,+24027+,/shuo4,1シユツ1(1シュツ1)1シユチ1(1シュチ1)1ひきゐる1(1ひきいる1),
帅(2),帥,,143,53,2,5,+24027+,/shuai4,1スヰ1(1スイ1)1かみ1,
帆(1),,142,,53,3,6,+47210+,/fan2,1ハン1バン1ほ1,
帆(2),,142,,53,3,6,+47210+,/fan4,1ハン1バン1,
师,師,,144,53,3,6,+21027+,/shi1,1シ1いくさ1かしら1みやこ1,
希,,142,,53,4,7,+40227+,/xi1,1キ1ケ1まれ1ねがふ1(1ねがう1)1こひねがふ1(1こいねがう1),
帐,帳,,144,53,4,7,+42234+,/zhang4,1チヤウ1(1チョウ1)1とばり1はり1,
帏,幃,,145,53,4,7,+45227+,/wei2,1キ1ヰ1(1イ1)1とばり1,
帋,紙,146,402,53,4,7,+72227+,/zhi3,1シ1かみ1,
帑(1),,142,,53,5,8,+47227+,/nu2,1ド1ヌ1つまこ1,
帑(2),,142,,53,5,8,+47227+,/tang3,1タウ1(1トウ1)1ド1かねぐら1,
帔,,142,,53,5,8,+44247+,/pei4,1ヒ1,
帕(1),,143,,53,5,8,+46200+,/ma4,1バツ1マチ1,
帕(2),,143,,53,5,8,+46200+,/pa4,1ハク1ヒヤク1(1ヒャク1),
帖,,143,,53,5,8,+41260+,/tie4,1テフ1(1チョウ1)1デフ1(1ジョウ1)1かきもの1さだまる1さだめる1はる1,
帘,,143,,53,5,8,+30227+,/lian2,1レン1,
帙,,143,,53,5,8,+45230+,/zhi4,1テツ1デチ1,
帚,,143,,53,5,8,+17227+,/zhou3,1シウ1(1シュウ1)1シユ1(1シュ1)1サウ1(1ソウ1)1はうき1(1ほうき1)1はく1,
帛,,143,,53,5,8,+26227+,/bo2,1ハク1ビヤク1(1ビャク1)1きぬ1ぬさ1,
帓,,143,,53,5,8,+45290+,/mo4,1バツ1マツ1,
帜,幟,,146,53,5,8,+46280+,/zhi4,1シ1のぼり1しるし1,
帝,,143,,53,6,9,+00227+,/di4,1テイ1タイ1みかど1,
帢,,143,,53,6,9,+48261+,/qia4,1カフ1(1コウ1),
帥(1),,143,,53,6,9,+24727+,/shuo4,1シユツ1(1シュツ1)1シユチ1(1シュチ1)1ひきゐる1(1ひきいる1),
帥(2),,143,,53,6,9,+24727+,/shuai4,1スヰ1(1スイ1)1かみ1,
带,帶,,144,53,6,9,+44227+,/dai4,1タイ1おびる1おび1,
帧,幀,,145,53,6,9,+41282+,/zheng4,1タウ1(1トウ1)1チヤウ1(1チョウ1)1テイ1,
帨,,144,,53,7,10,+48216+,/shui4,1セイ1ゼイ1,
師,,144,,53,7,10,+21727+,/shi1,1シ1いくさ1かしら1みやこ1,
席,,144,,53,7,10,+00227+,/xi2,1セキ1ジヤク1(1ジャク1)1むしろ1しく1せき1,
帯,帶,,144,53,7,10,+44227+,/dai4,1タイ1おびる1おび1,
帰,歸,,269,53,7,10,+27027+,/gui1,1キ1かへる1(1かえる1)1かへす1(1かえす1)1とつぐ1おくる1,
帬,裙,146,502,53,7,10,+17227+,/qun2,1クン1グン1すそ1はだぎ1も1もすそ1,
帲,,144,,53,8,11,+48241+,/ping2,1ヘイ1ヒヤウ1(1ヒョウ1),
帳,,144,,53,8,11,+41232+,/zhang4,1チヤウ1(1チョウ1)1とばり1はり1,
帵,,144,,53,8,11,+43212+,/wan1,1ワン1,
帶,,144,,53,8,11,+44227+,/dai4,1タイ1おびる1おび1,
帷,,144,,53,8,11,+40214+,/wei2,1ヰ1(1イ1)1とばり1,
常,,144,,53,8,11,+90227+,/chang2,1シヤウ1(1ショウ1)1ジヤウ1(1ジョウ1)1つね1とこ1つねに1とこしへに1(1とこしえに1),
帼,幗,,145,53,8,11,+46200+,/guo2,1クワク1(1カク1)1キヤク1(1キャク1)1かみかざり1,
帽,,145,,53,9,12,+46260+,/mao4,1バウ1(1ボウ1)1マウ1(1モウ1),
幀,,145,,53,9,12,+41286+,/zheng4,1タウ1(1トウ1)1チヤウ1(1チョウ1)1テイ1,
幂,,145,,53,9,12,+37227+,/mi4,1ベキ1ミヤク1(1ミャク1)1おほふ1(1おおう1)1とばり1,
幃,,145,,53,9,12,+44256+,/wei2,1キ1ヰ1(1イ1)1とばり1,
幄,,145,,53,9,12,+47214+,/wo4,1アク1とばり1,
幅(1),,145,,53,9,12,+41266+,/fu2,1フク1はば1,
幅(2),,145,,53,9,12,+41266+,/bi1,1ヒヨク1(1ヒョク1)1ヒキ1,
幇,幫,,146,53,9,12,+44227+,/bang1,1ハウ1ホウ1なかま1たすける1,
幈,屛,146,133,53,9,12,+47241+,/ping2,1ヘイ1ビヤウ1(1ビョウ1)1かき1,
幎,幂,,145,53,10,13,+47280+,/mi4,1ベキ1ミヤク1(1ミャク1)1おほふ1(1おおう1)1とばり1,
幌,,145,,53,10,13,+46211+,/huang3,1クワウ1(1コウ1)1ワウ1(1オウ1),
幔,,145,,53,11,14,+46247+,/man4,1バン1マン1,
幕(1),,145,,53,11,14,+44227+,/mo4/mu4,1バク1マク1,
幕(2),,145,,53,11,14,+44227+,/man4,1バン1マン1,
幗,,145,,53,11,14,+46200+,/guo2,1クワク1(1カク1)1キヤク1(1キャク1)1かみかざり1,
幘,,145,,53,11,14,+45286+,/ze2,1サク1シヤク1(1シャク1),
幛,,145,,53,11,14,+40246+,/zhang4,1シヤウ1(1ショウ1),
幞,,145,,53,12,15,+42234+,/pu2,1ホク1ボク1,
幟,,146,,53,12,15,+43250+,/zhi4,1シ1のぼり1しるし1,
幡,,146,,53,12,15,+42269+,/fan1,1ハン1ホン1はた1のぼり1,
幢(1),,146,,53,12,15,+40214+,/chuang2,1タウ1(1トウ1)1ダウ1(1ドウ1)1はた1,
幢(2),,146,,53,12,15,+40214+,/tong2,1トウ1ヅ1(1ズ1),
幣,,146,,53,12,15,+98227+,/bi4,1ヘイ1ベイ1ぬさ1たから1ぜに1,
幧,,146,,53,13,16,+46294+,/qiao1,1セウ1(1ショウ1),
幨,,146,,53,13,16,+47261+,/chan1,1セン1,
幪(1),,146,,53,14,17,+44232+,/meng2,1ボウ1モウ1,
幪(2),,146,,53,14,17,+44232+,/meng3,1ボウ1モウ1,
幫,,146,,53,14,17,+44227+,/bang1,1ハウ1ホウ1なかま1たすける1,
幬(1),,146,,53,14,17,+44241+,/chou4,1チウ1(1チュウ1)1ヂユ1(1ジュ1),
幬(2),,146,,53,14,17,+44241+,/dao4/tao4,1タウ1(1トウ1)1ダウ1(1ドウ1),
幰,,146,,53,16,19,+43236+,/xian3,1ケン1,
干,,146,,54,0,3,+10400+,/gan1,1カン1ほす1ひる1ほこ1たて1をかす1(1おかす1)1もとめる1かかはる1(1かかわる1),
平(1),,147,,54,1,4,+10409+,/ping2,1ヘイ1ビヤウ1(1ビョウ1)1ヒヤウ1(1ヒョウ1)1たひら1(1たいら1)1ひら1たひらか1(1たいらか1)1たひらぐ1(1たいらぐ1)1たひらげる1(1たいらげる1),
平(2),,147,,54,1,4,+10409+,/pian2,1ヘン1ベン1,
年,,147,,54,3,6,+80500+,/nian2,1デン1ネン1とし1とせ1よはひ1(1よわい1)1みのり1,
并,幷,,147,54,3,6,+80441+,/bing4/bing1,1ヘイ1ヒヤウ1(1ヒョウ1)1あはせる1(1あわせる1)1ならぶ1ならべる1ならびに1,
幷,,147,,54,5,8,+80441+,/bing4/bing1,1ヘイ1ヒヤウ1(1ヒョウ1)1あはせる1(1あわせる1)1ならぶ1ならべる1ならびに1,
幸,,147,,54,5,8,+40401+,/xing4,1カウ1(1コウ1)1ギヤウ1(1ギョウ1)1さいはひ1(1さいわい1)1さち1しあわせ1ねがふ1(1ねがう1)1みゆき1,
幹,,148,,54,10,13,+48441+,/gan4,1カン1みき1わざ1,
幺,,148,,55,0,3,+22730+,/yao1,1エウ1(1ヨウ1)1ちひさい1(1ちいさい1)1をさない1(1おさない1),
么(1),幺,,148,55,0,3,+20732+,/yao1,1エウ1(1ヨウ1)1ちひさい1(1ちいさい1)1をさない1(1おさない1),
么(2),麽,,648,55,0,3,+20732+,/mo2/me5,1バ1マ1モ1こまかい1,
幻,,148,,55,1,4,+27720+,/huan4,1クワン1(1カン1)1ゲン1まぼろし1まどはす1(1まどわす1),
幼,,148,,55,2,5,+24727+,/you4,1イウ1ユウ1エウ1(1ヨウ1)1をさない1(1おさない1)1いとけない1,
幽,,148,,55,6,9,+22770+,/you1,1イウ1ユウ1かすか1くらい1,
幾(1),,148,,55,9,12,+22253+,/ji1,1キ1ケ1きざし1ちかい1ほとんど1こひねがふ1(1こいねがう1),
幾(2),,148,,55,9,12,+22253+,/ji3,1キ1ケ1いく1いくつ1いくばく1,
幾(3),,148,,55,9,12,+22253+,/ji4,1キ1ケ1こひねがふ1(1こいねがう1),
广(1),,148,,56,0,3,+00200+,/yan3/an3,1ゲン1,
广(2),廣,,152,56,0,3,+00200+,/guang3,1クワウ1(1コウ1)1ひろい1ひろまる1ひろめる1ひろがる1ひろげる1,
广(3),廣,,152,56,0,3,+00200+,/guang4,1クワウ1(1コウ1),
庀,,148,,56,2,5,+00212+,/pi3,1ヒ1,
広(1),廣,,152,56,2,5,+00232+,/guang3,1クワウ1(1コウ1)1ひろい1ひろまる1ひろめる1ひろがる1ひろげる1,
広(2),廣,,152,56,2,5,+00232+,/guang4,1クワウ1(1コウ1),
庁,廳,,153,56,2,5,+00221+,/ting1,1テイ1チヤウ1(1チョウ1)1へや1つかさ1,
庄(1),,148,,56,3,6,+00214+,/peng2,1ハウ1(1ホウ1)1ビヤウ1(1ビョウ1)1たひらか1(1たいらか1),
庄(2),莊,148,458,56,3,6,+00214+,/zhuang1,1ハウ1(1ホウ1)1ビヤウ1(1ビョウ1)1いへ1むら1むらざと1,
庆,慶,,177,56,3,6,+00284+00234+,/qing4,1ケイ1キヤウ1(1キョウ1)1よろこぶ1よろこび1,
庇,,149,,56,4,7,+00211+,/bi4,1ヒ1ひさし1かばふ1(1かばう1),
庋,,149,,56,4,7,+00247+,/ji3,1キ1,
序,,149,,56,4,7,+00222+,/xu4,1シヨ1(1ショ1)1ジヨ1(1ジョ1)1のべる1はしがき1わきや1まなびや1ついで1,
库,庫,,150,56,4,7,+60254+,/ku4,1コ1ク1くら1,
庐,廬,,153,56,4,7,+00207+,/lu2,1リヨ1(1リョ1)1ロ1いほり1(1いおり1)1いへ1(1いえ1),
应(1),應,,179,56,4,7,+00219+,/ying1,1オウ1まさに1べし1,
应(2),應,,179,56,4,7,+00219+,/ying4,1オウ1こたへる1(1こたえる1),
床,牀,153,321,56,4,7,+00294+,/chuang2,1シヤウ1(1ショウ1)1ザウ1(1ゾウ1)1とこ1ゆか1こしかけ1ねどこ1,
底,,149,,56,5,8,+00242+,/di3,1テイ1タイ1そこ1とどまる1いたる1なんぞ1なに1,
庖,,149,,56,5,8,+00212+,/pao2,1ハウ1(1ホウ1)1ベウ1(1ビョウ1)1くりや1,
店,,149,,56,5,8,+00261+,/dian4,1テン1みせ1たな1はたご1,
庚,,149,,56,5,8,+00237+00287+,/geng1,1カウ1(1コウ1)1キヤウ1(1キョウ1)1かのえ1よはひ1(1よわい1)1かたい1つよい1,
府,,149,,56,5,8,+00240+,/fu3,1フ1くら1みやこ1,
废,廢,,152,56,5,8,+00247+,/fei4,1ハイ1すたれる1すたる1やめる1,
庠,,149,,56,6,9,+00251+,/xiang2,1シヤウ1(1ショウ1)1ザウ1(1ゾウ1),
庥,,149,,56,6,9,+00294+,/xiu1,1キウ1(1キュウ1)1ク1,
度(1),,149,,56,6,9,+00247+,/du4,1ト1ド1たび1ものさし1めもり1のり1わたる1わたす1たい1,
度(2),,149,,56,6,9,+00247+,/duo4,1タク1ダク1はかる1,
座,,150,,56,7,10,+00214+,/zuo4,1サ1ザ1すわる1います1くら1,
庫,,150,,56,7,10,+00256+,/ku4,1コ1ク1くら1,
庬,,150,,56,7,10,+00212+,/mang2/pang2,1バウ1(1ボウ1)1マウ1(1モウ1),
庭(1),,150,,56,7,10,+00241+,/ting2,1テイ1チヤウ1(1チョウ1)1には1(1にわ1),
庭(2),逕,150,000,56,7,10,+00241+,/ting4,1テイ1チヤウ1(1チョウ1),
庵,,150,,56,8,11,+00216+,/an1,1アン1いほり1(1いおり1),
庳(1),,150,,56,8,11,+00246+,/bi4,1ヒ1ビ1,
庳(2),卑,150,053,56,8,11,+00246+,/bei1,1ヒ1いやしい1いやしむ1いやしめる1ひくい1,
庶,,150,,56,8,11,+00237+,/shu4,1シヨ1(1ショ1)1もろもろ1もろびと1おほい1(1おおい1)1ちかい1こひねがふ1(1こいねがう1),
庻,庶,,150,56,8,11,+00287+,/shu4,1シヨ1(1ショ1)1もろもろ1もろびと1おほい1(1おおい1)1ちかい1こひねがふ1(1こいねがう1),
康,,150,,56,8,11,+00232+00299+,/kang1,1カウ1(1コウ1)1やすい1やすらか1,
庸,,150,,56,8,11,+00227+,/yong1/yong2,1ヨウ1ユ1もちゐる1(1もちひる1もちいる1)1つね1なんぞ1,
庼(1),廎,,151,56,8,11,+00282+,/qing2,1ケイ1キヤウ1(1キョウ1),
庼(2),廎,,151,56,8,11,+00282+,/qing3,1ケイ1キヤウ1(1キョウ1),
庿,廟,153,152,56,8,11,+00264+,/miao4,1ベウ1(1ビョウ1)1メウ1(1ミョウ1)1やしろ1みたまや1ほこら1,
庾,,150,,56,9,12,+00237+00287+,/yu3,1ユ1,
廀,,151,,56,9,12,+00247+00227+,/sou3,1ソウ1,
廁,,151,,56,9,12,+00220+,/ci4,1シ1かはや1(1かわや1)1まじはる1(1まじわる1)1まじへる1(1まじえる1),
廂,,151,,56,9,12,+00260+,/xiang1,1シヤウ1(1ショウ1)1サウ1(1ソウ1)1ひさし1,
廈,,151,,56,9,12,+00247+,/xia4/sha4,1カ1ゲ1いへ1(1いえ1),
廉,,151,,56,9,12,+00237+,/lian2,1レン1かど1いさぎよい1やすい1,
廊,,151,,56,9,12,+00227+,/lang2,1ラウ1(1ロウ1)1わたどの1,
廃,廢,,152,56,9,12,+00215+,/fei4,1ハイ1すたれる1すたる1やめる1,
廌,解,151,512,56,10,13,+00227+,/zhi1,1チ1ヂ1(1ジ1),
廋,廀,151,151,56,10,13,+00247+,/sou3,1ソウ1,
廎(1),,151,,56,11,14,+00286+,/qing2,1ケイ1キヤウ1(1キョウ1),
廎(2),,151,,56,11,14,+00286+,/qing3,1ケイ1キヤウ1(1キョウ1),
廏,,151,,56,11,14,+00247+,/jiu4,1キウ1(1キュウ1)1ク1うまや1,
廐,廏,153,151,56,11,14,+00214+,/jiu4,1キウ1(1キュウ1)1ク1うまや1,
廑,,151,,56,11,14,+00214+,/jin3/jin4,1キン1ゴン1,
廒,,151,,56,11,14,+00248+,/ao2,1ガウ1(1ゴウ1),
廓,,151,,56,11,14,+00227+,/kuo4,1クワク1(1カク1)1くるわ1とりで1ひろい1ひろげる1むなしい1,
廕,蔭,152,000,56,11,14,+00231+,/yin4,1イン1オン1,
廖(1),,152,,56,11,14,+00222+,/liao4,1レウ1(1リョウ1),
廖(2),,152,,56,11,14,+00222+,/liao4,1レウ1(1リョウ1),
廔,樓,153,259,56,11,14,+00244+,/lou2,1ロウ1ル1たかどの1やぐら1,
廚,郇,152,565,56,12,15,+00240+,/chu2,1チユ1(1チュ1)1ヂユ1(1ジュ1)1チユウ1(1チュウ1)1くりや1ひつ1ぬし1,
廛,,152,,56,12,15,+00214+,/chan2,1テン1デン1みせ1やしき1,
廝,,152,,56,12,15,+00221+,/si1,1シ1こもの1めしつかひ1(1めしつかい1),
廟,,152,,56,12,15,+00227+,/miao4,1ベウ1(1ビョウ1)1メウ1(1ミョウ1)1やしろ1みたまや1ほこら1,
廠,,152,,56,12,15,+00248+,/chang3,1シヤウ1(1ショウ1)1おほや1(1おおや1)1うまや1かりや1しごとば1,
廡(1),,152,,56,12,15,+00231+,/wu3,1ブ1ム1のき1ひさし1,
廡(2),蕃,152,471,56,12,15,+00231+,/wu3,1ブ1ム1のき1ひさし1,
廢,,152,,56,12,15,+00247+,/fei4,1ハイ1すたれる1すたる1やめる1,
廣(1),,152,,56,12,15,+00286+,/guang3,1クワウ1(1コウ1)1ひろい1ひろまる1ひろめる1ひろがる1ひろげる1,
廣(2),,152,,56,12,15,+00286+,/guang4,1クワウ1(1コウ1),
廨,,152,,56,13,16,+00252+,/jie4,1カイ1ケ1ゲ1,
廧,牆,152,322,56,13,16,+00261+,/qiang2,1シヤウ1(1ショウ1)1サウ1(1ソウ1),
廪,,153,,56,13,16,+00291+,/lin3,1リン1くら1ふち1うける1あつまる1あつめる1,
廬,,153,,56,16,19,+00217+,/lu2,1リヨ1(1リョ1)1ロ1いほり1(1いおり1)1いへ1(1いえ1),
廱,雍,153,604,56,18,21,+00214+,/yong1,1ヨウ1ユ1やはらぐ1(1やわらぐ1)1ふさぐ1さへぎる1(1さえぎる1)1いだく1,
廳,,153,,56,22,25,+00231+,/ting1,1テイ1チヤウ1(1チョウ1)1へや1つかさ1,
廴,,153,,57,0,3,+17407+,/yin3,1イン1いんねう1(1いんにょう1)1えんねう1(1えんにょう1),
延,,153,,57,4,7,+12401+,/yan2,1エン1のびる1のべる1のばす1ひく1のべ1,
廷,,153,,57,4,7,+12401+,/ting2,1テイ1チヤウ1(1チョウ1)1には1(1にわ1),
建,,153,,57,6,9,+15400+,/jian4,1ケン1コン1たてる1たつ1くつがへす1(1くつがえす1),
廻,回,153,084,57,6,9,+16400+,/hui2/hui4,1クワイ1(1カイ1)1ヱ1(1エ1)1まはる1(1まわる1)1まはす1(1まわす1)1めぐる1めぐらす1かへる1(1かえる1)1かへす1(1かえす1)1たがふ1(1たがう1)1たび1,
廼(1),迺乃,153,563005,57,6,9,+11406+,/nai3,1ナイ1ダイ1すなはち1(1すなわち1)1なんぢ1(1なんじ1)1の1,
廼(2),迺乃,153,563005,57,6,9,+11406+,/ai3,1アイ1エ1,
廾,,154,,58,0,3,+44000+,/gong3,1キヨウ1(1キョウ1)1ク1ささげる1,
廿,卄,154,052,58,1,4,+44770+,/ru4/nian4,1ジフ1(1ジュウ1)1ニフ1(1ニュウ1)1ネン1にじふ1(1にじゅう1),
弁(1),,154,,58,2,5,+23440+,/bian4,1ヘン1ベン1かんむり1,
弁(2),般,154,446,58,2,5,+23440+,/ban2,1ハン1バン1,
弁(3),辯,,553,58,2,5,+23440+,/bian4,1ハン1ベン1,
弁(4),辨,,552,58,2,5,+23440+,/bian4,1ハン1ベン1わきまへる1(1わきまえる1)1わける1,
弁(5),瓣,,339,58,2,5,+23440+,/ban4,1ヘン1ベン1かんむり1わける1わかつ1わきまへる1(1わきまえる1)1うりのなかご1さね1はなびら1,
弄,,154,,58,4,7,+10441+,/long4/nong4/neng4,1ロウ1ル1もてあそぶ1あなどる1いぢる1(1いじる1)1いぢくる1(1いじくる1)1たはむれる1(1たわむれる1),
弃,棄,154,249,58,4,7,+00443+,/qi4,1キ1すてる1,
弇,,154,,58,6,9,+80446+,/yan3,1エン1,
弈,,154,,58,6,9,+00443+,/yi1,1エキ1ヤク1,
弊,,154,,58,12,15,+98444+,/bi4,1ヘイ1ベイ1やぶれる1つかれる1,
弋,,154,,59,0,3,+43000+,/yi4,1ヨク1イキ1いぐるみ1くひ1(1くい1)1とる1くろい1うかぶ1,
弌,一,154,001,59,1,4,+43100+,/yi1,1イツ1イチ1はじめ1ひと1ひとつ1,
弍,二,154,008,59,2,5,+43100+,/er4,1ジ1ニ1ふた1ふたつ1,
式,,154,,59,3,6,+43100+,/shi4,1シヨク1(1ショク1)1シキ1のり1きまり1のつとる1(1のっとる1)1もちゐる1(1もちひる1もちいる1)1もつて1(1もって1),
弐,貳,,531,59,3,6,+13140+,/er4,1ジ1ニ1そへる1(1そえる1)1そふ1(1そう1)1ふた1ふたつ1そむく1,
弎(1),三,154,001,59,3,6,+43100+,/san1,1サン1み1みつつ1(1みっつ1)1みつ1,
弎(2),三,154,001,59,3,6,+43100+,/san4,1サン1,
弑,,155,,59,10,13,+43940+,/shi4,1シ1ころす1しいす1,
弓,,155,,60,0,3,+17207+,/gong1,1キユウ1(1キュウ1)1ク1ゆみ1,
弔,,155,,60,1,4,+17527+,/diao4,1テウ1(1チョウ1)1とむらふ1(1とむらう1)1つる1つるす1,
引(1),,155,,60,1,4,+12200+,/yin3,1イン1ひく1ひける1,
引(2),,155,,60,1,4,+12200+,/yin4,1イン1,
弗,,155,,60,2,5,+55027+,/fu2,1フツ1フチ1ず1もとる1どる1,
弘,,156,,60,2,5,+12230+,/hong2,1コウ1グ1ひろい1ひろめる1,
弛,,156,,60,3,6,+14212+,/shi3/chi3,1シ1ゆるむ1ゆるめる1たるむ1,
弟(1),,156,,60,4,7,+80227+,/di4,1テイ1ダイ1おとうと1,
弟(2),悌,156,171,60,4,7,+80227+,/di4/ti4,1テイ1ダイ1,
张(1),張,,156,60,4,7,+12234+,/zhang1/zhang4,1チヤウ1(1チョウ1)1はる1はり1,
张(2),帳,,156,60,4,7,+12234+,/zhang4,1チヤウ1(1チョウ1)1とばり1はり1,
弤,,156,,60,5,8,+12240+,/di3,1テイ1タイ1,
弢,韜,156,000,60,5,8,+12247+,/tao1,1タウ1(1トウ1),
弦,絃,156,404,60,5,8,+10232+,/xian2,1ケン1ゲン1つる1いと1,
弧,,156,,60,5,8,+12230+,/hu2,1コ1ゴ1ゆみ1,
弨,,156,,60,5,8,+17262+,/shao2,1セウ1(1ショウ1),
弩,,156,,60,5,8,+47207+,/nu3,1ド1ヌ1おほゆみ1(1おおゆみ1)1いしゆみ1,
弥(1),彌,158,158,60,5,8,+18290+,/mi2,1ビ1ミ1わたる1あまねし1とほい1(1とおい1)1ひさしい1いよいよ1いや1,
弥(2),瀰,,310,60,5,8,+18290+,/mi2,1ビ1ミ1デイ1ナイ1ベイ1マイ1はびこる1ひろい1みちる1,
弭,,156,,60,6,9,+11240+,/mi3,1ビ1ミ1ゆはず1やめる1やすめる1,
弧,弧,,156,60,6,9,+12230+,/hu2,1コ1ゴ1ゆみ1,
弯,彎,,157,60,6,9,+00207+00027+,/wan1,1ワン1ひく1まがる1,
09774,巽,158,141,60,6,9,+17801+,/sun4/xun4,1ソン1たつみ1,
弱,,156,,60,7,10,+17127+,/ruo4,1ジヤク1(1ジャク1)1ニヤク1(1ニャク1)1よわい1よわる1よわまる1よわめる1わかい1,
張(1),,156,,60,8,11,+11232+,/zhang1/zhang4,1チヤウ1(1チョウ1)1はる1はり1,
張(2),帳,156,144,60,8,11,+11232+,/zhang4,1チヤウ1(1チョウ1)1とばり1はり1,
強,彊,157,157,60,8,11,+13236+,/qiang2,1キヤウ1(1キョウ1)1ガウ1(1ゴウ1)1つよい1つよまる1つよめる1しひる1(1しいる1)1こはい1(1こわい1)1つとめる1しひて1(1しいて1)1あながち1,
弹(1),彈,,157,60,8,11,+18256+,/dan1,1タン1ダン1たま1,
弹(2),彈,,157,60,8,11,+18256+,/tan2,1タン1ダン1ひく1はづむ1(1はずむ1)1はじく1,
强,強,158,157,60,9,12,+16236+,/qiang2,1キヤウ1(1キョウ1)1ガウ1(1ゴウ1)1つよい1つよまる1つよめる1しひる1(1しいる1)1こはい1(1こわい1)1つとめる1しひて1(1しいて1)1あながち1,
弻,,157,,60,9,12,+17227+,/bi4,1ヒツ1ヒチ1ゆだめ1たすける1ただす1すけ1,
弼,弻,158,157,60,9,12,+17227+,/bi4,1ヒツ1ヒチ1ゆだめ1たすける1ただす1すけ1,
弾(1),彈,,157,60,9,12,+19256+,/dan1,1タン1ダン1たま1,
弾(2),彈,,157,60,9,12,+19256+,/tan2,1タン1ダン1ひく1はづむ1(1はずむ1)1はじく1,
彀,,157,,60,10,13,+47247+,/gou4,1コウ1ク1コク1,
彄,,157,,60,11,14,+11216+,/kou1,1コウ1ク1,
彈(1),,157,,60,12,15,+16256+,/dan1,1タン1ダン1たま1,
彈(2),,157,,60,12,15,+16256+,/tan2,1タン1ダン1ひく1はづむ1(1はずむ1)1はじく1,
彊(1),,157,,60,13,16,+11216+,/qiang2,1キヤウ1(1キョウ1)1ガウ1(1ゴウ1)1つよい1つよまる1つよめる1こはい1(1こわい1),
彊(2),,157,,60,13,16,+11216+,/jiang3,1キヤウ1(1キョウ1)1ガウ1(1ゴウ1)1しひる1(1しいる1)1つとめる1しひて1(1しいて1),
彊(3),,157,,60,13,16,+11216+,/jiang4,1キヤウ1(1キョウ1)1ガウ1(1ゴウ1)1たふれる1(1たおれる1),
彊(4),,157,,60,13,16,+11216+,/jiang1,1キヤウ1(1キョウ1)1ガウ1(1ゴウ1),
彌,,158,,60,14,17,+11227+,/mi2,1ビ1ミ1わたる1あまねし1とほい1(1とおい1)1ひさしい1いよいよ1いや1,
彍,,158,,60,15,18,+10286+,/kuo4,1クワク1(1カク1),
彎,,158,,60,19,22,+22207+,/wan1,1ワン1ひく1まがる1,
彐,,158,,61,0,3,+17100+,/ji4,1ケイ1けいがしら1,
归,歸,,269,61,2,4,+27070+,/gui1,1キ1かへる1(1かえる1)1かへす1(1かえす1)1とつぐ1おくる1,
灵,靈,,608,61,4,7,+17809+,/ling2,1レイ1リヤウ1(1リョウ1)1たま1たましい1みこ1よい1,
录,錄,,582,61,5,8,+17909+,/lu4,1リヨク1(1リョク1)1ロク1しるす1さかん1,
彖,,158,,61,6,9,+27232+,/tuan4,1タン1,
彗,,158,,61,8,11,+55174+,/hui4/sui4,1セイ1ゼイ1スヰ1(1スイ1)1ズヰ1(1ズイ1)1はうき1(1ほうき1)1はく1はうきぼし1(1ほうきぼし1),
彘,,158,,61,9,12,+27712+,/zhi4,1テイ1デイ1,
彙,,158,,61,10,13,+27904+,/hui4,1ヰ1(1イ1)1はりねずみ1あつまる1あつめる1たぐひ1(1たぐい1),
彜,彝,,158,61,13,16,+27442+,/yi2,1イ1つね1のり1,
彝,,158,,61,15,18,+27449+,/yi2,1イ1つね1のり1,
彠,矱,158,365,61,23,26,+14347+,/huo4/wo4,1ワク1,
彡(1),,158,,62,0,3,+20202+,/shan1,1サン1セン1けかざり1さんづくり1,
彡(2),,158,,62,0,3,+20202+,/xian3,1セン1,
彤,,158,,62,4,7,+72422+,/tong2,1トウ1ツ1,
形,09982,159,159,62,4,7,+12422+,/xing2,1ケイ1ギヤウ1(1ギョウ1)1かたち1かた1,
09982,,159,,62,6,9,+12422+,/xing2,1ケイ1ギヤウ1(1ギョウ1)1かたち1かた1,
彥,,159,,62,6,9,+00222+,/yan4,1ゲン1ひこ1,
彦,彥,,159,62,6,9,+00222+,/yan4,1ゲン1ひこ1,
彧,,159,,62,7,10,+53100+,/yu4,1イク1オク1,
彩,,159,,62,8,11,+22922+,/cai3,1サイ1いろどる1いろどり1,
彪,,159,,62,8,11,+22212+,/biao1,1ヒウ1(1ヒュウ1)1フ1ヒヨウ1(1ヒョウ1)1あや1まだら1,
彫,,159,,62,8,11,+72222+,/diao1,1テウ1(1チョウ1)1ほる1ゑる1(1える1)1きざむ1しぼむ1なえる1,
彬,,159,,62,8,11,+42922+,/bin1,1ヒン1あきらか1そなはる1(1そなわる1),
彭(1),,159,,62,9,12,+42122+,/peng2,1ハウ1(1ホウ1)1ビヤウ1(1ビョウ1)1ふくれる1,
彭(2),,159,,62,9,12,+42122+,/bang1,1ハウ1(1ホウ1)1バウ1(1ボウ1),
彭(3),,159,,62,9,12,+42122+,/pang2,1ハウ1(1ホウ1)1バウ1(1ボウ1),
彰,,159,,62,11,14,+02422+,/zhang1,1シヤウ1(1ショウ1)1サウ1(1ソウ1)1あきらか1あや1あらはす1(1あらわす1)1あらはれる1(1あらわれる1),
影,,159,,62,12,15,+62922+,/ying3,1エイ1ヤウ1(1ヨウ1)1かげ1すがた1まぼろし1,
彳,,159,,63,0,3,+20202+,/chi4,1テキ1チヤク1(1チャク1)1ぎやうにんべん1(1ぎょうにんべん1),
彴(1),,159,,63,3,6,+27220+,/zhuo2,1シヤク1(1シャク1),
彴(2),,159,,63,3,6,+27220+,/bo2,1ハク1,
彷(1),,160,,63,4,7,+20227+,/pang2,1ハウ1(1ホウ1)1バウ1(1ボウ1)1さまよふ1(1さまよう1),
彷(2),,160,,63,4,7,+20227+,/fang3,1ハウ1(1ホウ1),
役,,160,,63,4,7,+27247+,/yi4,1エキ1ヤク1いくさ1つとめ1やく1,
彻,徹,,163,63,4,7,+27220+,/che4,1テツ1デチ1とほる1(1とおる1)1つらぬく1こらへる1(1こらえる1)1とる1,
彼,,160,,63,5,8,+24247+,/bi3,1ヒ1かれ1かの1,
彿,髴,160,631,63,5,8,+25227+,/fu2,1フツ1ホチ1にかよふ1(1にかよう1)1ほのか1,
往,,160,,63,5,8,+20214+,/wang3,1ワウ1(1オウ1)1いく1ゆく1おくる1いにしへ1(1いにしえ1),
征,,160,,63,5,8,+21211+,/zheng1,1セイ1シヤウ1(1ショウ1)1いく1ゆく1うつ1もとめる1とる1,
徂,,160,,63,5,8,+27210+,/cu2,1ソ1ゾ1いく1ゆく1しぬ1,
径,徑,,161,63,5,8,+27214+,/jing4,1ケイ1キヤウ1(1キョウ1)1こみち1みち1さしわたし1ただちに1,
待,,160,,63,6,9,+24241+,/dai4,1タイ1ダイ1まつ1あしらふ1(1あしらう1)1もてなす1,
徇,,160,,63,6,9,+27220+,/xun4,1シユン1(1シュン1)1ジユン(1ジュン1)1したがふ1(1したがう1)1めぐる1となへる1(1となえる1)1あまねし1はやい1しむ1,
很,,160,,63,6,9,+27232+,/hen3,1コン1ゴン1もとる1,
徉,,160,,63,6,9,+28251+,/yang2,1ヤウ1(1ヨウ1),
徊,,160,,63,6,9,+26200+,/hui2/huai2,1クワイ1(1カイ1)1ヱ1(1エ1)1さまよふ1(1さまよう1)1めぐる1,
律,,160,,63,6,9,+25207+,/lv4,1リツ1リチ1のり1のつとる1(1のっとる1),
後(1),,161,,63,6,9,+22247+,/hou4,1コウ1グ1ゴ1のち1うしろ1あと1しりへ1(1しりえ1),
後(2),,161,,63,6,9,+22247+,/hou4,1コウ1グ1ゴ1おくれる1,
徐,,161,,63,7,10,+28294+,/xu2,1シヨ1(1ショ1)1ジヨ1(1ジョ1)1おもむろ1ゆるやか1しずか1(1しづか1),
徑,,161,,63,7,10,+21211+,/jing4,1ケイ1キヤウ1(1キョウ1)1こみち1みち1さしわたし1ただちに1,
徒,,161,,63,7,10,+24281+,/tu2,1ト1ヅ1(1ズ1)1かち1ともがら1むなしい1いたづら1(1いたずら1)1いたづらに1(1いたずらに1)1ただ1,
従(1),從,,162,63,7,10,+28281+,/cong2,1シヨウ1(1ショウ1)1ジユ1(1ジュ1)1ジユウ1(1ジュウ1)1したがふ1(1したがう1)1したがへる1(1したがえる1)1より1,
従(2),從,,162,63,7,10,+28281+,/zong4,1シヨウ1(1ショウ1)1ジユ1(1ジュ1)1ジユウ1(1ジュウ1)1たて1ほしいまま1,
従(3),從,,162,63,7,10,+28281+,/cong1,1シヨウ1(1ショウ1),
従(4),從,,162,63,7,10,+28281+,/zong1,1シヨウ1(1ショウ1),
得,,161,,63,8,11,+26241+,/de2/dei3,1トク1える1うる1,
徘,,161,,63,8,11,+21211+,/pai2,1ハイ1バイ1さまよふ1(1さまよう1),
徙,,161,,63,8,11,+21281+,/si3/xi3,1シ1うつる1うつす1,
徜,,162,,63,8,11,+29227+,/chang2,1シヤウ1(1ショウ1)1ジヤウ1(1ジョウ1),
從(1),,162,,63,8,11,+28281+,/cong2,1シヨウ1(1ショウ1)1ジユ1(1ジュ1)1ジユウ1(1ジュウ1)1したがふ1(1したがう1)1したがへる1(1したがえる1)1より1,
從(2),,162,,63,8,11,+28281+,/zong4,1シヨウ1(1ショウ1)1ジユ1(1ジュ1)1ジユウ1(1ジュウ1)1たて1ほしいまま1,
從(3),,162,,63,8,11,+28281+,/cong1,1シヨウ1(1ショウ1),
從(4),,162,,63,8,11,+28281+,/zong1,1シヨウ1(1ショウ1),
徠(1),來,162,018,63,8,11,+24298+,/lai2,1ライ1くる1きたる1きたす1このかた1,
徠(2),來,162,018,63,8,11,+24298+,/lai4,1ライ1,
御(1),,162,,63,8,11,+27220+,/yu4,1ギヨ1(1ギョ1)1ゴ1おん1をさめる1(1おさめる1)1はべる1ふせぐ1お1おほん1(1おおん1)1み1,
御(2),,162,,63,8,11,+27220+,/ya3,1ガ1ゲ1,
徧,,162,,63,9,12,+23227+,/bian4/pian4,1ヘン1,
徨,彷,162,160,63,9,12,+26214+,/huang2,1クワウ1(1コウ1)1ワウ1(1オウ1)1さまよふ1(1さまよう1),
復,,162,,63,9,12,+28247+,/fu4,1フク1ブク1かへる1(1かえる1)1かへす1(1かえす1)1また1ふたたび1,
循,,162,,63,9,12,+22264+,/xun2,1シユン1(1シュン1)1ジユン1(1ジュン1)1したがふ1(1したがう1)1そふ1(1そう1)1よる1めぐる1,
徬,,163,,63,10,13,+20227+,/pang2,1ハウ1(1ホウ1)1バウ1(1ボウ1),
徭,,163,,63,10,13,+27272+,/yao2,1エウ1(1ヨウ1),
微,,163,,63,10,13,+28240+,/wei2/wei1,1ビ1ミ1かすか1わづか1(1わずか1)1ひそか1ない1,
徯,,163,,63,10,13,+22234+,/xi1,1ケイ1ガイ1,
徳,德,,163,63,11,14,+24236+,/de2,1トク1,
徴(1),,163,,63,12,15,+28240+,/zheng1,1チヨウ1(1チョウ1)1めす1もとめる1きざす1きざし1,
徴(2),,163,,63,12,15,+28240+,/zhi3,1チ1,
德,,163,,63,12,15,+24231+,/de2,1トク1,
徹,,163,,63,12,15,+28240+,/che4,1テツ1デチ1とほる1(1とおる1)1つらぬく1こらへる1(1こらえる1)1とる1,
徼(1),,163,,63,13,16,+28240+,/jiao4,1ケウ1(1キョウ1)1めぐる1,
徼(2),,163,,63,13,16,+28240+,/jiao3,1ケウ1(1キョウ1)1もとめる1,
徼(3),,163,,63,13,16,+28240+,/yao1,1エウ1(1ヨウ1),
徽,,164,,63,14,17,+28240+,/hui1,1キ1しるし1よい1なは1(1なわ1),
心,,165,,72,0,4,+33000+,/xin1,1シン1こころ1,
必,,165,,72,1,5,+33000+,/bi4,1ヒツ1ヒチ1かならず1,
忆,憶,,179,72,1,4,+97010+,/yi4,1ヨク1オク1おもふ1(1おもう1)1おぼえる1,
忉,,165,,72,2,5,+97020+,/dao1,1タウ1(1トウ1),
忌,,165,,72,3,7,+17331+,/ji4,1キ1いむ1いまはしい1(1いまわしい1)1いみ1,
忍,,165,,72,3,7,+17332+,/ren3,1ジン1ニン1しのぶ1しのばせる1しのび1むごい1,
忐,,165,,72,3,7,+21331+,/tan3,1タン1ドン1カウ1(1コウ1)1キヤウ1(1キョウ1),
忑,,165,,72,3,7,+10333+,/te4,1トク1ドク1タウ1(1トウ1),
忔(1),,165,,72,3,6,+98017+,/xi4,1キツ1コチ1,
忔(2),,165,,72,3,6,+98017+,/yi4,1キツ1コチ1,
忒,,166,,72,3,7,+43300+,/te4,1トク1ドク1,
忖,,166,,72,3,6,+94000+,/cun3,1ソン1はかる1おしはかる1,
志,誌,166,517,72,3,7,+40331+,/zhi4,1シ1こころざす1こころざし1しるす1しるし1,
忘,,166,,72,3,7,+00331+,/wang2/wang4,1バウ1(1ボウ1)1マウ1(1モウ1)1わすれる1,
忙,,166,,72,3,6,+90010+,/mang2,1バウ1(1ボウ1)1マウ1(1モウ1)1いそがしい1せはしい1(1せわしい1),
応(1),應,,179,72,3,7,+00230+,/ying1,1オウ1まさに1べし1,
応(2),應,,179,72,3,7,+00230+,/ying4,1オウ1こたへる1(1こたえる1),
忝,,166,,72,4,8,+20333+,/tian3,1テン1デン1かたじけない1はづかしめる1(1はずかしめる1),
忠,,166,,72,4,8,+50336+,/zhong1,1チユウ1(1チュウ1)1チユ1(1チュ1)1まごころ1,
忡,,166,,72,4,7,+95006+,/chong1,1チユウ1(1チュウ1)1チユ1(1チュ1)1シユウ1(1シュウ1)1シユ1(1シュ1),
忤,,166,,72,4,7,+98040+,/wu3,1ゴ1グ1さからふ1(1さからう1)1もとる1,
快,,166,,72,4,7,+95030+,/kuai4,1クワイ1(1カイ1)1こころよい1はやい1,
忭,,166,,72,4,7,+90030+,/bian4,1ヘン1ベン1,
忮,,166,,72,4,7,+94047+,/zhi4,1シ1ジ1,
忱,,166,,72,4,7,+94012+,/chen2,1シン1ジン1まこと1,
念,,166,,72,4,8,+80332+,/nian4,1デン1ネン1おもふ1(1おもう1)1よむ1,
忸(1),,166,,72,4,7,+97015+,/nv3/niu3,1ヂク1(1ジク1)1ノク1はぢる1(1はじる1),
忸(2),,166,,72,4,7,+97015+,/nv3/niu3,1ヂウ1(1ジュウ1)1ニユ1(1ニュ1),
忻,欣,167,266,72,4,7,+92021+,/xin1,1キン1コン1よろこぶ1,
忼,慷,167,000,72,4,7,+90017+,/gang1/gang3,1カウ1(1コウ1)1なげく1,
忽,,167,,72,4,8,+27332+,/hu1,1コツ1コチ1たちまち1ゆるがせにする1,
忿,,167,,72,4,8,+80332+,/fen4,1フン1ホン1ボン1いかる1いかり1,
怆,愴,,175,72,4,7,+98012+,/chuang4,1シヤウ1(1ショウ1)1サウ1(1ソウ1)1いたむ1かなしむ1,
态,態,,176,72,4,8,+40333+,/tai4,1タイ1ダイ1ナイ1すがた1さま1わざと1,
怂,慫,,177,72,4,8,+88330+,/song3,1シヨウ1(1ショウ1)1シユ1(1シュ1)1おどろく1すすめる1,
怃(1),憮,,178,72,4,7,+91012+,/wu3,1ブ1ム1,
怃(2),憮,,178,72,4,7,+91012+,/xu3,1ク1,
怀,懷,180,180,72,4,7,+91090+,/huai2,1クワイ1(1カイ1)1ヱ1(1エ1)1ふところ1なつかしい1なつかしむ1なつく1なつける1いだく1おもふ1(1おもう1)1おもひ1(1おもい1)1なつかしみ1,
忩,悤,180,172,72,4,7,+80333+,/cong1,1ソウ1ス1あわてる1いそぐ1,
怍,,167,,72,5,8,+98011+,/zuo4,1サク1ジヤク1(1ジャク1),
怎,,167,,72,5,9,+80331+,/zen3,1ソウ1いかで1どうして1,
怏,,167,,72,5,8,+95030+,/yang4,1ヤウ1(1ヨウ1)1アウ1(1オウ1)1うらむ1,
怒(1),,167,,72,5,9,+47334+,/nu4,1ド1ヌ1いかる1おこる1いかり1,
怒(2),,167,,72,5,9,+47334+,/nu3,1ド1ヌ1はげむ1はげしい1,
怔,,167,,72,5,8,+91011+,/zheng1,1セイ1シヤウ1(1ショウ1),
怕,,167,,72,5,8,+96000+,/pa4,1ハ1ヘ1おそれる1おそらく1,
怖,,167,,72,5,8,+94027+,/bu4,1ホ1フ1こはい1(1こわい1)1おそれる1,
怙,,167,,72,5,8,+94060+,/hu4,1コ1たのむ1たのみ1,
怚(1),,167,,72,5,8,+97010+,/ju4,1シヨ1(1ショ1)1ソ1,
怚(2),,167,,72,5,8,+97010+,/cu1,1ソ1,
怛,,167,,72,5,8,+96010+,/da2,1ダツ1ダチ1いたむ1おどろく1,
怜,憐,167,178,72,5,8,+98037+,/ling2,1レイ1リヤウ1(1リョウ1)1さとい1あはれむ1(1あわれむ1),
思(1),,168,,72,5,9,+60330+,/si4,1シ1おもふ1(1おもう1)1おもひ1(1おもい1),
思(2),,168,,72,5,9,+60330+,/sai1,1サイ1,
怠,,168,,72,5,9,+23336+,/dai4,1タイ1ダイ1おこたる1なまける1,
怡,,168,,72,5,8,+93060+,/yi2,1イ1よろこぶ1よろこばす1やはらぐ1(1やわらぐ1),
急,,168,,72,5,9,+27337+,/ji2,1キフ1(1キュウ1)1いそぐ1せく1,
怦,,168,,72,5,8,+91049+,/peng1,1ハウ1(1ホウ1)1ヒヤウ1(1ヒョウ1),
性,,168,,72,5,8,+95010+,/xing4,1セイ1シヤウ1(1ショウ1)1さが1たち1,
怨,,168,,72,5,9,+27331+,/yuan4,1ヱン1(1エン1)1ヲン1(1オン1)1うらむ1うらみ1,
怩,忸,168,166,72,5,8,+97011+,/ni2,1ヂ1ジ1ニ1はぢる1(1はじる1),
怪,,168,,72,5,8,+97014+,/guai4,1クワイ1(1カイ1)1ケ1あやしい1あやしむ1,
怫(1),,169,,72,5,8,+95027+,/fu2,1フツ1ボチ1ふさぐ1もとる1,
怫(2),,169,,72,5,8,+95027+,/fei4,1ヒ1ビ1いかる1,
怯,,169,,72,5,8,+94031+,/qie4/que4,1ケフ1(1キョウ1)1コフ1(1コウ1)1おそれる1おぢける1(1おじける1)1おびえる1,
怳,,169,,72,5,8,+96010+,/huang3,1クワウ1(1コウ1)1ワウ1(1オウ1),
怵,,169,,72,5,8,+93094+,/chu4,1チユツ1(1チュツ1)1チユチ1(1チュチ1)1ヂユツ1(1ジュツ1),
怿,懌,,179,72,5,8,+97054+,/yi4,1エキ1ヤク1よろこぶ1たのしむ1,
怼,懟,,179,72,5,9,+14330+,/dui4,1ツヰ1(1ツイ1)1ヅヰ1(1ヅイ1)1タイ1ダイ1,
恹,懨,,179,72,5,8,+91084+,/yan1,1エン1,
恁,,169,,72,6,10,+22331+,/ren4,1ジン1ニン1かかる1このやうな1(1このような1),
恂,,169,,72,6,9,+97020+,/xun2,1シユン1(1シュン1)1ジユン1(1ジュン1)1まこと1おそれる1またたく1,
恃,怙,169,167,72,6,9,+94041+,/shi4,1シ1ジ1たのむ1たよる1,
恆(1),,169,,72,6,9,+91017+,/heng2,1コウ1ゴウ1つね1つねに1,
恆(2),,169,,72,6,9,+91017+,/geng4,1コウ1ゴウ1,
恇,,169,,72,6,9,+91011+,/kuang1,1キヤウ1(1キョウ1)1コウ1,
恍,,169,,72,6,9,+99011+,/huang3,1クワウ1(1コウ1)1とぼける1ほのか1,
恐(1),,169,,72,6,10,+17331+,/kong3,1キヨウ1(1キョウ1)1おそれる1おそろしい1,
恐(2),,169,,72,6,10,+17331+,/kong3,1キヨウ1(1キョウ1)1おそらく1おそれ1,
恔(1),,169,,72,6,9,+90048+,/xiao4,1カウ1(1コウ1)1ゲウ1(1ギョウ1),
恔(2),,169,,72,6,9,+90048+,/jiao3,1ケウ1(1キョウ1),
恕,,169,,72,6,10,+46330+,/shu4,1シヨ1(1ショ1)1ジヨ1(1ジョ1)1ゆるす1おもひやる1(1おもいやる1),
恙,,169,,72,6,10,+80331+,/yang4,1ヤウ1(1ヨウ1)1つつが1やまひ1(1やまい1)1うれひ1(1うれい1),
恚,,169,,72,6,10,+40331+,/hui4,1イ1いかる1うらむ1,
恝,,170,,72,6,10,+57332+,/jia2,1カイ1ケ1カツ1ケチ1,
恟,,170,,72,6,9,+97020+,/xiong1,1キヨウ1(1キョウ1)1おそれる1,
恢,,170,,72,6,9,+94089+,/hui1,1クワイ1(1カイ1)1ケ1ひろい1ひろめる1おほきい1(1おおきい1),
恣,,170,,72,6,10,+37338+,/zi4,1シ1ほしいまま1,
恤,,170,,72,6,9,+97010+,/xu4,1ジユツ1(1ジュツ1)1ジユチ1(1ジュチ1)1あはれむ1(1あわれむ1)1うれへる1(1うれえる1)1めぐむ1,
恥,,170,,72,6,10,+13100+,/chi3,1チ1はぢる1(1はじる1)1はぢ1(1はじ1)1はぢらふ1(1はじらう1)1はづかしい1(1はずかしい1)1はづかしめる1(1はずかしめる1),
恧,,170,,72,6,10,+10332+,/nv4,1ヂク1(1ジク1)1ニク1,
恨,,170,,72,6,9,+97032+,/hen4,1コン1ゴン1うらむ1うらめしい1うらみ1,
恩,,170,,72,6,10,+60330+,/en1,1オン1いつくしむ1めぐみ1,
恪,,170,,72,6,9,+97064+,/ke4,1カク1キヤク1(1キャク1)1つつしむ1つつしみ1,
恫(1),,170,,72,6,9,+97020+,/dong1,1トウ1ツ1ドウ1いたむ1,
恫(2),,170,,72,6,9,+97020+,/dong4,1トウ1ツ1ドウ1おどす1,
恬,,170,,72,6,9,+92064+,/tian2,1テン1デン1やすらか1しづか1しずか1うすい1やすい1やすんずる1,
恭,,170,,72,6,10,+44338+,/gong1,1キヨウ1(1キョウ1)1ク1うやうやしい1,
息,,170,,72,6,10,+26330+,/xi2,1シヨク1(1ショク1)1ソク1いき1やすむ1いこふ1(1いこう1)1やむ1やめる1むすこ1,
恰,,171,,72,6,9,+98061+,/qia4,1カフ1(1コウ1)1あたかも1,
悔(1),悔,,171,72,6,9,+98055+,/hui3,1クワイ1(1カイ1)1ケくいる1くやむ1くやしい1くやみ1,
悔(2),悔,,171,72,6,9,+98055+,/hui3,1クワイ1(1カイ1)1ケくい1,
恵,惠,,173,72,6,10,+50336+,/hui4,1ケイ1ヱ1(1エ1)1めぐむ1めぐみ1,
恶(1),惡,,173,72,6,10,+10331+,/e4,1アク1わるい1,
恶(2),惡,,173,72,6,10,+10331+,/wu4,1ヲ1(1オ1)1にくむ1,
恶(3),惡,,173,72,6,10,+10331+,/wu1,1ヲ1(1オ1)1いづく1(1いずく1)1いづくんぞ1(1いずくんぞ1),
恼,惱,,174,72,6,9,+90072+,/nao3,1ダウ1(1ドウ1)1ナウ1(1ノウ1)1なやむ1なやます1なやみ1,
恽,惲,,174,72,6,9,+97054+,/yun4,1ウン1,
恺,愷,,175,72,6,9,+92017+,/kai3,1カイ1ガイ1,
恋,戀,,180,72,6,10,+00333+,/lian4,1レン1こふ1(1こう1)1こひ1(1こい1)1こひしい1(1こいしい1),
恡,吝,180,066,72,6,9,+94032+,/lin4,1リン1をしむ1(1おしむ1)1やぶさか1しわい1,
恒(1),恆,180,169,72,6,9,+91016+,/heng2,1コウ1ゴウ1つね1つねに1,
恒(2),恆,180,169,72,6,9,+91016+,/geng4,1コウ1ゴウ1,
恉,旨,180,221,72,6,9,+92061+,/zhi3,1シ1うまい1むね1,
恠,怪,180,168,72,6,9,+94014+,/guai4,1クワイ1(1カイ1)1ケ1あやしい1あやしむ1,
10540,悉,180,171,72,6,10,+90339+,/xi1,1シツ1シチ1ことごとく1つくす1つまびらかにする1,
悁,,171,,72,7,10,+96027+,/juan4,1エン1うれへる1(1うれえる1)1あせる1いかる1,
恿,慂,171,176,72,7,11,+17332+,/yong3,1ヨウ1ユ1すすめる1,
悃,,171,,72,7,10,+96000+,/kun3,1コン1まこと1まごころ1,
悄,,171,,72,7,10,+99027+,/qiao3,1セウ1(1ショウ1)1うれへる1(1うれえる1)1きびしい1,
悅,,171,,72,7,10,+98016+,/yue4,1エツ1エチ1よろこぶ1よろこばしい1よろこばす1,
悦,悅,,171,72,7,10,+98016+,/yue4,1エツ1エチ1よろこぶ1よろこばしい1よろこばす1,
悉,,171,,72,7,11,+20339+,/xi1,1シツ1シチ1ことごとく1つくす1つまびらかにする1,
悌(1),,171,,72,7,10,+98027+,/ti4,1テイ1ダイ1やはらぐ1(1やわらぐ1),
悌(2),,171,,72,7,10,+98027+,/ti4,1テイ1ダイ1,
悍,,171,,72,7,10,+96041+,/han4,1カン1ガン1あらい1つよい1あらあらしい1,
悒,,171,,72,7,10,+96017+,/yi4,1イフ1(1ユウ1)1オフ1(1オウ1)1うれへる1(1うれえる1),
悔(1),,171,,72,7,10,+98055+,/hui3,1クワイ1(1カイ1)1ケくいる1くやむ1くやしい1くやみ1,
悔(2),,171,,72,7,10,+98055+,/hui3,1クワイ1(1カイ1)1ケくい1,
悖,,171,,72,7,10,+94047+,/bei4,1ハイ1バイ1もとる1みだれる1,
悚,,171,,72,7,10,+95096+,/song3,1シヨウ1(1ショウ1)1シユ1(1シュ1)1おそれる1,
悛,,171,,72,7,10,+93047+,/quan1,1セン1シユン1(1シュン1)1あらためる1つつしむ1,
悝,,171,,72,7,10,+96014+,/kui1,1クワイ1(1カイ1)1ケ1,
悟,,171,,72,7,10,+91061+,/wu4,1ゴ1さとる1さとす1さめる1さとり1,
悠,,172,,72,7,11,+28334+,/you1,1イウ1(1ユウ1)1ユ1とほい1(1とおい1)1はるか1,
患,,172,,72,7,11,+50336+,/huan4,1クワン1(1カン1)1ゲン1わづらふ1(1わずらう1)1うれへる1(1うれえる1)1わづらひ1(1わずらい1)1うれひ1(1うれい1),
悤,,172,,72,7,11,+26330+,/cong1,1ソウ1ス1あわてる1いそぐ1,
您,,172,,72,7,11,+27339+,/nin2,1ニン1,
悪(1),惡,,173,72,7,11,+10331+,/e4,1アク1わるい1,
悪(2),惡,,173,72,7,11,+10331+,/wu4,1ヲ1(1オ1)1にくむ1,
悪(3),惡,,173,72,7,11,+10331+,/wu1,1ヲ1(1オ1)1いづく1(1いずく1)1いづくんぞ1(1いずくんぞ1),
悩,惱,,174,72,7,10,+92072+,/nao3,1ダウ1(1ドウ1)1ナウ1(1ノウ1)1なやむ1なやます1なやみ1,
悯,憫,,178,72,7,10,+97020+,/min3,1ビン1ミン1あはれむ1(1あわれむ1)1あはれみ1(1あわれみ1)1うれへる1(1うれえる1),
悬,懸,,180,72,7,11,+77333+,/xuan2,1ケン1ゲン1かける1かかる1へだたる1,
悞,誤,180,518,72,7,10,+96034+,/wu4,1ゴ1あやまる1あやまり1まどはす1(1まどわす1),
悱,,172,,72,8,11,+91011+,/fei3,1ヒ1,
悲,,172,,72,8,12,+11331+,/bei1,1ヒ1かなしい1かなしむ1かなしみ1あはれみ1(1あわれみ1),
悴,,172,,72,8,11,+90048+,/cui4,1スヰ1(1スイ1)1ズヰ1(1ズイ1)1やつれる1せがれ1かじかむ1,
悵,,172,,72,8,11,+91032+,/chang4,1チヤウ1(1チョウ1)1うらむ1いたむ1,
悶,,172,,72,8,12,+77337+,/men4,1ボン1モン1もだえる1もだえ1,
悸,,172,,72,8,11,+92047+,/ji4,1キ1ギ1おそれる1,
悻,,172,,72,8,11,+94041+,/xing4,1カウ1(1コウ1)1キヤウ1(1キョウ1),
悼,,172,,72,8,11,+91046+,/dao4,1タウ1(1トウ1)1ダウ1(1ドウ1)1いたむ1,
悽,,172,,72,8,11,+95047+,/qi1,1セイ1サイ1いたむ1,
悾,,172,,72,8,11,+93011+,/kong1,1コウ1ク1カウ1(1コウ1)1まこと1,
惄,,172,,72,8,11,+27334+,/ni4,1デキ1ニヤク1(1ニャク1),
情,,172,,72,8,11,+95027+,/qing2,1セイ1ジヤウ1(1ジョウ1)1なさけ1まことに1こころ1おもむき1,
惆,,173,,72,8,11,+97020+,/chou2,1チウ1(1チュウ1)1チユ1(1チュ1)1うらむ1,
惇,,173,,72,8,11,+90047+,/dun1,1トン1ドン1あつい1まこと1,
惋,,173,,72,8,11,+93012+,/wan4,1ワン1ヱン1(1エン1),
惎,,173,,72,8,12,+44338+,/ji4,1キ1ギ1,
惑,,173,,72,8,12,+53330+,/huo4,1コク1ヲク1(1オク1)1ワク1まどふ1(1まどう1)1まどはす1(1まどわす1)1まどひ1(1まどい1),
10792,,173,,72,8,11,+95081+,/tian3,1テン1,
惓,,173,,72,8,11,+99012+,/quan2,1ケン1ゲン1うむ1つつしむ1,
惕,,173,,72,8,11,+96027+,/ti4,1テキ1チヤク1(1チャク1)1うれへる1(1うれえる1)1おそれる1つつしむ1,
惘,,173,,72,8,11,+97020+,/wang3,1バウ1(1ボウ1)1マウ1(1モウ1),
惙,,173,,72,8,11,+97047+,/chuo4,1テツ1テチ1,
惚,,173,,72,8,11,+97032+,/hu1,1コツ1コチ1ほれる1とぼける1ほうける1ぼける1,
惛,,173,,72,8,11,+92064+,/hun1,1コン1ゴン1,
惜,,173,,72,8,11,+94061+,/xi2,1セキ1シヤク1(1シャク1)1をしい1(1おしい1)1をしむ1(1おしむ1),
惟,,173,,72,8,11,+90014+,/wei2,1ユヰ1(1ユイ1)1ヰ1イ1おもふ1(1おもう1)1これ1ただ1,
惠,,173,,72,8,12,+50333+,/hui4,1ケイ1ヱ1(1エ1)1めぐむ1めぐみ1,
惡(1),,173,,72,8,12,+10331+,/e4,1アク1わるい1,
惡(2),,173,,72,8,12,+10331+,/wu4,1ヲ1(1オ1)1にくむ1,
惡(3),,173,,72,8,12,+10331+,/wu1,1ヲ1(1オ1)1いづく1(1いずく1)1いづくんぞ1(1いずくんぞ1),
惥,,173,,72,8,12,+77333+,/yong3,1ヨウ1ユ1,
悰,,173,,72,8,11,+93091+,/cong2,1ソウ1ス1,
惦,,173,,72,8,11,+90061+,/dian4,1テン1,
惯,慣,,177,72,8,11,+97082+,/guan4,1クワン1(1カン1)1なれる1ならす1ならはし1(1ならわし1),
惫,憊,,178,72,8,12,+27336+,/bei4,1ハイ1バイ1ヘイ1つかれる1,
惮,憚,,178,72,8,11,+98056+,/dan4,1タン1ダン1はばかる1はばかり1,
惊,驚,,628,72,8,11,+90096+,/jing1,1ケイ1キヤウ1(1キョウ1)1おどろく1おどろかす1おどろき1はせる1,
惧,懼,180,180,72,8,11,+96081+,/ju4,1ク1グ1おそれる1おそれ1,
惭,慚慙,,180176,72,8,11,+92021+,/can2,1サン1ザン1はぢる1(1はじる1)1はぢ1(1はじ1),
悳,德,180,163,72,8,12,+40331+,/de2,1トク1,
惢,蕊,180,471,72,8,12,+33330+,/rui3,1ズヰ1(1ズイ1)1ヌイ1しべ1,
惰,,174,,72,9,12,+94027+,/duo3/duo4,1タ1ダ1おこたる1なまける1あなどる1,
惱,,174,,72,9,12,+92063+,/nao3,1ダウ1(1ドウ1)1ナウ1(1ノウ1)1なやむ1なやます1なやみ1,
惲,,174,,72,9,12,+97056+,/yun4,1ウン1,
想,,174,,72,9,13,+46330+,/xiang3,1シヤウ1(1ショウ1)1サウ1(1ソウ1),
惴,,174,,72,9,13,+92027+,/zhui4,1スヰ1(1スイ1)1ズヰ1(1ズイ1)1おそれる1,
惵,,174,,72,9,12,+94094+,/die4,1テフ1(1チョウ1)1デフ1(1ジョウ1),
惶,,174,,72,9,12,+96014+,/huang2,1クワウ1(1コウ1)1ワウ1(1オウ1)1おそれる1,
惸,煢,174,000,72,9,12,+97047+,/qiong2,1ケイ1ギヤウ1(1ギョウ1),
惹,,174,,72,9,12,+44336+,/re3,1ジヤ1(1ジャ1)1ニヤ1(1ニャ1)1ジヤク1(1ジャク1)1ニヤク1(1ニャク1)1ひく1まねく1,
惺,,174,,72,9,12,+96014+,/xing1,1セイ1シヤウ1(1ショウ1)1さとる1しづか1(1しずか1),
惻,,174,,72,9,12,+92000+,/ce4,1シヨク1(1ショク1)1シキ1ソク1いたむ1,
愀,,174,,72,9,12,+99080+,/qiao3,1セウ1(1ショウ1)1シウ1(1シュウ1)1ジユ1(1ジュ1)1さびしい1,
愁,,174,,72,9,13,+29338+,/chou2,1シウ1(1シュウ1)1ジユ1(1ジュ1)1うれひ1(1うれい1)1うれへる1(1うれえる1),
愆,,174,,72,9,13,+21332+,/qian1,1ケン1あやまち1あやまる1,
愈,,174,,72,9,13,+80332+,/yu4,1ユ1まさる1いよいよ1いえる1いやす1,
愉,,174,,72,9,12,+98021+,/yu2,1ユ1たのしい1たのしむ1,
愊,,174,,72,9,12,+91066+,/bi4,1ヒヨク1(1ヒョク1)1ヒキ1フク1,
愍,,174,,72,9,13,+78334+,/min3,1ビン1ミン1あはれむ1(1あわれむ1)1うれへる1(1うれえる1),
愎,,174,,72,9,13,+98047+,/bi4,1ヒヨク1(1ヒョク1)1ビキ1フク1,
意,,175,,72,9,13,+00336+,/yi4,1イ1こころ1おもひ1(1おもい1)1おもふ1(1おもう1),
愒(1),,175,,72,9,12,+96027+,/qie4,1ケイ1カイ1ケツ1ケチ1,
愒(2),,175,,72,9,12,+96027+,/kai4,1カイ1ケ1,
愔(1),,175,,72,9,12,+90061+,/yin3,1イン1,
愔(2),,175,,72,9,12,+90061+,/an1,1アン1オン1,
愕,,175,,72,9,12,+96027+,/e4,1ギヤク1(1ギャク1)1ガク1ゴ1,
愚,,175,,72,9,13,+60332+,/yu2,1グ1おろか1,
愛,,175,,72,9,13,+20247+,/ai4,1アイ1エ1いとほしむ1(1いとおしむ1)1いとしむ1めでる1をしむ1(1おしむ1)1かなしい1まな1,
愜,,175,,72,9,12,+91011+,/qie4,1ケフ1(1キョウ1),
感,,175,,72,9,13,+53330+,/gan3,1カン1,
愦,憒,,178,72,9,12,+95082+,/kui4,1クワイ1(1カイ1)1ケ1,
愤(1),憤,,178,72,9,12,+94082+,/fen4,1フン1ブン1いきどほる1(1いきどおる1)1いきどほり1(1いきどおり1),
愤(2),憤,,178,72,9,12,+94082+,/fen4,1フン1ブン1,
惽,惛,180,173,72,9,12,+97064+,/hun1,1コン1ゴン1,
愠,慍,180,175,72,9,12,+96017+,/yun4,1ウン1ヲン1(1オン1)1いかる1うらむ1,
慍,,175,,72,10,13,+96017+,/yun4,1ウン1ヲン1(1オン1)1いかる1うらむ1,
愧,,175,,72,10,13,+96013+,/kui4,1キ1はぢる1(1はじる1)1はぢ1(1はじ1),
愨,,175,,72,10,14,+47334+,/que4,1カク1まこと1つつしむ1,
愫,,175,,72,10,13,+95093+,/su4,1ソ1,
愬(1),,175,,72,10,14,+87332+,/su4,1ソ1うつたへる1(1うったえる1),
愬(2),,175,,72,10,14,+87332+,/suo4,1サク1シヤク1(1シャク1)1おそれる1,
愴,,175,,72,10,13,+98067+,/chuang4,1シヤウ1(1ショウ1)1サウ1(1ソウ1)1いたむ1かなしむ1,
愷,,175,,72,10,13,+92018+,/kai3,1カイ1ガイ1,
愼,,176,,72,10,13,+91086+92086+,/shen4,1シン1ジン1つつしむ1つつしみ1,
慎,愼,,176,72,10,13,+94081+,/shen4,1シン1ジン1つつしむ1つつしみ1,
愾(1),,176,,72,10,13,+98017+,/xi4,1キ1ケ1ガイ1なげく1,
愾(2),,176,,72,10,13,+98017+,/kai4,1キ1ケ1ガイ1いかる1,
愿(1),,176,,72,10,14,+71339+,/yuan4,1ゲン1グワン1(1ガン1)1つつしむ1すなほ1(1すなお1),
愿(2),願,176,617,72,10,14,+71339+,/yuan4,1ゲン1グワン1(1ガン1)1ねがふ1(1ねがう1)1ねがはくは1(1ねがわくは1)1ねがひ1(1ねがい1),
慁,,176,,72,10,14,+60330+,/hun4,1コン1ゴン1,
慂,,176,,72,10,14,+37332+,/yong3,1ヨウ1ユ1すすめる1,
慄,,176,,72,10,13,+91094+,/li4,1リツ1リチ1ふるへる1(1ふるえる1)1おそれる1,
慇,,176,,72,10,14,+77334+,/yin1,1イン1オン1いたむ1ねんごろ1,
慈,,176,,72,10,14,+80333+,/ci2,1シ1ジ1いつくしむ1いつくしみ1,
慊(1),,176,,72,10,13,+98037+,/qian4,1ケン1あきたらない1あきたりない1,
慊(2),,176,,72,10,13,+98037+,/qie4,1ケフ1(1キョウ1)1こころよい1,
態,,176,,72,10,14,+21331+22331+,/tai4,1タイ1ダイ1ナイ1すがた1さま1わざと1,
慌,,176,,72,10,13,+94011+,/huang1,1クワウ1(1コウ1)1あわてる1あわただしい1くらい1おそれる1,
慑,懾,,180,72,10,13,+91047+,/zhe2/she2,1セフ1(1ショウ1)1おそれる1,
愳,懼,180,180,72,10,14,+66330+,/ju4,1ク1グ1おそれる1おそれ1,
慕,,176,,72,11,15,+44333+,/mu4,1ボ1モ1したふ1(1したう1),
慙,,176,,72,11,15,+52332+,/can2,1サン1ザン1はぢる1(1はじる1)1はぢ1(1はじ1),
慝,,176,,72,11,15,+71331+,/te4,1トク1よこしま1わざはひ1(1わざわい1)1わるい1,
慟,,176,,72,11,14,+94027+,/tong4,1トウ1ドウ1なげく1,
慢,,176,,72,11,14,+96047+,/man4,1バン1マン1おこたる1ゆるがせにする1あなどる1ゆるい1おごる1,
慣,,177,,72,11,14,+97086+,/guan4,1クワン1(1カン1)1なれる1ならす1ならはし1(1ならわし1),
慥,,177,,72,11,14,+94036+,/zao4/cao4,1サウ1(1ソウ1)1あわただしい1こしらへる1(1こしらえる1)1たしか1,
慧,,177,,72,11,14,+55337+,/hui4,1ケイヱ1(1エ1)1さとい1,
慨,,177,,72,11,14,+91014+,/kai3/kai4,1カイ1ガイ1,
慫,慂,177,176,72,11,15,+28338+,/song3,1シヨウ1(1ショウ1)1シユ1(1シュ1)1おどろく1すすめる1,
慮(1),,177,,72,11,15,+21236+,/lv4,1リヨ1(1リョ1)1ロ1おもんぱかる1おもんぱかり1,
慮(2),,177,,72,11,15,+21236+,/lv2,1リヨ1(1リョ1)1ロ1,
慰,,177,,72,11,15,+74330+,/wei4,1ヰ1(1イ1)1なぐさめる1なぐさむ1なぐさめ1なぐさみ1,
慳,,177,,72,11,14,+97014+,/qian1,1カン1ケン1をしむ1(1おしむ1)1しぶる1,
慴,,177,,72,11,14,+97062+,/zhe2,1セフ1(1ショウ1)1ゼフ1(1ジョウ1)1テフ1(1チョウ1)1デフ1(1ジョウ1)1おそれる1,
慵,,177,,72,11,14,+90027+,/yong1/yong2,1シヨウ1(1ショウ1)1シユ1(1シュ1)1ヨウ1ものうい1,
慶,,177,,72,11,15,+00247+,/qing4,1ケイ1キヤウ1(1キョウ1)1よろこぶ1よろこび1,
慷,,177,,72,11,14,+90032+,/kang1/kang3,1カウ1(1コウ1)1なげく1,
慸(1),,177,,72,11,15,+44332+,/ti4,1テイ1ダイ1,
慸(2),,177,,72,11,15,+44332+,/chai4,1タイ1,
慼,,177,,72,11,15,+53330+,/qi1,1セキ1シヤク1(1シャク1),
慾,,177,,72,11,15,+87338+,/yu4,1ヨク1,
憂,,177,,72,11,15,+10247+,/you1,1イウ1(1ユウ1)1オウ1ウ1うれへる1(1うれえる1)1うれひ1(1うれい1)1うい1うさ1,
憃,,177,,72,11,15,+50337+,/chong1,1シヨウ1(1ショウ1)1シユ1(1シュ1)1タウ1(1トウ1)1チヨウ1(1チョウ1)1チユ1(1チュ1),
慚,慙,180,176,72,11,14,+92021+,/can2,1サン1ザン1はぢる1(1はじる1)1はぢ1(1はじ1),
憎,憎,,178,72,11,15,+98066+,/zeng1,1ソウ1ゾウ1にくむ1にくい1にくらしい1にくしみ1,
憇,憩,180,178,72,11,15,+24337+,/qi4,1ケイ1カイ1いこひ1(1いこい1)1いこふ1(1いこう1),
憊,,178,,72,12,16,+24332+,/bei4,1ハイ1バイ1ヘイ1つかれる1,
憎,,178,,72,12,16,+98066+,/zeng1,1ソウ1ゾウ1にくむ1にくい1にくらしい1にくしみ1,
憐,,178,,72,12,15,+99059+,/lian2,1レン1あはれむ1(1あわれむ1)1あはれみ1(1あわれみ1),
憑,,178,,72,12,16,+31332+,/ping2,1ヒヨウ1(1ヒョウ1)1ビヨウ1(1ビョウ1)1よる1たのむ1つく1かちわたる1,
憒,,178,,72,12,16,+95086+,/kui4,1クワイ1(1カイ1)1ケ1,
憔,,178,,72,12,15,+90031+,/qiao2,1セウ1(1ショウ1)1ゼウ1(1ジョウ1)1やつれる1,
憖,,178,,72,12,15,+43333+,/yin4,1ギン1しひて1(1しいて1)1なまじ1ねがふ1(1ねがう1)1きづつける1(1きずつける1)1いたむ1,
憚,,178,,72,12,15,+96056+,/dan4,1タン1ダン1はばかる1はばかり1,
憙,,178,,72,12,15,+40336+,/xi3,1キ1よろこぶ1よろこび1,
憝,,178,,72,12,15,+08334+,/dui4,1タイ1ダイ1,
憤(1),,178,,72,12,15,+94086+,/fen4,1フン1ブン1いきどほる1(1いきどおる1)1いきどほり1(1いきどおり1),
憤(2),,178,,72,12,15,+94086+,/fen4,1フン1ブン1,
憧,,178,,72,12,15,+90014+,/chong1,1シヨウ1(1ショウ1)1シユ1(1シュ1)1ドウ1あこがれる1,
憨,,178,,72,12,16,+18334+,/han1,1カン1ガン1,
憩,,178,,72,12,16,+26330+,/qi4,1ケイ1カイ1いこひ1(1いこい1)1いこふ1(1いこう1),
憫,,178,,72,12,15,+97020+,/min3,1ビン1ミン1あはれむ1(1あわれむ1)1あはれみ1(1あわれみ1)1うれへる1(1うれえる1),
憬,,178,,72,12,15,+96096+,/jing3,1ケイ1ギヤウ1(1ギョウ1)1あこがれる1あこがれ1さとる1,
憮(1),,178,,72,12,15,+98031+,/wu3,1ブ1ム1,
憮(2),,178,,72,12,15,+98031+,/xu3,1ク1,
憲,,179,,72,12,16,+30336+,/xian4,1ケン1ゴン1のり1のつとる1(1のっとる1),
憗,憖,180,178,72,12,16,+48334+,/yin4,1ギン1しひて1(1しいて1)1なまじ1ねがふ1(1ねがう1)1きづつける1(1きずつける1)1いたむ1,
憶,,179,,72,13,16,+90036+,/yi4,1ヨク1オク1おもふ1(1おもう1)1おぼえる1,
憾,,179,,72,13,16,+93035+,/han4,1カン1ゴン1うらむ1うらみ1,
懂,,179,,72,13,16,+94014+,/dong4,1トウ1ツ1,
懃,慇,179,176,72,13,17,+44332+,/qin2,1ケン1ゴン1ねんごろ1つとめる1つかれる1,
懇,,179,,72,13,17,+27333+,/ken3,1コン1ねんごろ1,
懈,,179,,72,13,16,+97052+,/xie4,1カイ1ケ1,
應(1),,179,,72,13,17,+00231+,/ying1,1オウ1まさに1べし1,
應(2),,179,,72,13,17,+00231+,/ying4,1オウ1こたへる1(1こたえる1),
懊,,179,,72,13,16,+97034+,/ao4,1アウ1(1オウ1)1なやむ1うらむ1,
懋,,179,,72,13,17,+44339+,/mao4,1ボウ1ム1つとめる1もとめる1しげる1さかん1,
懌,,179,,72,13,16,+96041+,/yi4,1エキ1ヤク1よろこぶ1たのしむ1,
懔,,179,,72,13,16,+90091+,/lin3,1リン1おそれる1うれへる1(1うれえる1)1つつしむ1,
懍,懔,,179,72,13,16,+90094+,/lin3,1リン1おそれる1うれへる1(1うれえる1)1つつしむ1,
懑,懣,,179,72,13,17,+34332+,/men4,1ボン1モン1バン1マン1もだえる1,
懐,懷,,180,72,13,16,+94032+,/huai2,1クワイ1(1カイ1)1ヱ1(1エ1)1ふところ1なつかしい1なつかしむ1なつく1なつける1いだく1おもふ1(1おもう1)1おもひ1(1おもい1)1なつかしみ1,
懟,,179,,72,14,18,+34330+,/dui4,1ツヰ1(1ツイ1)1ヅヰ1(1ヅイ1)1タイ1ダイ1,
懣,,179,,72,14,18,+34332+,/men4,1ボン1モン1バン1マン1もだえる1,
懥,,179,,72,14,17,+94081+,/zhi4,1チ1シ1,
懦,,179,,72,14,17,+91027+,/nuo4,1ダ1ナ1ジユ1(1ジュ1)1ニユ1(1ニュ1)1よわい1,
懨,,179,,72,14,17,+91034+,/yan1,1エン1,
懕,懨,,179,72,14,18,+71233+,/yan1,1エン1,
懲,,179,,72,15,19,+28334+,/cheng2,1チヨウ1(1チョウ1)1ヂヨウ1(1ジョウ1)1こりる1こらす1こらしめる1,
懴,懺,180,180,72,15,18,+93050+,/chan4,1サン1ザン1くいる1,
懵,懂,179,179,72,16,19,+94062+,/meng2/meng3,1ボウ1ム1,
懶(1),,180,,72,16,19,+97086+,/lai4,1ライ1いとふ1(1いとう1),
懶(2),嬾,180,115,72,16,19,+97086+,/lan3,1ラン1おこたる1ものうい1,
懷,,180,,72,16,19,+90032+,/huai2,1クワイ1(1カイ1)1ヱ1(1エ1)1ふところ1なつかしい1なつかしむ1なつく1なつける1いだく1おもふ1(1おもう1)1おもひ1(1おもい1)1なつかしみ1,
懸,,180,,72,16,20,+22339+,/xuan2,1ケン1ゲン1かける1かかる1へだたる1,
11446,懿,180,180,72,16,20,+47138+,/yi4,1イ1うるはしい1(1うるわしい1)1よい1,
懺,,180,,72,17,20,+93050+,/chan4,1サン1ザン1くいる1,
懿,,180,,72,18,22,+47138+,/yi4,1イ1うるはしい1(1うるわしい1)1よい1,
懼,,180,,72,18,21,+96014+,/ju4,1ク1グ1おそれる1おそれ1,
懽(1),,180,,72,18,21,+94014+,/huan1,1クワン1(1カン1)1よろこぶ1,
懽(2),,180,,72,18,21,+94014+,/huan1,1クワン1(1カン1)1うれへる1(1うれえる1),
懾,,180,,72,18,21,+91041+,/zhe2/she2,1セフ1(1ショウ1)1おそれる1,
戀,,180,,72,19,23,+22339+,/lian4,1レン1こふ1(1こう1)1こひ1(1こい1)1こひしい1(1こいしい1),
戄,,180,,72,20,23,+96047+,/jue2,1キヤク1(1キャク1)1カク1,
戆,戇,,180,72,21,25,+07338+,/zhuang4,1ゴウ1ク1タウ1(1トウ1),
戅,戇,180,180,72,21,25,+01338+,/zhuang4,1ゴウ1ク1タウ1(1トウ1),
戇,,180,,72,24,28,+07338+,/zhuang4,1ゴウ1ク1タウ1(1トウ1),
戈,,181,,73,0,4,+53000+,/guo1,1クワ1(1カ1)1ほこ1いくさ1ほこづくり1,
戊,,181,,73,1,5,+53200+,/mao4/wu4,1ボウ1ム1ボ1つちのえ1ほこ1,
戋,戔,,182,73,1,5,+53000+,/jian1,1セン1すくない1,
戌,,181,,73,2,6,+53200+,/xu1,1シユツ1(1シュツ1)1シユチ1(1シュチ1)1ジユツ1(1ジュツ1)1いぬ1,
戍,,181,,73,2,6,+53200+,/shu4,1シユ1(1シュ1)1ジユ1(1ジュ1)1まもる1たむろ1,
戎,,181,,73,2,6,+53400+,/rong2,1ジユウ1(1ジュウ1)1ニユ1(1ニュ1)1つはもの1(1つわもの1)1えびす1なんぢ1(1なんじ1)1いくさ1おほい1(1おおい1)1おほきい1(1おおきい1),
戏(1),戲,,183,73,2,6,+13450+,/xi4,1キ1ケ1ギ1ゲ1たはむれる1(1たわむれる1)1たはむれ1(1たわむれ1)1ざれ1たはける1(1たわける1),
戏(2),戲,,183,73,2,6,+13450+,/xi4,1キ1ケ1ギ1ゲ1,
戏(3),戲,,183,73,2,6,+13450+,/hu1,1コ1,
成,,181,,73,3,7,+53200+,/cheng2,1セイ1ジヤウ1(1ジョウ1)1なる1なす1たひらぎ1(1たいらぎ1),
我,,181,,73,3,7,+23550+,/e3/wu3/wo3,1ガ1われ1わ1わが1,
戒,,182,,73,3,7,+53400+,/jie4,1カイ1いましめる1いましめ1,
戔,,182,,73,4,8,+53503+,/jian1,1セン1すくない1,
戕,,182,,73,4,8,+23250+,/qiang2,1シヤウ1(1ショウ1)1ザウ1(1ゾウ1),
或,,182,,73,4,8,+53100+,/huo4,1コク1ヲク1(1オク1)1ワク1ある1あるいは1あるひと1まどふ1(1まどう1),
战,戰,,183,73,5,9,+23650+,/zhan4,1セン1いくさ1たたかふ1(1たたかう1)1たたかひ1(1たたかい1)1おののく1そよぐ1,
戚,,182,,73,7,11,+53200+,/qi1,1セキ1シヤク1(1シャク1)1うれへる1(1うれえる1)1うれひ1(1うれい1)1をの1(1おの1)1まさかり1みうち1,
戛,,182,,73,7,11,+10503+,/jia2,1カツ1カチ1うつ1ほこ1,
戟,,182,,73,8,12,+43450+,/ji3,1ケキ1キヤク1(1キャク1)1ゲキ1ほこ1,
戞,戛,183,182,73,8,12,+10503+,/jia2,1カツ1カチ1うつ1ほこ1,
戡,,182,,73,9,13,+43750+,/kan1,1カン1かつ1ころす1,
戢,,182,,73,9,13,+63150+,/ji2,1シフ1(1シュウ1),
戥,等,182,000,73,9,13,+63150+,/deng3,1トウ1,
戤,,182,,73,9,13,+13150+,/dai4,1タイ1,
戦,戰,,183,73,9,13,+33550+,/zhan4,1セン1いくさ1たたかふ1(1たたかう1)1たたかひ1(1たたかい1)1おののく1そよぐ1,
戩,,182,,73,10,14,+13650+,/jian3,1セン1,
截,,182,,73,10,14,+43250+,/jie2,1セツ1セチ1,
戮,勠,183,048,73,11,15,+13250+,/lu4,1リク1ロク1ころす1あはせる1(1あわせる1),
戯(1),戲,,183,73,11,15,+23250+,/xi4,1キ1ケ1ギ1ゲ1たはむれる1(1たわむれる1)1たはむれ1(1たわむれ1)1ざれ1たはける1(1たわける1),
戯(2),戲,,183,73,11,15,+23250+,/xi4,1キ1ケ1ギ1ゲ1,
戯(3),戲,,183,73,11,15,+23250+,/hu1,1コ1,
戱(1),戲,183,183,73,11,15,+23250+,/xi4,1キ1ケ1ギ1ゲ1たはむれる1(1たわむれる1)1たはむれ1(1たわむれ1)1ざれ1たはける1(1たわける1),
戱(2),戲,183,183,73,11,15,+23250+,/xi4,1キ1ケ1ギ1ゲ1,
戱(3),戲,183,183,73,11,15,+23250+,/hu1,1コ1,
戰,,183,,73,12,16,+63550+,/zhan4,1セン1いくさ1たたかふ1(1たたかう1)1たたかひ1(1たたかい1)1おののく1そよぐ1,
戲(1),,183,,73,13,17,+23250+,/xi4,1キ1ケ1ギ1ゲ1たはむれる1(1たわむれる1)1たはむれ1(1たわむれ1)1ざれ1たはける1(1たわける1),
戲(2),,183,,73,13,17,+23250+,/xi4,1キ1ケ1ギ1ゲ1,
戲(3),,183,,73,13,17,+23250+,/hu1,1コ1,
戳,,183,,73,14,18,+13250+,/chuo1,1タク1さす1つく1,
戴,,183,,73,14,18,+43850+,/dai4,1タイ1いただく1,
戶,,183,,74,0,4,+30277+,/hu4,1コ1ゴ1と1へ1とかんむり1とだれ1,
戸,戶,,183,74,0,4,+30277+,/hu4,1コ1ゴ1と1へ1とかんむり1とだれ1,
戹,阨,183,596,74,1,5,+30217+,/e4,1ヤク1せまい1ふさがる1くるしむ1わざはひ1(1わざわい1)1なやみ1,
戻(1),戾,,183,74,3,7,+30234+,/li4,1レイ1ライ1もどす1もどる1もとる1いたる1,
戻(2),戾,,183,74,3,7,+30234+,/li4,1レイ1ライ1,
戼,卯,184,054,74,3,7,+11227+,/mao3,1バウ1(1ボウ1)1メウ1(1ミョウ1)1う1,
戽,,183,,74,4,8,+30247+,/hu4,1コ1ゴ1,
戾(1),,183,,74,4,8,+30234+,/li4,1レイ1ライ1もどす1もどる1もとる1いたる1,
戾(2),,183,,74,4,8,+30234+,/li4,1レイ1ライ1,
房(1),,183,,74,4,8,+30227+,/fang2,1ハウ1(1ホウ1)1バウ1(1ボウ1)1ふさ1へや1ねや1ねま1いへ1(1いえ1),
房(2),,183,,74,4,8,+30227+,/pang2,1ハウ1(1ホウ1)1バウ1(1ボウ1),
所,,184,,74,4,8,+72221+,/suo3,1シヨ1(1ショ1)1ソ1ところ1れる1られる1ばかり1,
扁(1),,184,,74,5,9,+30227+,/bian3,1ヘン1ベン1たひらか1(1たいらか1)1うすい1,
扁(2),,184,,74,5,9,+30227+,/pian1,1ヘン1ホン1ちひさい1(1ちいさい1),
扂,,184,,74,5,9,+30261+,/dan1,1タン1,
扃,,184,,74,5,9,+30227+,/jiong1/jiong3,1ケイ1キヤウ1(1キョウ1),
扆,,184,,74,6,10,+30232+,/yi3,1イ1エ1,
扇(1),,184,,74,6,10,+30227+,/shan4,1セン1あふぎ1(1おうぎ1)1とびら1,
扇(2),,184,,74,6,10,+30227+,/shan1,1セン1あふぐ1(1あおぐ1)1あふる1(1あおる1),
扈,雇,184,604,74,7,11,+72217+,/hu4,1コ1ゴ1したがふ1(1したがう1)1とどめる1つきそふ1(1つきそう1)1はびこる1ひろい1,
扉,,184,,74,8,12,+30211+,/fei1,1ヒ1とびら1,
手,,184,,75,0,4,+20500+,/shou3,1シウ1(1シュウ1)1シユ1(1シュ1)1て1た1てづから1(1てずから1),
才,纔,185,417,75,0,3,+40200+,/cai2,1サイ1ザイ1わづかに1(1わずかに1)1はじめて1ざえ1,
扎(1),,185,,75,1,4,+52010+,/zha1,1サツ1サチ1かまへる1(1かまえる1)1ぬく1,
扎(2),紮,,404,75,1,4,+52010+,/zha1,1サツ1サチ1とどまる1からげる1たばねる1,
扎(3),札,209,234,75,1,4,+52010+,/zha2,1サツ1サチ1ふだ1さつ1さね1,
扐,,185,,75,2,5,+54027+,/le4,1ロク1,
扑,,185,,75,2,5,+53000+,/pu1,1ホク1ボク1,
扒,,185,,75,2,5,+58000+,/ba1/ba2,1ハイ1ヘ1,
打,,185,,75,2,5,+51020+,/da3,1テイ1チヤウ1(1チョウ1)1ダ1うつ1だーす1,
扔,,185,,75,2,5,+57027+,/reng3/reng1,1ジヨウ1(1ジョウ1)1ニヨウ1(1ニョウ1),
払(1),拂,,189,75,2,5,+52030+,/fu2,1フツ1フチ1はらふ1(1はらう1)1さからふ1(1さからう1)1はらひ1(1はらい1),
払(2),弻,,157,75,2,5,+52030+,/bi4,1ヒツ1ビチ1,
払(3),拂,,189,75,2,5,+52030+,/fo2,1フツ1,
扑,撲,,205,75,2,5,+53000+,/pu1,1ハク1バク1ボク1うつ1なぐる1,
托,,185,,75,3,6,+52014+,/tuo1,1タク1あづける1(1あずける1)1たのむ1のせる1おく1おす1,
扛,,185,,75,3,6,+51010+,/gang1,1カウ1(1コウ1)1あげる1かつぐ1,
扦,,185,,75,3,6,+52040+,/qian1,1セン1,
扞,,186,,75,3,6,+51040+,/han4,1カン1ふせぐ1つかへる1(1つかえる1)1こばむ1をかす1(1おかす1),
扣,,186,,75,3,6,+56000+,/kou4,1コウ1ク1ひく1ひかへる1(1ひかえる1)1たたく1,
扢,,186,,75,3,6,+58017+,/yi4,1コツ1コチ1ゴチ1,
扪,捫,,195,75,3,6,+57020+,/men1,1ボン1モン1,
扬,揚,,199,75,3,6,+57027+,/yang2,1ヤウ1(1ヨウ1)1あげる1あがる1あげ1,
扩,擴,,207,75,3,6,+50000+,/kuo4,1クワク1(1カク1)1ひろげる1ひろがる1,
扭,,186,,75,4,7,+57015+,/niu3,1ヂウ1(1ジュウ1)1ニユ1(1ニュ1),
扮(1),,186,,75,4,7,+58027+,/fen3,1フン1まぜる1,
扮(2),,186,,75,4,7,+58027+,/ban4,1ハン1ヘン1フン1いでたつ1いでたち1かざる1よそほふ1(1よそおう1),
扯,,186,,75,4,7,+51010+,/che3,1シヤ1(1シャ1),
扱(1),,186,,75,4,7,+57047+,/cha2/cha4,1サフ1(1ソウ1)1ひく1あつかふ1(1あつかう1),
扱(2),,186,,75,4,7,+57047+,/xi1,1キフ1(1キュウ1)1をさめる1(1おさめる1),
扳,,186,,75,4,7,+51047+52047+,/ban1,1ハン1ヘン1,
扶,,186,,75,4,7,+55030+,/fu2,1フ1ブ1,
批,,186,,75,4,7,+51010+52010+,/pi1,1ヒ1ヘイ1ヘツ1ベチ1うつ1ふれる1ただす1,
扺,,186,,75,4,7,+52040+,/zhi3,1シ1,
扼,,186,,75,4,7,+51012+,/e4,1アク1ヤク1おさへる1(1おさえる1)1くびき1,
找(1),,187,,75,4,7,+53050+,/hua2,1クワ1(1カ1)1さをさす1(1さおさす1),
找(2),,187,,75,4,7,+53050+,/zhao3,1サウ1(1ソウ1),
承,,187,,75,4,8,+17232+,/cheng2,1シヨウ1(1ショウ1)1ジヨウ1(1ジョウ1)1うけたまはる1(1うけたまわる1)1うける1,
技,,187,,75,4,7,+54047+,/zhi4,1キ1ギ1わざ1たくみ1,
抃,,187,,75,4,7,+50030+,/bian4,1ヘン1ベン1うつ1たたく1,
抄,鈔,187,578,75,4,7,+59020+,/chao1,1サウ1(1ソウ1)1セウ1(1ショウ1)1かすめる1うつす1すく1ぬきがき1,
抆,,187,,75,4,7,+50040+,/wen4,1ブン1モン1,
抉,,187,,75,4,7,+55030+,/jue2,1ヱツ1(1エツ1)1ヱチ1(1エチ1)1ケツ1ケチ1ゑぐる1(1えぐる1)1ゆがけ1,
把,,187,,75,4,7,+57017+,/ba3,1ハ1ヘ1とる1にぎる1,
抑,,187,,75,4,7,+57020+,/yi4,1ヨク1イキ1おさへる1(1おさえる1)1そもそも1ふさぐ1,
抒,,187,,75,4,7,+57022+,/shu1,1シヨ1(1ショ1)1ジヨ1(1ジョ1)1チヨ1(1チョ1)1ヂヨ1(1ジョ1)1のべる1のばす1とく1ゆるめる1くむ1,
抓,,188,,75,4,7,+52030+,/zhua1,1サウ1(1ソウ1)1セウ1(1ショウ1)1かく1つまむ1つかむ1つねる1,
抔,,188,,75,4,7,+51090+,/pou2,1ホウ1ブ1ハイ1ヘ1すくふ1(1すくう1)1など1,
投,,188,,75,4,7,+57047+,/tou2,1トウ1ヅ1(1ズ1)1なげる1,
抖,,188,,75,4,7,+54000+,/dou3,1トウ1ヅ1(1ズ1)1ふるへる1(1ふるえる1)1あげる1,
抗,,188,,75,4,7,+50017+,/kang4,1カウ1(1コウ1)1あげる1あたる1さからふ1(1さからう1)1こばむ1はりあふ1(1はりあう1)1ふせぐ1,
折(1),,188,,75,4,7,+52021+,/zhe2,1セツ1セチ1ゼチ1をる1(1おる1)1をれる1(1おれる1)1をり1(1おり1)1くじける1,
折(2),,188,,75,4,7,+52021+,/she2,1ゼツ1,
抜,拔,,190,75,4,7,+54047+,/ba2,1ハツ1バチ1ぬく1ぬける1ぬかす1ぬかる1ぬかり1,
抡,掄,,196,75,4,7,+58012+,/lun2,1ロン1リン1,
抚(1),撫,,205,75,4,7,+51012+,/fu3,1フ1ブ1ム1なでる1,
抚(2),撫,,205,75,4,7,+51012+,/mo2,1ボ1モ1まねる1,
抢(1),搶,,202,75,4,7,+58012+,/qiang3,1シヤウ1(1ショウ1)1サウ1(1ソウ1)1とる1,
抢(2),搶,,202,75,4,7,+58012+,/qiang1/chuang3,1シヤウ1(1ショウ1)1サウ1(1ソウ1)1つく1,
抢(3),搶,,202,75,4,7,+58012+,/cang1,1シヤウ1(1ショウ1)1サウ1(1ソウ1),
抢(4),搶,,202,75,4,7,+58012+,/qiang4,1シヤウ1(1ショウ1)1サウ1(1ソウ1),
抠,摳,,203,75,4,7,+51014+,/kou1,1コウ1ク1,
抟,摶,,203,75,4,7,+55032+,/tuan2,1タン1ダン1まるめる1まるい1のる1よる1,
択,擇,,206,75,4,7,+57087+,/ze2/zhai2,1タク1ヂヤク1(1ジャク1)1えらぶ1,
护,護,,525,75,4,7,+53007+,/hu4,1コ1ゴ1まもる1まもり1,
抝(1),拗,,191,75,4,7,+57020+,/ao3,1アウ1(1オウ1)1エウ1(1ヨウ1)1ねじる1ねじれる1,
抝(2),拗,,191,75,4,7,+57020+,/ao4,1アウ1(1オウ1)1エウ1(1ヨウ1)1すねる1,
抨,,188,,75,5,8,+51049+,/peng1,1ハウ1(1ホウ1)1ヒヤウ1(1ヒョウ1),
披,,188,,75,5,8,+54047+,/pi1/pie1,1ヒ1ひらく1きる1かぶる1ひきづな1,
抬(1),,189,,75,5,8,+53060+,/chi1,1チ1,
抬(2),,189,,75,5,8,+53060+,/tai2,1タイ1もたげる1もちあげる1,
抱,,189,,75,5,8,+57012+,/bao4,1ハウ1(1ホウ1)1バウ1(1ボウ1)1だく1いだく1かかへる1(1かかえる1),
抵(1),,189,,75,5,8,+52040+,/di3,1テイ1タイ1いたる1いたす1あたる1あてる1おす1こばむ1,
抵(2),,189,,75,5,8,+52040+,/zhi3,1シ1うつ1なげうつ1,
抶,,189,,75,5,8,+55030+,/chi3,1チツ1テチ1テツ1ヂチ1(1ジチ1),
抹,,189,,75,5,8,+55090+,/mo3/mo4,1バツ1マチ1マツ1こする1なでる1けす1こな1,
押,,189,,75,5,8,+56050+,/ya1/ya2,1アフ1(1オウ1)1おす1おさへる1(1おさえる1)1かぶせる1おし1,
抽,,189,,75,5,8,+55060+,/chou1,1チウ1(1チュウ1)1チユ1(1チュ1)1ヂユ1(1ジュ1)1ひく1ぬく1,
抿,,189,,75,5,8,+57047+,/min3,1ビン1ミン1,
拂(1),,189,,75,5,8,+55027+,/fu2,1フツ1フチ1はらふ1(1はらう1)1さからふ1(1さからう1)1はらひ1(1はらい1),
拂(2),弻,189,157,75,5,8,+55027+,/bi4,1ヒツ1ビチ1,
拂(3),,189,,75,5,8,+55027+,/fo2,1フツ1,
拄,,190,,75,5,8,+50014+,/zhu3,1シユ1(1シュ1)1ヂユ1(1ジュ1),
拆,,190,,75,5,8,+52031+,/che4/chai1,1タク1チヤク1(1チャク1)1ひらく1さく1やぶる1,
拇,,190,,75,5,8,+57050+,/mu3,1ボウ1モ1ボ1おやゆび1,
拈,,190,,75,5,8,+51060+,/nian2,1デン1ネン1ひねる1,
拉(1),,190,,75,5,8,+50018+,/la1/la2,1ラフ1(1ロウ1)1くだく1,
拉(2),,190,,75,5,8,+50018+,/la1,1ラフ1(1ロウ1)1ひく1,
拊,,190,,75,5,8,+54000+,/fu3,1フ1うつ1なでる1つける1,
抛,,190,,75,5,8,+54012+,/pao1,1ハウ1(1ホウ1)1ヘウ1(1ヒョウ1)1なげる1なげうつ1,
拌(1),,190,,75,5,8,+59050+,/pan1,1ハン1さける1すてる1わる1,
拌(2),,190,,75,5,8,+59050+,/ban4,1ハン1バン1かきまぜる1,
拍,,190,,75,5,8,+56000+,/po4/bai1,1ハク1ヒヤク1(1ヒャク1)1ハウ1(1ホウ1)1ヒヤウ1(1ヒョウ1),
拎,,190,,75,5,8,+58037+,/ling1,1レイ1,
拏,,190,,75,5,8,+47502+,/na2,1ダ1ナ1ひく1とらへる1(1とらえる1),
拐,,190,,75,5,8,+56027+,/guai3,1カイ1かたる1かどわかす1つゑ1(1つえ1),
拒,,190,,75,5,8,+51017+,/ju4,1キヨ1(1キョ1)1コ1ゴ1こばむ1ふせぐ1,
拓(1),,190,,75,5,8,+51060+,/tuo4,1タク1チヤク1(1チャク1)1ひらく1,
拓(2),,190,,75,5,8,+51060+,/ta4,1タフ1(1トウ1),
拔,,190,,75,5,8,+53047+,/ba2,1ハツ1バチ1ぬく1ぬける1ぬかす1ぬかる1ぬかり1,
拖,,191,,75,5,8,+58012+,/tuo1,1タ1,
拗(1),,191,,75,5,8,+54027+,/ao3,1アウ1(1オウ1)1エウ1(1ヨウ1)1ねじる1ねじれる1,
拗(2),,191,,75,5,8,+54027+,/ao4,1アウ1(1オウ1)1エウ1(1ヨウ1)1すねる1,
拘,,191,,75,5,8,+57020+,/ju1,1ク1コウ1とらへる1(1とらえる1)1かかはる1(1かかわる1)1とらはれる1(1とらわれる1)1こだはる1(1こだわる1)1とどめる1,
拙,,191,,75,5,8,+52072+,/zhuo2,1セツ1セチ1つたない1,
拚(1),,191,,75,5,8,+53040+,/bian4,1ヘン1ベン1,
拚(2),,191,,75,5,8,+53040+,/fen4,1フン1ホン1,
拚(3),翻,191,425,75,5,8,+53040+,/fan1,1ハン1ホン1とぶ1ひるがへる1(1ひるがえる1)1ひるがへす1(1ひるがえす1)1くつがへる1(1くつがえる1)1くつがへす1(1くつがえす1),
拚(4),拌,191,190,75,5,8,+53040+,/pan1,1ハン1さける1すてる1わる1,
招,,191,,75,5,8,+57062+,/zhao1,1セウ1(1ショウ1)1まねく1まねき1,
拣,揀,,198,75,5,8,+55094+,/jian3,1カン1ケン1レン1えらぶ1わける1,
拜,,191,,75,5,9,+21550+,/bai4,1ハイ1ヘ1をがむ1(1おがむ1),
拝,拜,,191,75,5,8,+51050+,/bai4,1ハイ1ヘ1をがむ1(1おがむ1),
拨,撥,,204,75,5,8,+53047+,/bo1,1ハツ1ハチ1バチ1はねる1かかげる1をさめる1(1おさめる1)1ひらく1,
拥,擁,,205,75,5,8,+57020+,/yong3/yong1,1ヨウ1ユ1いだく1まもる1,
择,擇,,206,75,5,8,+57054+,/ze2/zhai2,1タク1ヂヤク1(1ジャク1)1えらぶ1,
担(1),擔,209,206,75,5,8,+56010+,/dan1,1タン1かつぐ1になふ1(1になう1),
担(2),擔,209,206,75,5,8,+56010+,/dan4,1タン1,
拠,據,,206,75,5,8,+57041+,/ju4,1キヨ1(1キョ1)1コ1よる1よりどころ1,
拧,擰,,207,75,5,8,+53021+,/ning2/ning3,1ダウ1(1ドウ1)1ニヤウ1(1ニョウ1),
拡,擴,,207,75,5,8,+50032+,/kuo4,1クワク1(1カク1)1ひろげる1ひろがる1,
拢,攏,,208,75,5,8,+53014+,/long3,1ロウ1ル1,
拦,攔,,208,75,5,8,+58011+,/lan2,1ラン1,
拋,抛,209,190,75,5,8,+54012+,/pao1,1ハウ1(1ホウ1)1ヘウ1(1ヒョウ1)1なげる1なげうつ1,
拕,拖,209,191,75,5,8,+53012+,/tuo1,1タ1,
11942,扼,209,186,75,5,8,+53017+,/e4,1アク1ヤク1おさへる1(1おさえる1)1くびき1,
拑,箝鉗,209,390579,75,5,8,+54070+,/qian2,1ケン1ゲン1カン1くびかせ1つぐむ1とざす1はさむ1かなばさみ1,
拿,拏,191,190,75,6,9,+80502+,/na2,1ダ1ナ1ひく1とらへる1(1とらえる1),
括,,191,,75,6,9,+52064+,/gua1,1クワツ1(1カツ1)1クワチ1(1カチ1)1くくる1くびる1くびれる1,
拭,,191,,75,6,9,+53040+,/shi4,1シヨク1(1ショク1)1シキ1ぬぐふ1(1ぬぐう1)1ふく1,
拮,,191,,75,6,9,+54061+,/jie2,1ケツ1ケチ1キツ1キチ1しめる1せめる1せまる1はたらく1,
拯,,191,,75,6,9,+57013+,/zheng3,1シヨウ1(1ショウ1)1すくふ1(1すくう1)1たすける1,
拱,,191,,75,6,9,+54081+,/gong3,1キヨウ1(1キョウ1)1ク1こまぬく1こまねく1,
拳,,192,,75,6,10,+90502+,/quan2,1ケン1ゲン1こぶし1,
拴,,192,,75,6,9,+58014+,/shuan1,1セン1,
拶,,192,,75,6,9,+52027+,/zan3/za1,1サツ1サチ1せまる1,
拷,,192,,75,6,9,+54027+,/kao3,1カウ1(1コウ1)1ガウ1(1ゴウ1)1うつ1かすめる1,
拽(1),,192,,75,6,9,+55006+,/ye4,1エツ1エチ1ひく1,
拽(2),曳,192,229,75,6,9,+55006+,/zhuai4,1エイ1セイ1ゼイ1ひく1,
拾(1),,192,,75,6,9,+58061+,/shi2,1シフ1(1シュウ1)1ジフ1(1ジュウ1)1ひろふ1(1ひろう1)1とを1(1とお1),
拾(2),,192,,75,6,9,+58061+,/she4,1セフ1(1ショウ1)1ゼフ1(1ジョウ1),
持,,192,,75,6,9,+54041+,/chi2,1チ1ヂ1(1ジ1)1もつ1たもつ1もち1もてる1,
挂,掛,192,197,75,6,9,+54014+,/gua4,1クワイ1(1カイ1)1ケ1ケイ1かける1かかる1,
指,,192,,75,6,9,+51061+52061+,/zhi3,1シ1ゆび1さす1および1,
挈,,192,,75,6,10,+57502+,/qie4,1ケツ1ケチ1ひつさげる1(1ひっさげる1)1たづさへる1(1たずさえる1),
按,,193,,75,6,9,+53044+,/an4,1アン1おさへる1(1おさえる1)1かんがへる1(1かんがえる1)1しらべる1,
挐,拏,193,190,75,6,10,+46502+,/ru3/na2,1ヂヨ1(1ジョ1)1ニヨ1(1ニョ1)1ダ1ナ1ひく1とらへる1(1とらえる1),
挑(1),,193,,75,6,9,+52013+,/tiao1,1テウ1(1チョウ1)1いどむ1かかげる1えらぶ1になふ1(1になう1),
挑(2),,193,,75,6,9,+52013+,/tiao3,1テウ1(1チョウ1),
挑(3),,193,,75,6,9,+52013+,/tao1,1タウ1(1トウ1)1はねる1,
挟,挾,,194,75,6,9,+55030+,/xie2/xia2,1ケフ1(1キョウ1)1ゲフ1(1ギョウ1)1はさむ1はさまる1わきばさむ1さしはさむ1,
挖,,193,,75,6,9,+53017+,/wa1,1アツ1,
挅,,193,,75,6,9,+57094+,/duo3,1タ1ダ1,
挣,掙,,197,75,6,9,+57057+,/zheng1/zheng4,1サウ1(1ソウ1),
挥,揮,,200,75,6,9,+57054+,/hui1,1キ1ふるふ1(1ふるう1)1ふるひ1(1ふるい1),
挚,摯,,203,75,6,10,+55502+,/zhi4,1シ1とる1いたる1にへ1(1にえ1)1まこと1,
挦,撏,,204,75,6,9,+57047+,/xun2,1セン1ゼン1,
挠,撓,,204,75,6,9,+55012+,/nao2,1ダウ1(1ドウ1)1ネウ1(1ニョウ1)1カウ1(1コウ1)1たわめる1たわむ1ためる1みだす1みだれる1,
挢,撟,,204,75,6,9,+52028+,/qiao3,1ケウ1(1キョウ1),
挞,撻,,205,75,6,9,+54038+,/ta4,1タツ1タチ1うつ1,
挝,撾,,205,75,6,9,+54030+,/zhua1,1タ1タツ1,
挡(1),擋,,206,75,6,9,+59077+,/dang4/dang3,1タウ1(1トウ1),
挡(2),攩,,209,75,6,9,+59077+,/dang3,1タウ1(1トウ1)1シヤウ1(1ショウ1),
挤,擠,,206,75,6,9,+50024+,/ji3,1おす1おとす1おしのける1おとしいれる1くじく1,
挛(1),攣,,209,75,6,10,+00502+,/lvan2/luan2,1レン1かかる1ひく1,
挛(2),攣,,209,75,6,10,+00502+,/lian4/luan2,1レン1つる1ひきつる1,
挙,舉,,444,75,6,10,+32502+,/ju3,1キヨ1(1キョ1)1コ1あげる1あがる1こぞる1,
挨,,193,,75,7,10,+53034+,/ai1,1アイ1せまる1おす1ひらく1,
挪,,193,,75,7,10,+57027+,/nuo2,1ダ1,
挫,,193,,75,7,10,+58014+,/cuo4,1サ1ザ1くじく1くじける1,
振(1),,193,,75,7,10,+51032+,/zhen4,1シン1ふる1ふるふ1(1ふるう1)1すくふ1(1すくう1)1ふり1,
振(2),,193,,75,7,10,+51032+,/zhen1,1シン1,
挱,,193,,75,7,10,+59020+,/suo1/sha1,1サ1,
挹,,193,,75,7,10,+56017+,/yi4,1イフ1(1ユウ1)1オフ1(1オウ1),
挻,,193,,75,7,10,+52041+,/tong3,1テイ1チヤウ1(1チョウ1),
挼,,194,,75,7,10,+52044+,/nuo2,1ダ1ナ1,
挽,輓,194,548,75,7,10,+57016+,/wan3,1ベン1メン1バン1マン1ひく1いたむ1,
12116(1),翻,194,425,75,7,10,+50043+,/fan1,1ヘン1ホン1ひるがへる1(1ひるがえる1)1ひるがへす1(1ひるがえす1)1くつがへる1(1くつがえる1)1くつがへす1(1くつがえす1),
12116(2),拌,194,190,75,7,10,+50043+,/pan1,1ハン1さける1すてる1わる1,
挾,,194,,75,7,10,+54038+,/xie2/xia2,1ケフ1(1キョウ1)1ゲフ1(1ギョウ1)1はさむ1はさまる1わきばさむ1さしはさむ1,
捃,,194,,75,7,10,+57067+,/jun4,1クン1,
捆,,194,,75,7,10,+56000+,/kun3,1コン1,
捉,,194,,75,7,10,+56081+,/zhuo1,1サク1ソク1とらへる1(1とらえる1),
捋,,194,,75,7,10,+52043+,/le4,1ラツ1ラチ1,
捌,,194,,75,7,10,+52000+,/ba1,1ハツ1ハチ1わかつ1わける1さばく1,
捍,扞,194,186,75,7,10,+56041+,/han4,1カン1ふせぐ1つかへる1(1つかえる1)1こばむ1をかす1(1おかす1),
捎(1),,194,,75,7,10,+59027+,/shao1,1サウ1(1ソウ1)1セウ1(1ショウ1),
捎(2),,194,,75,7,10,+59027+,/shao1,1サウ1(1ソウ1)1セウ1(1ショウ1),
捏,,194,,75,7,10,+56014+,/nie1,1デツ1ネチ1ネツ1こねる1こじつける1つくねる1,
捐,,194,,75,7,10,+56027+,/juan1,1エン1すてる1のぞく1あたへる1(1あたえる1)1かふ1(1かう1),
捕,,194,,75,7,10,+53027+,/pu3,1ホ1ブ1フ1とらへる1(1とらえる1)1とらはれる1(1とらわれる1)1とる1つかまへる1(1つかまえる1)1つかまる1,
挿,插,,199,75,7,10,+52056+,/cha1,1サフ1(1ソウ1)1さす1さしはさむ1,
换,換,,199,75,7,10,+57084+,/huan4,1クワン1(1カン1)1グワン1(1ガン1)1かへる1(1かえる1)1かはる1(1かわる1),
损,損,,200,75,7,10,+56082+,/sun3,1ソン1,
捣,搗,,201,75,7,10,+57027+,/dao3,1タウ1(1トウ1)1つく1たたく1うつ1,
捞,撈,,203,75,7,10,+54027+,/lao2/lao1,1ラウ1(1ロウ1)1レウ1(1リョウ1)1すくふ1(1すくう1)1すくひとる1(1すくいとる1)1とる1,
捓,揶,209,200,75,7,10,+57027+,/ye2,1ヤ1あざける1からかふ1(1からかう1),
捧,,195,,75,8,11,+55053+,/peng3,1ホウ1ブ1ささげる1かかへる1(1かかえる1),
捨,,195,,75,8,11,+58061+,/she3,1シヤ1(1シャ1)1すてる1ほどこす1,
捩(1),,195,,75,8,11,+53034+,/lie4,1レツ1レチ1ねぢる1(1ねじる1)1ねぢ1(1ねじ1)1もぢる1(1もじる1)1もぢり1(1もじり1),
捩(2),,195,,75,8,11,+53034+,/li4,1レイ1ライ1ばち1,
捫,,195,,75,8,11,+57020+,/men1,1ボン1モン1,
捭,,195,,75,8,11,+56040+,/bai3,1ハイ1ヘ1,
据(1),拮,195,191,75,8,11,+57064+,/ju1,1キヨ1(1キョ1)1コ1,
据(2),,195,,75,8,11,+57064+,/ju4,1キヨ1(1キョ1)1コ1すゑる1すわる1,
据(3),據,195,206,75,8,11,+57064+,/ju4,1キヨ1(1キョ1)1コ1よる1よりどころ1,
捱,,195,,75,8,11,+51014+,/ai2,1ガイ1,
捲(1),,195,,75,8,11,+59012+,/juan3,1ケン1ゲン1まく1まくる1めくる1いさむ1,
捲(2),,195,,75,8,11,+59012+,/quan2,1ケン1ゲン1,
捵,,195,,75,8,11,+55081+,/chen1,1テン1,
捶,,195,,75,8,11,+52014+,/chui2,1スヰ1(1スイ1)1むちうつ1うつ1むち1,
捷(1),,195,,75,8,11,+55081+,/jie2,1セフ1(1ショウ1)1かつ1かち1はやい1さとい1,
捷(2),,195,,75,8,11,+55081+,/qie4,1セフ1(1ショウ1),
捺,,195,,75,8,11,+54091+,/na4,1ダツ1ナチ1ナツ1おす1おさへる1(1おさえる1),
捻(1),,195,,75,8,11,+58032+,/nie1/nie4,1デフ1(1ジョウ1)1ネフ1(1ニョウ1)1ネン1ひねる1こねる1,
捻(2),,195,,75,8,11,+58032+,/nian3,1ネン1よる1,
捽,,195,,75,8,11,+50048+,/cu2/zuo2,1ソツ1ゾチ1,
掀,,196,,75,8,11,+57082+,/xian1,1ケン1ゴン1あがる1あげる1,
掂,,196,,75,8,11,+50061+,/dian1,1テン1,
掃,,196,,75,8,11,+57027+,/sao3,1サウ1(1ソウ1)1はく1はらふ1(1はらう1),
掄,,196,,75,8,11,+58027+,/lun2,1ロン1リン1,
掇,,196,,75,8,11,+57047+,/duo2,1タツ1タチ1テツ1テチ1,
授,,196,,75,8,11,+52047+,/shou4,1シウ1(1シュウ1)1ジユ1(1ジュ1)1さづける1(1さずける1)1さづかる1(1さずかる1),
掉,,196,,75,8,11,+51046+,/diao4,1テウ1(1チョウ1)1デウ1(1ジョウ1)1タウ1(1トウ1)1ふる1ふるふ1(1ふるう1)1ふれる1,
掊(1),,196,,75,8,11,+50061+,/pou2,1ホウ1ブ1フウ1ベウ1(1ビョウ1),
掊(2),,196,,75,8,11,+50061+,/pou2,1ホウ1フ1,
掌,,196,,75,8,12,+90502+,/zhang3,1シヤウ1(1ショウ1)1サウ1(1ソウ1)1たなごころ1てのひら1つかさどる1になふ1(1になう1),
掎,,196,,75,8,11,+54021+,/zhi3,1キ1ひく1ひきとめる1かたむく1,
掏,,196,,75,8,11,+57020+,/tao2,1タウ1(1トウ1)1ダウ1(1ドウ1)1えらぶ1すくふ1(1すくう1)1する1,
掐,,196,,75,8,11,+57077+,/qia1,1カフ1(1コウ1),
排,,196,,75,8,11,+51011+,/pai2,1ハイ1ベ1おしのける1つらねる1ひろげる1,
掖,,197,,75,8,11,+50047+,/yi4/ye4,1エキ1ヤク1わき1たすける1わきばさむ1,
掘,,197,,75,8,11,+57072+,/jue2,1クツ1グチ1ケツ1グワチ1(1ガチ1)1コツ1ゴチ1ほる1,
掙,,197,,75,8,11,+52057+,/zheng1/zheng4,1サウ1(1ソウ1),
掛,,197,,75,8,11,+53000+,/gua4,1クワイ1(1カイ1)1ケ1ケイ1かける1かかる1かかり1かけ1,
掞,,197,,75,8,11,+59089+,/shan4,1セン1エン1,
掠,,197,,75,8,11,+50096+,/lve4,1リヤク1(1リャク1)1リヤウ1(1リョウ1)1かすめる1かする1かすれる1むちうつ1,
採,,197,,75,8,11,+52094+,/cai3,1サイ1とる1,
探,,197,,75,8,11,+57094+,/tan1/tan4,1タン1ドン1さぐる1さがす1たづねる1(1たずねる1),
掣,,197,,75,8,12,+22502+,/che4,1セツ1セチ1テツ1テチ1セイ1おさへる1(1おさえる1)1ひく1,
接,,197,,75,8,11,+50044+,/jie1,1セフ1(1ショウ1)1セツ1つぐ1まぢはる1(1まじわる1)1うける1,
控,,197,,75,8,11,+53011+,/kong4,1コウ1ク1ひかへる1(1ひかえる1)1ひく1ひかへ1(1ひかえ1)1つげる1,
推,,198,,75,8,11,+50014+,/tui1,1タイ1テ1スヰ1(1スイ1)1おす1,
掩,,198,,75,8,11,+54016+,/yan3,1エン1おほふ1(1おおう1)1かくす1おそふ1(1おそう1)1かばふ1(1かばう1),
措,,198,,75,8,11,+54061+,/cuo4,1ソ1おく1はからふ1(1はからう1),
掫,,198,,75,8,11,+51047+,/zou1,1ソウ1ス1よまはり1(1よまわり1),
掬,,198,,75,8,11,+57020+,/ju2,1キク1コク1すくふ1(1すくう1),
掮,,198,,75,8,11,+53027+,/qian2,1ケン1,
掯,,198,,75,8,11,+51027+,/keng4,1カウ1(1コウ1),
掽,掽,,198,75,8,11,+58017+,/peng4,1ハウ1(1ホウ1),
描,描,,199,75,8,11,+54060+,/miao2,1ベウ1(1ビョウ1)1メウ1(1ミョウ1)1ゑがく1(1えがく1)1かく1,
掲(1),揭,,200,75,8,11,+56027+,/jie1,1ケツ1ケチ1ゲチ1かかげる1,
掲(2),揭,,200,75,8,11,+56027+,/qi4,1ケイ1ゲイ1,
掻(1),搔,,201,75,8,11,+57036+,/sao1,1サウ1(1ソウ1)1かく1さわぐ1,
掻(2),搔,,201,75,8,11,+57036+,/zhao3,1サウ1(1ソウ1),
掴,摑,,202,75,8,11,+56000+,/guo2,1クワク1(1カク1)1カク1キヤク1(1キャク1)1つかむ1,
掼,摜,,202,75,8,11,+57082+,/guan4,1クワン1(1カン1)1ケン1なれる1ならす1ならはし1(1ならわし1),
掳,擄,,205,75,8,11,+51027+,/lu3/luo3,1ロ1,
捦,擒,209,206,75,8,11,+58019+,/qin2,1キン1ゴン1とらへる1とりこ1,
捴,總,209,414,75,8,11,+58032+,/zong3,1ソウ1ス1ふさ1すべる1すべて1,
捼,挼,209,194,75,8,11,+52044+,/nuo2,1ダ1ナ1,
捥,腕,209,436,75,8,11,+53012+,/wan4,1ワン1うで1かいな1,
掽,,198,,75,9,12,+58017+,/peng4,1ハウ1(1ホウ1)1つく1はえ1,
掾,,198,,75,9,12,+57032+,/yuan4,1エン1よる1たすける1じよう1(1じょう1),
揀,,198,,75,9,12,+55096+,/jian3,1カン1ケン1レン1えらぶ1わける1,
揃,,198,,75,9,12,+58021+,/jian3,1セン1そろふ1(1そろう1)1そろへる1(1そろえる1)1そろひ1(1そろい1),
揄,,198,,75,9,12,+58021+,/yu2,1ユ1ぬく1ひく1ひきだす1からかふ1(1からかう1),
揆,,198,,75,9,12,+52034+,/kui2/kui3,1キ1ギ1はかる1はかりごと1つかさ1みち1やりかた1,
揉,,199,,75,9,12,+57094+,/rou2,1ジウ1(1ジュウ1)1ニウ1(1ニュウ1)1ヂウ1(1ジュウ1)1ニユ1(1ニュ1)1いりまじる1もむ1やはらげる1(1やわらげる1),
揎,,199,,75,9,12,+53016+,/xuan1,1セン1,
描,,199,,75,9,12,+54060+,/miao2,1ベウ1(1ビョウ1)1メウ1(1ミョウ1)1ゑがく1(1えがく1)1かく1,
提,,199,,75,9,12,+56081+,/ti2,1テイ1ダイ1さげる1ひつさげる1(1ひっさげる1)1ひく1,
插,,199,,75,9,12,+52077+,/cha1,1サフ1(1ソウ1)1さす1さしはさむ1,
揷,插,,199,75,9,12,+52057+,/cha1,1サフ1(1ソウ1)1さす1さしはさむ1,
揕,,199,,75,9,12,+54011+,/zhen4,1チン1,
揖(1),,199,,75,9,12,+56041+,/yi1,1イフ1(1ユウ1)1イツ1くむ1,
揖(2),輯,199,550,75,9,12,+56041+,/chi2,1シフ1(1シュウ1),
揖(3),挹,199,193,75,9,12,+56041+,/yi1,1イフ1(1ユウ1),
揚,,199,,75,9,12,+56027+,/yang2,1ヤウ1(1ヨウ1)1あげる1あがる1あげ1,
換,,199,,75,9,12,+57034+,/huan4,1クワン1(1カン1)1グワン1(1ガン1)1かへる1(1かえる1)1かはる1(1かわる1),
揜,,199,,75,9,12,+58046+,/yan3,1エン1,
揠,,199,,75,9,12,+51014+,/ya4,1アツ1エチ1,
握,,199,,75,9,12,+57014+,/wo4,1アク1にぎる1にぎり1,
揢(1),,199,,75,9,12,+53064+,/ke4,1カク1キヤク1(1キャク1),
揢(2),,199,,75,9,12,+53064+,/ka2,1ガ1,
揣,,199,,75,9,12,+52027+,/chuai3,1スヰ1(1スイ1)1シ1そろへる1(1そろえる1)1をさめる1(1おさめる1)1はかる1おしはかる1,
揩,,200,,75,9,12,+51061+52061+,/kai1,1カイ1ぬぐふ1(1ぬぐう1)1する1こする1,
揪,,200,,75,9,12,+59080+,/jiu1,1シウ1(1シュウ1)1シユ1(1シュ1)1ジユ1(1ジュ1),
揫,,200,,75,9,12,+29502+,/jiu1,1シウ1(1シュウ1)1シユ1(1シュ1)1ジユ1(1ジュ1),
揭(1),,200,,75,9,12,+56027+,/jie1,1ケツ1ケチ1ゲチ1かかげる1,
揭(2),,200,,75,9,12,+56027+,/qi4,1ケイ1ゲイ1,
揮,,200,,75,9,12,+57056+,/hui1,1キ1ふるふ1(1ふるう1)1ふるひ1(1ふるい1),
揲(1),,200,,75,9,12,+54094+,/she2,1セツ1ゼチ1,
揲(2),,200,,75,9,12,+54094+,/die2,1エフ1(1ヨウ1)1テフ1(1チョウ1)1デフ1(1ジョウ1),
援(1),,200,,75,9,12,+52047+,/yuan2,1ヱン1(1エン1)1ヲン1(1オン1)1ひく1とる1,
援(2),,200,,75,9,12,+52047+,/yuan4,1ヱン1(1エン1)1たすける1たすけ1,
揶,,200,,75,9,12,+57027+,/ye2,1ヤ1あざける1からかふ1(1からかう1),
揗,,200,,75,9,12,+52064+,/xun3/xun4,1シユン1(1シュン1)1ジユン1(1ジュン1),
揸,,200,,75,9,12,+54017+,/zha1,1サ1,
揺,搖,,201,75,9,12,+52072+,/yao2,1エウ1(1ヨウ1)1ゆれる1ゆる1ゆらぐ1ゆるぐ1ゆする1ゆさぶる1ゆすぶる1ゆるがす1,
揾,搵,,201,75,9,12,+56012+,/wen4,1ヲン1(1オン1)1ウン1,
搂,摟,,202,75,9,12,+59044+,/lou2/lou3,1ロウ1ル1,
揿,撳,,205,75,9,12,+57082+,/qin4,1キン1,
搁,擱,,207,75,9,12,+57020+,/ge2,1カク1おく1,
掷,擲,,207,75,9,12,+57027+,/ji2,1テキ1ヂヤク1(1ジャク1)1なげうつ1なげる1すてる1,
搀,攙,,208,75,9,12,+57033+,/chan1,1サン1ザン1,
搅,攪,,209,75,9,12,+59012+,/jiao3,1カウ1(1コウ1)1ケウ1(1キョウ1)1カク1まぜる1みだす1かきみだす1,
揽,攬,,209,75,9,12,+58012+,/lan3,1ラン1とる1すべる1つまむ1,
揑,捏,209,194,75,9,12,+57011+,/nie1,1デツ1ネチ1ネツ1こねる1こじつける1つくねる1,
揔,總,209,414,75,9,12,+57032+,/zong3,1ソウ1ス1ふさ1すべる1すべて1,
12416(1),撰,,205,75,9,12,+57081+,/zhuan4,1サン1セン1,
12416(2),撰,,205,75,9,12,+57081+,/zhuan3/zhuan4,1セン1,
12416(3),撰,,205,75,9,12,+57081+,/xuan3,1セン1えらぶ1える1すぐる1よる1,
12445(1),捷,,195,75,9,12,+51081+,/jie2,1セフ1(1ショウ1)1かつ1かち1はやい1さとい1,
12445(2),捷,,195,75,9,12,+51081+,/qie4,1セフ1(1ショウ1),
揅,12568,209,202,75,9,12,+11502+,/yan2,1ケン1,
搆(1),,200,,75,10,13,+55047+,/gou4,1コウ1ク1かまへる1(1かまえる1),
搆(2),,200,,75,10,13,+55047+,/gou4,1コウ1ク1ひく1,
搉(1),,200,,75,10,13,+54014+,/que4,1カク1,
搉(2),,200,,75,10,13,+54014+,/que4,1カク1,
搊,,200,,75,10,13,+57027+,/chou1,1シウ1(1シュウ1)1シユ1(1シュ1),
損,,200,,75,10,13,+56086+,/sun3,1ソン1,
搏,,200,,75,10,13,+53042+,/bo2,1ハク1ヒヤク1(1ヒャク1)1うつ1とる1つかむ1つかまへる1(1つかまえる1)1はばたく1,
搐,,200,,75,10,13,+50063+,/chu4,1テク1トク1,
搒(1),榜,201,256,75,10,13,+50027+,/bang4,1ハウ1(1ホウ1),
搒(2),,201,,75,10,13,+50027+,/bang4,1ハウ1(1ホウ1)1ビヤウ1(1ビョウ1),
搓,,201,,75,10,13,+58011+,/cao1,1サウ1(1ソウ1)1よる1こする1もる1,
搔(1),,201,,75,10,13,+57036+,/sao1,1サウ1(1ソウ1)1かく1さわぐ1,
搔(2),,201,,75,10,13,+57036+,/zhao3,1サウ1(1ソウ1),
搖,,201,,75,10,13,+57072+,/yao2,1エウ1(1ヨウ1)1ゆれる1ゆる1ゆらぐ1ゆるぐ1ゆする1ゆさぶる1ゆすぶる1ゆるがす1,
搗,擣,201,207,75,10,13,+57027+,/dao3,1タウ1(1トウ1)1つく1たたく1うつ1,
搘,,201,,75,10,13,+54061+,/zhi1,1シ1,
搜,,201,,75,10,13,+57047+,/sou1,1ソウ1ス1シウ1(1シュウ1)1シユ1(1シュ1)1さがす1さぐる1,
搢,,201,,75,10,13,+51061+,/jin4,1シン1,
搤,,201,,75,10,13,+58017+,/e4,1アク1ヤク1おさへる1(1おさえる1)1つかむ1,
搥,,201,,75,10,13,+57037+,/chui2,1ツヰ1(1ツイ1)1ヅヰ1(1ヅイ1),
搦,,201,,75,10,13,+57027+,/nuo4,1ダク1ニヨク1(1ニョク1)1ヂヤク1(1ジャク1)1ニヤク1(1ニャク1)1からめる1とる1からむ1しばりあげる1,
搧,,201,,75,10,13,+53027+,/shan1,1セン1,
搨,,201,,75,10,13,+56027+,/ta4,1タフ1(1トウ1)1する1のる1のせる1うつす1なする1,
搪,,201,,75,10,13,+50067+,/tang2,1タウ1(1トウ1)1ダウ1(1ドウ1),
搬(1),,201,,75,10,13,+57047+,/pan2,1ハン1バン1のぞく1,
搬(2),,201,,75,10,13,+57047+,/ban1,1ハン1バン1はこぶ1うつす1,
搭,,201,,75,10,13,+54061+,/da1,1タフ1(1トウ1)1のる1のせる1つける1,
搴,,201,,75,10,14,+30502+,/qian1,1ケン1セン1ぬく1かかげる1とる1,
搵,,201,,75,10,13,+56017+,/wen4,1ヲン1(1オン1)1ウン1,
搶(1),,202,,75,10,13,+58067+,/qiang3,1シヤウ1(1ショウ1)1サウ1(1ソウ1)1とる1,
搶(2),,202,,75,10,13,+58067+,/qiang1/chuang3,1シヤウ1(1ショウ1)1サウ1(1ソウ1)1つく1,
搶(3),,202,,75,10,13,+58067+,/cang1,1シヤウ1(1ショウ1)1サウ1(1ソウ1),
搶(4),,202,,75,10,13,+58067+,/qiang4,1シヤウ1(1ショウ1)1サウ1(1ソウ1),
搾,,202,,75,10,13,+53011+,/zha4,1サク1サ1しぼる1,
搿,,202,,75,10,14,+22550+,/ge4,1カク1,
搳,,202,,75,10,13,+53061+,/xia2,1カフ1(1コウ1),
搽,,202,,75,10,13,+54094+,/cha2,1チヤ1(1チャ1)1サ1,
搡,,202,,75,10,13,+57094+,/sang3,1サウ1(1ソウ1),
搲,,202,,75,10,13,+53032+,/wa1,1ワ1,
摆(1),擺,,207,75,10,13,+56032+,/bai3,1ハイ1バイ1ひらく1ならべる1ふるふ1(1ふるう1),
摆(2),襬,,506,75,10,13,+56032+,/bai3,1ヒ1ハイ1すそ1,
摅,攄,,208,75,10,13,+51031+,/shu1,1チヨ1(1チョ1)1ト1,
携,攜,209,208,75,10,13,+50027+,/xi1,1ケイ1たづさへる1(1たずさえる1)1たづさはる1(1たずさわる1),
摂,攝,,208,75,10,13,+51032+,/she4,1セフ1(1ショウ1)1セツ1とる1かねる1かはる1(1かわる1)1はさまる1,
摄,攝,,208,75,10,13,+51047+,/she4,1セフ1(1ショウ1)1セツ1とる1かねる1かはる1(1かわる1)1はさまる1,
摊,攤,,209,75,10,13,+50015+,/tan1,1タン1ひらく1のばす1ひろげる1ゆるやか1わりあてる1,
12568,,202,,75,11,15,+11502+,/yan2,1ケン1,
摏,,202,,75,11,14,+55077+,/chong1,1シヨウ1(1ショウ1)1シユ1(1シュ1),
摑,,202,,75,11,14,+56000+,/guo2,1クワク1(1カク1)1カク1キヤク1(1キャク1)1つかむ1,
摒,擋,202,206,75,11,14,+57041+,/bing4,1ヘイ1,
摔,,202,,75,11,14,+50043+,/shuai1,1シユツ1(1シュツ1)1シユチ1(1シュチ1)1ソツ1,
摘,,202,,75,11,14,+50027+,/zhe2/zhai1,1テキ1チヤク1(1チャク1)1タク1つむ1つまむ1とる1,
摛,,202,,75,11,14,+50027+,/zhi1,1チ1,
摜,慣,202,177,75,11,14,+57086+,/guan4,1クワン1(1カン1)1ケン1なれる1ならす1ならはし1(1ならわし1),
摟,,202,,75,11,14,+55044+,/lou2/lou3,1ロウ1ル1,
摧,,202,,75,11,14,+52014+,/cui1,1サイ1ゼ1くじく1くだく1くだける1,
摩,,202,,75,11,15,+00252+,/mo2,1バ1マ1する1なでる1さする1こする1みがく1せまる1,
摭,,203,,75,11,14,+50037+,/zhi2,1セキ1シヤク1(1シャク1),
摯,,203,,75,11,15,+44502+,/zhi4,1シ1とる1いたる1にへ1(1にえ1)1まこと1,
摳,,203,,75,11,14,+51016+,/kou1,1コウ1ク1,
摴,,203,,75,11,14,+51027+,/shu1,1チヨ1(1チョ1),
摶,,203,,75,11,14,+55043+,/tuan2,1タン1ダン1まるめる1まるい1のる1よる1,
摸(1),,203,,75,11,14,+54034+,/mo1/mao2,1バク1マク1さぐる1,
摸(2),摹,203,203,75,11,14,+54034+,/mo2,1ボ1モ1なでる1まねる1,
摹,,203,,75,11,15,+44502+,/mo2,1ボ1モ1なでる1まねる1,
摺(1),,203,,75,11,14,+57062+,/zhe2,1セフ1(1ショウ1)1たたむ1する1,
摺(2),,203,,75,11,14,+57062+,/la1,1ラフ1(1ロウ1)1ひしぐ1くじく1,
摻(1),,203,,75,11,14,+53022+,/shan1,1サン1セン1,
摻(2),,203,,75,11,14,+53022+,/shan3,1サン1,
摻(3),,203,,75,11,14,+53022+,/can4,1サン1,
摽(1),,203,,75,11,14,+51091+,/biao3,1ヘウ1(1ヒョウ1)1ベウ1(1ビョウ1),
摽(2),,203,,75,11,14,+51091+,/biao1,1ヘウ1(1ヒョウ1)1ベウ1(1ビョウ1),
撂,,203,,75,11,14,+56064+,/liao4,1リヤク1(1リャク1),
撃,擊,,206,75,11,15,+57502+,/ji2,1ケキ1ギヤク1(1ギャク1)1ゲキ1うつ1,
撄,攖,,208,75,11,14,+57044+,/ying1,1エイ1ヤウ1(1ヨウ1),
摠,總,209,414,75,11,14,+56030+,/zong3,1ソウ1ス1ふさ1すべる1すべて1,
摣,揸,209,200,75,11,14,+51017+,/zha1,1サ1,
撅,,203,,75,12,15,+51082+,/que1,1ケツ1クワチ1(1カチ1),
撇,,203,,75,12,15,+58040+,/pie3/pie1,1ヘツ1ヘチ1,
撈,,203,,75,12,15,+59027+,/lao2/lao1,1ラウ1(1ロウ1)1レウ1(1リョウ1)1すくふ1(1すくう1)1すくひとる1(1すくいとる1)1とる1,
撏,,204,,75,12,15,+57046+,/xun2,1セン1ゼン1,
撐,,204,,75,12,15,+59041+,/cheng1,1タウ1(1トウ1)1チヤウ1(1チョウ1),
撒,,204,,75,12,15,+58040+,/sa1/sa3,1サツ1サチ1サン1まく1,
撓,,204,,75,12,15,+54011+,/nao2,1ダウ1(1ドウ1)1ネウ1(1ニョウ1)1カウ1(1コウ1)1たわめる1たわむ1ためる1みだす1みだれる1,
撕(1),,204,,75,12,15,+52021+,/xi1,1セイ1サイ1いましめる1,
撕(2),,204,,75,12,15,+52021+,/si1,1シ1さく1,
撙,,204,,75,12,15,+58046+,/zun1/zun3,1ソン1さく1,
撚,,204,,75,12,15,+53033+,/nian3,1デン1ネン1ひねる1よる1より1,
撝,,204,,75,12,15,+52027+,/hui1,1キ1,
撞,,204,,75,12,15,+50014+,/chuang2/zhuang4,1タウ1(1トウ1)1ダウ1(1ドウ1)1シユ1(1シュ1)1つく1,
撟,,204,,75,12,15,+52027+,/qiao3,1ケウ1(1キョウ1),
撤,,204,,75,12,15,+58040+,/che4,1テツ1デチ1すてる1,
撥,,204,,75,12,15,+52047+,/bo1,1ハツ1ハチ1バチ1はねる1かかげる1をさめる1(1おさめる1)1ひらく1,
撦,,204,,75,12,15,+54064+,/che3,1シヤ1(1シャ1),
撩,,204,,75,12,15,+54096+,/liao2/liao1,1レウ1(1リョウ1)1ラウ1(1ロウ1)1からげる1いどむ1みだれる1もとる1をさめる1(1おさめる1),
撫(1),,205,,75,12,15,+58031+,/fu3,1フ1ブ1ム1なでる1,
撫(2),摹,205,203,75,12,15,+58031+,/mo2,1ボ1モ1まねる1,
撬,,205,,75,12,15,+52014+,/qiao4,1キヤウ1(1キョウ1),
播(1),,205,,75,12,15,+52069+,/bo4,1ハ1ハン1バン1まく1ちらす1ちる1しく1さすらふ1(1さすらう1),
播(2),,205,,75,12,15,+52069+,/bo4,1ハ1ハン1バン1,
撮,,205,,75,12,15,+56047+,/cuo4,1サツ1サチ1つまむ1つまみ1とる1,
撰(1),,205,,75,12,15,+57081+,/zhuan4,1サン1セン1,
撰(2),,205,,75,12,15,+57081+,/zhuan3/zhuan4,1セン1,
撰(3),選,205,561,75,12,15,+57081+,/xuan3,1セン1えらぶ1える1すぐる1よる1,
撲,,205,,75,12,15,+52034+,/pu1,1ハク1バク1ボク1うつ1なぐる1,
撳,,205,,75,12,15,+57082+,/qin4,1キン1,
擒,,206,,75,12,15,+58027+,/qin2,1キン1ゴン1とらへる1とりこ1,
撵,攆,,208,75,12,15,+55054+,/nian3,1ネン1,
撺,攛,,208,75,12,15,+53056+,/cuan1,1サン1ザン1,
撹,攪,,209,75,12,15,+57016+,/jiao3,1カウ1(1コウ1)1ケウ1(1キョウ1)1カク1まぜる1みだす1かきみだす1,
撑,撐,209,204,75,12,15,+59052+,/cheng1,1タウ1(1トウ1)1チヤウ1(1チョウ1),
撡(1),操,,206,75,12,15,+53098+,/cao1,1サウ1(1ソウ1)1あやつる1とる1,
撡(2),操,,206,75,12,15,+53098+,/cao4,1サウ1(1ソウ1)1みさを1(1みさお1),
擕,攜,209,208,75,12,15,+50027+,/xi1,1ケイ1たづさへる1(1たずさえる1)1たづさはる1(1たずさわる1),
撻,,205,,75,13,16,+54034+,/ta4,1タツ1タチ1うつ1,
撼,,205,,75,13,16,+53035+,/han4,1うごかす1ゆらぐ1ゆるがす1,
撾,,205,,75,13,16,+57032+,/zhua1,1タ1タツ1,
擁,,205,,75,13,16,+50014+,/yong3/yong1,1ヨウ1ユ1いだく1まもる1,
擂(1),,205,,75,13,16,+51063+,/lei2,1ライ1する1すりつぶす1みがく1,
擂(2),,205,,75,13,16,+51063+,/lei4,1ライ1うつ1,
擄,,205,,75,13,16,+51027+,/lu3/luo3,1ロ1,
擅,,205,,75,13,16,+50016+,/shan4,1セン1ゼン1ほしいまま1ゆずる1,
擇,,206,,75,13,16,+56041+,/ze2/zhai2,1タク1ヂヤク1(1ジャク1)1えらぶ1,
擊,,206,,75,13,17,+57502+,/ji2,1ケキ1ギヤク1(1ギャク1)1ゲキ1うつ1,
擋,攩,206,209,75,13,16,+59066+,/dang4/dang3,1タウ1(1トウ1),
操(1),,206,,75,13,16,+56094+,/cao1,1サウ1(1ソウ1)1あやつる1とる1,
操(2),,206,,75,13,16,+56094+,/cao4,1サウ1(1ソウ1)1みさを1(1みさお1),
擎,,206,,75,13,16,+48502+,/qing2,1ケイ1キヤウ1(1キョウ1),
擔(1),,206,,75,13,16,+57061+,/dan1,1タン1かつぐ1になふ1(1になう1),
擔(2),,206,,75,13,16,+57061+,/dan4,1タン1,
擗,,206,,75,13,16,+50041+,/bi4,1ヘキ1ビヤク1(1ビャク1),
擘(1),,206,,75,13,16,+70502+,/bo4,1ハク1ヒヤク1(1ヒャク1)1さく1さける1,
擘(2),,206,,75,13,16,+70502+,/bo4,1ハク1ヒヤク1(1ヒャク1)1おやゆび1,
據,,206,,75,13,15,+51032+,/ju4,1キヨ1(1キョ1)1コ1よる1よりどころ1,
擞,擻,,207,75,13,16,+58040+,/sou3/sou4,1ソウ1ス1,
擠,,206,,75,14,16,+50023+,/ji3,1おす1おとす1おしのける1おとしいれる1くじく1,
擡,抬,206,189,75,14,16,+54014+,/tai2,1タイ1ダイ1もたげる1もちあげる1,
擢,,207,,75,14,17,+57014+,/zhuo2,1タク1ヂヨク1(1ジョク1)1テキ1ぬきんでる1ぬく1あげる1,
擣,搗,207,201,75,14,16,+54041+,/dao3,1タウ1(1トウ1)1うつ1たたく1つく1,
擦,,207,,75,14,16,+53091+,/ca1,1サツ1セチ1する1すれる1かすれる1こする1さする1なする1,
擪,,207,,75,14,17,+71252+,/ye4,1エフ1(1ヨウ1)1テフ1(1チョウ1)1デフ1(1ジョウ1)1ネフ1(1ニョウ1),
擥,攬,207,209,75,14,17,+78502+,/lan3,1ラン1,
擬,,207,,75,14,17,+57081+,/ni3,1ギ1はかる1なぞらへる1(1なぞらえる1)1まがひ1(1まがい1)1もどき1,
擭,,207,,75,14,17,+54047+,/huo4,1クワ1(1カ1)1ゲ1ワク1,
擰,,207,,75,14,17,+53021+,/ning2/ning3,1ダウ1(1ドウ1)1ニヤウ1(1ニョウ1),
擱,閣,207,593,75,14,17,+57020+,/ge2,1カク1おく1,
擧,舉,209,444,75,14,17,+77502+,/ju3,1キヨ1(1キョ1)1コ1あげる1あがる1こぞる1,
12856,拜,209,191,75,14,17,+52043+,/bai4,1ハイ1ヘ1をがむ1(1おがむ1),
擲,,207,,75,15,18,+57027+,/ji2,1テキ1ヂヤク1(1ジャク1)1なげうつ1なげる1すてる1,
擴,,207,,75,15,18,+50086+,/kuo4,1クワク1(1カク1)1ひろげる1ひろがる1,
擷,扱,207,186,75,15,18,+51086+,/xie2/jie2,1ケツ1ケチ1ゲチ1,
擺,,207,,75,15,18,+56011+,/bai3,1ハイ1バイ1ひらく1ならべる1ふるふ1(1ふるう1),
擻,,207,,75,15,18,+58040+,/sou3/sou4,1ソウ1ス1,
擽(1),,207,,75,15,18,+52094+,/lve4,1リヤク1(1リャク1)1ラク1うつ1むちうつ1くすぐる1,
擽(2),,207,,75,15,18,+52094+,/li4,1レキ1リヤク1(1リャク1),
擾,,207,,75,15,18,+51047+,/rao3,1ゼウ1(1ジョウ1)1ネウ1(1ニョウ1)1みだす1みだれる1わづらはしい1(1わずらわしい1)1ならす1なれる1,
擿(1),,207,,75,15,18,+50032+,/zhi2,1テキ1ヂヤク1(1ジャク1),
擿(2),,207,,75,15,18,+50032+,/ti1,1テキ1チヤク1(1チャク1),
攀,,208,,75,15,18,+44502+,/pan1,1ハン1ヘン1よじる1そる1そらす1すがる1,
攄,,208,,75,15,18,+51036+,/shu1,1チヨ1(1チョ1)1ト1,
攆,,208,,75,15,18,+55056+,/nian3,1ネン1,
攅(1),攢,209,208,75,15,18,+54086+,/cuan2,1サン1ザン1あつめる1あつまる1,
攅(2),攢,209,208,75,15,18,+54086+,/cuan2,1サン1うがつ1きる1きはめる1(1きわめる1)1のみ1きり1,
12924,攜,209,208,75,15,18,+50027+,/xi1,1ケイ1たづさへる1(1たずさえる1)1たづさはる1(1たずさわる1),
攏,,208,,75,16,19,+51011+,/long3,1ロウ1ル1,
攈,捃攟,208,194209,75,16,19,+50094+,/jun4,1クン1,
攒(1),攢,,208,75,16,19,+54082+,/cuan2,1サン1ザン1あつめる1あつまる1,
攒(2),攢,,208,75,16,19,+54082+,/cuan2,1サン1うがつ1きる1きはめる1(1きわめる1)1のみ1きり1,
攔,,208,,75,17,20,+57020+,/lan2,1ラン1,
攖,,208,,75,17,20,+56044+,/ying1,1エイ1ヤウ1(1ヨウ1),
攘(1),,208,,75,17,20,+50032+,/rang2,1ジヤウ1(1ジョウ1)1ニヤウ1(1ニョウ1)1ぬすむ1はらふ1(1はらう1),
攘(2),,208,,75,17,20,+50032+,/rang3,1ダウ1(1ドウ1)1ニヤウ1(1ニョウ1)1みだれる1,
攙,,208,,75,17,20,+57013+,/chan1,1サン1ザン1,
攛,掇,208,196,75,18,21,+53017+,/cuan1,1サン1ザン1,
攜,,208,,75,18,21,+52027+,/xi1,1ケイ1たづさへる1(1たずさえる1)1たづさはる1(1たずさわる1),
攝,,208,,75,18,21,+51041+,/she4,1セフ1(1ショウ1)1セツ1とる1かねる1かはる1(1かわる1)1はさまる1,
攢(1),,208,,75,19,22,+54086+,/cuan2,1サン1ザン1あつめる1あつまる1,
攢(2),鑽,208,590,75,19,22,+54086+,/cuan2,1サン1うがつ1きる1きはめる1(1きわめる1)1のみ1きり1,
攣(1),,209,,75,19,23,+22502+,/lvan2/luan2,1レン1かかる1ひく1,
攣(2),,209,,75,19,23,+22502+,/lian4/luan2,1レン1つる1ひきつる1,
攤,,209,,75,19,22,+50014+,/tan1,1タン1ひらく1のばす1ひろげる1ゆるやか1わりあてる1,
攟,捃,209,194,75,19,22,+50061+,/jun4,1クン1,
攩,,209,,75,20,23,+59031+,/dang3,1タウ1(1トウ1)1シヤウ1(1ショウ1),
攪,,209,,75,20,23,+59016+,/jiao3,1カウ1(1コウ1)1ケウ1(1キョウ1)1カク1まぜる1みだす1かきみだす1,
攫,,209,,75,20,23,+56047+,/jue2,1クワク1(1カク1)1つかむ1さらふ1(1さらう1)1かすめとる1,
攬,,209,,75,21,24,+58016+,/lan3,1ラン1とる1すべる1つまむ1,
攮,,209,,75,21,24,+50032+,/nang3,1ダウ1(1ドウ1)1ナウ1(1ノウ1),
支,,209,,76,0,4,+40407+,/zhi1,1シ1ささへる1(1ささえる1)1わかれ1えだ1ささへ1(1ささえ1)1わかつ1つかへ1(1つかえ1)1かふ1(1かう1),
攲,,210,,76,8,12,+44647+,/qi1,1キ1かたむく1そばだつ1そばだてる1,
攴,,210,,77,0,4,+21407+,/pu1,1ホク1うつ1たたく1しぶん1ぼくづくり1ぼくねう1(1ぼくにょう1),
攵,,攴,210,77,0,4,+80400+,/pu1,1ホク1のぶん1,
收,,210,,77,2,6,+28740+,/shou1,1シウ1(1シュウ1)1シユ1(1シュ1)1をさまる1(1おさまる1)1をさめる1(1おさめる1),
攷,考,210,426,77,2,6,+18240+,/kao3,1カウ1(1コウ1)1かんがへる1(1かんがえる1)1かんがへ1(1かんがえ1),
攸,,210,,77,3,7,+28240+,/you1,1イウ1(1ユウ1)1ユ1ところ1すなはち1(1すなわち1)1ここに1もつて1(1もって1),
改,,210,,77,3,7,+18740+,/gai3,1カイ1あらたまる1あらためる1,
攻,,210,,77,3,7,+18140+,/gong1,1コウ1ク1せめるをさめる1(1おさめる1)1みがく1,
放(1),,210,,77,4,8,+08240+,/fang4,1ハウ1(1ホウ1)1はなす1はなつ1はなれる1まかす1ほしいままにする1おく1ならべる1,
放(2),,210,,77,4,8,+08240+,/fang3,1ハウ1(1ホウ1)1いたる1ならふ1(1ならう1),
政,,211,,77,4,8,+18140+,/zheng4,1セイ1シヤウ1(1ショウ1)1まつりごと1ただす1,
败,敗,,212,77,4,8,+78840+,/bai4,1ハイ1ヘ1やぶる1やぶれる1,
敁,,211,,77,5,9,+21647+,/dian1,1テン1,
故,,211,,77,5,9,+48640+,/gu4,1コ1ク1ゆゑ1(1ゆえ1)1ふるい1もと1もとより1ゆゑに1(1ゆえに1)1ことさらに1,
13158(1),更,214,229,77,5,9,+10407+,/geng1,1カウ1(1コウ1)1キヤウ1(1キョウ1)1ふける1ふかす1あらためる1かへる1(1かえる1)1かはる1(1かわる1)1つぐ1こもごも1へる1,
13158(2),更,214,229,77,5,9,+10407+,/geng4,1カウ1(1コウ1)1キヤウ1(1キョウ1)1さら1さらに1,
敂,叩,214,061,77,5,9,+28640+,/kou3/kou4,1コウ1ク1たたく1はたく1ひかへる1(1ひかえる1),
效,,211,,77,6,10,+08440+,/xiao4,1カウ1(1コウ1)1ゲウ1(1ギョウ1)1きく1しるし1かひ1(1かい1)1いたす1ならふ1(1ならう1),
敉,,211,,77,6,10,+98940+,/mi3,1ビ1ミ1,
敏,敏,,212,77,6,10,+88540+,/min3,1ビン1ミン1さとい1とし1,
毙,斃,,213,77,6,10,+22212+,/bi4,1ヘイ1ベイ1たふれる1(1たおれる1)1たふす1(1たおす1)1やぶれる1ほろびる1しぬ1,
敍,,211,,77,7,11,+81947+,/xu4,1ジヨ1(1ジョ1)1ゾ1のべる1はしがき1,
敘,敍,,211,77,7,11,+88940+,/xu4,1ジヨ1(1ジョ1)1ゾ1のべる1はしがき1,
敎(1),,211,,77,7,11,+48440+,/jiao4,1カウ1(1コウ1)1ケウ1(1キョウ1)1をしへる1(1おしえる1)1をそはる1(1おそわる1)1をしへ1(1おしえ1),
敎(2),,211,,77,7,11,+48440+,/jiao1,1カウ1(1コウ1)1ケウ1(1キョウ1)1しむ1せしむ1,
教(1),敎,,211,77,7,11,+48440+,/jiao4,1カウ1(1コウ1)1ケウ1(1キョウ1)1をしへる1(1おしえる1)1をそはる1(1おそわる1)1をしへ1(1おしえ1),
教(2),敎,,211,77,7,11,+48440+,/jiao1,1カウ1(1コウ1)1ケウ1(1キョウ1)1しむ1せしむ1,
敏,,212,,77,7,11,+88540+,/min3,1ビン1ミン1さとい1とし1,
救,,212,,77,7,11,+48140+,/jiu4,1キウ1(1キュウ1)1ク1すくふ1(1すくう1)1たすける1すくひ1(1すくい1),
敔,,212,,77,7,11,+18640+,/yu3,1ギヨ1(1ギョ1)1ゴ1,
敕,,212,,77,7,11,+58940+,/chi4,1チヨク1(1チョク1)1チキ1みことのり1,
敖(1),,212,,77,7,11,+48240+,/ao2,1ガウ1(1ゴウ1)1あそぶ1,
敖(2),傲,212,026,77,7,11,+48240+,/ao4,1ガウ1(1ゴウ1)1あなどる1おごる1,
敗,,212,,77,7,11,+68840+,/bai4,1ハイ1ヘ1やぶる1やぶれる1,
敛,斂,,214,77,7,11,+88140+,/lian4/lian3,1レン1あつめる1をさめる1(1おさめる1)1をさまる1(1おさまる1)1しまる1,
敝,,212,,77,8,12,+98240+,/bi4,1ヘイ1ベイ1やぶれる1やぶる1つかれる1おほふ1(1おおう1)1おとろへる1(1おとろえる1),
敞,,212,,77,8,12,+98240+,/chang3,1シヤウ1(1ショウ1)1ひろい1たかい1,
敪,故,212,211,77,8,12,+11447+,/duo2,1テツ1,
敢,,212,,77,8,12,+18140+,/gan3,1カン1あへて1(1あえて1),
散(1),,212,,77,8,12,+48240+,/san4,1サン1ちる1ちらす1ちらかす1ちらかる1,
散(2),,212,,77,8,12,+48240+,/san3,1サン1,
敦(1),,213,,77,8,12,+08440+,/dun1,1トン1あつい1をさめる1(1おさめる1),
敦(2),,213,,77,8,12,+08440+,/dui1,1タイ1テ1せまる1,
敦(3),,213,,77,8,12,+08440+,/dui4,1タイ1,
敦(4),,213,,77,8,12,+08440+,/dun3,1トン1,
53952,斅,,213,77,8,12,+31447+,/xiao4,1ガク1,
敬,,213,,77,9,13,+48640+,/jing4,1ケイ1キヤウ1(1キョウ1)1うやまふ1(1うやまう1)1つつしむ1,
13317(1),敦,214,213,77,9,13,+08640+,/dun1,1トン1あつい1をさめる1(1おさめる1),
13317(2),敦,214,213,77,9,13,+08640+,/dui1,1タイ1テ1せまる1,
13317(3),敦,214,213,77,9,13,+08640+,/dui4,1タイ1,
13317(4),敦,214,213,77,9,13,+08640+,/dun3,1トン1,
敭,揚,214,199,77,9,13,+68240+,/yang2,1ヤウ1(1ヨウ1)1あげる1あがる1あげ1,
数(1),數,,213,77,9,13,+98440+,/shu3,1シユ1(1シュ1)1ス1スウ1かず1かぞへる1(1かぞえる1),
数(2),數,,213,77,9,13,+98440+,/shu4,1ス1かず1,
数(3),數,,213,77,9,13,+98440+,/shuo4,1サク1ザク1しばしば1わづらはしい1(1わずらわしい1),
敲,,213,,77,10,14,+01247+,/qiao1,1カウ1(1コウ1)1ケウ1(1キョウ1)1たたく1,
敵,,213,,77,11,15,+08240+,/di2,1テキ1ヂヤク1(1ジャク1)1かたき1あだ1かなふ1(1かなう1),
13355(1),,213,,77,11,15,+27407+,/xuan4,1ケン1,
13355(2),,213,,77,11,15,+27407+,/xiong4,1ケイ1キヤウ1(1キョウ1)1とほい1(1とおい1)1はるか1,
敷,,213,,77,11,15,+58240+,/fu1,1フ1しく1のべる1あまねし1,
數(1),,213,,77,11,15,+58440+,/shu3,1シユ1(1シュ1)1ス1スウ1かず1かぞへる1(1かぞえる1),
數(2),,213,,77,11,15,+58440+,/shu4,1ス1かず1,
數(3),,213,,77,11,15,+58440+,/shuo4,1サク1ザク1しばしば1わづらはしい1(1わずらわしい1),
敺,驅,214,628,77,11,15,+71747+,/qu1,1ク1おふ1(1おう1)1かける1かる1はせる1,
整,,214,,77,12,16,+58101+,/zheng3,1セイ1シヤウ1(1ショウ1)1ととのへる1(1ととのえる1)1ととのふ1(1ととのう1),
斁(1),,214,,77,13,17,+68440+,/yi4,1エキ1ヤク1,
斁(2),,214,,77,13,17,+68440+,/du4,1ト1ツ1,
斂,,214,,77,13,17,+88840+,/lian4/lian3,1レン1あつめる1をさめる1(1おさめる1)1をさまる1(1おさまる1)1しまる1,
斃,,214,,77,14,18,+98211+,/bi4,1ヘイ1ベイ1たふれる1(1たおれる1)1たふす1(1たおす1)1やぶれる1ほろびる1しぬ1,
斅,,214,,77,16,20,+71447+,/xiao4,1ガク1,
文(1),,214,,78,0,4,+00400+,/wen2,1ブン1モン1ふみ1あや1もじ1たくみ1もん1,
文(2),,214,,78,0,4,+00400+,/wen4,1ブン1モン1かざる1,
斋,齋,215,654,78,6,10,+00227+,/zhai1,1サイ1いつく1つつしむ1とき1ものいみ1,
斌,,214,,78,7,11,+03440+,/bin1,1ヒン1うるはしい1(1うるわしい1),
斎,齋,,654,78,7,11,+00224+,/zhai1,1サイ1いつく1つつしむ1とき1ものいみ1,
斐,,214,,78,8,12,+11400+,/fei3,1ヒ1あや1,
斑,,214,,78,8,12,+11114+,/ban1,1ハン1ヘン1まだら1,
斒,,215,,78,9,13,+03427+,/ban1,1ハン1ヘン1,
斓,斕,,215,78,12,16,+07420+,/lan2,1ラン1レン1,
斕,斒,215,215,78,17,21,+07420+,/lan2,1ラン1レン1,
斗(1),,215,,79,0,4,+34000+,/dou3,1トウ1ツ1ト1ひしやく1(1ひしゃく1)1にはかに1(1にわかに1)1とます1,
斗(2),鬥鬬,215,632633,79,0,4,+34000+,/dou4,1トウ1ヅ1(1ズ1)1たたかふ1(1たたかう1),
料(1),,215,,79,6,10,+94900+,/liao4,1レウ1(1リョウ1)1はかる1,
料(2),,215,,79,6,10,+94900+,/liao4,1レウ1(1リョウ1),
斛,,215,,79,7,11,+24200+,/hu2,1コク1ゴク1ます1ますめ1,
斜(1),,215,,79,7,11,+84900+,/xie2,1シヤ1(1シャ1)1ジヤ1(1ジャ1)1ななめ1くむ1さか1はす1,
斜(2),,215,,79,7,11,+84900+,/ye2,1ヤ1,
斝,,215,,79,8,12,+66402+,/jia3,1カ1ケ1,
斟,,215,,79,9,13,+44700+,/zhen1,1シン1くむ1おしはかる1おもひやる1(1おもいやる1),
斠,,215,,79,10,14,+54500+,/jiao4,1カク1,
斡(1),,215,,79,10,14,+48440+,/wo4,1ワツ1ワチ1アツ1めぐる1めぐらす1,
斡(2),,215,,79,10,14,+48440+,/guan3,1クワン1(1カン1)1ケン1つかさどる1,
斤(1),,215,,80,0,4,+72221+,/jin1,1キン1コン1をの1(1おの1),
斤(2),,215,,80,0,4,+72221+,/jin4,1キン1コン1,
斥,,216,,80,1,5,+72231+,/chi4,1セキ1シヤク1(1シャク1)1しりぞける1ひらく1さける1みちる1うかがふ1(1うかがう1),
斧,,216,,80,4,8,+80221+,/fu3,1フ1をの1(1おの1),
斨,,216,,80,4,8,+22221+,/qiang1,1シヤウ1(1ショウ1)1サウ1(1ソウ1),
斩,斬,,216,80,4,8,+42521+,/zhan3,1サン1ザン1きる1たつ1たえる1,
斫,,216,,80,5,9,+12621+,/zhuo2,1シヤク1(1シャク1)1きる1うつ1,
斬,,216,,80,7,11,+52021+,/zhan3,1サン1ザン1きる1たつ1たえる1,
断(1),斷,216,216,80,7,11,+22721+,/duan4,1タン1ダン1たつ1ことわる1たえる1さだめる1ことわり1,
断(2),斷,216,216,80,7,11,+22721+,/duan4,1タン1ダン1さだめる1,
斮,,216,,80,8,12,+42621+,/zhuo2,1サク1シヤク1,
斯,,216,,80,8,12,+42821+,/si1,1シ1きる1さく1かく1これ1この1すなはち1(1すなわち1)1ここに1しろい1,
新,,216,,80,9,13,+02921+,/xin1,1シン1あたらしい1あらた1にい1あらたに1あら1,
斲,,216,,80,10,14,+72121+,/zhuo2,1タク1きる1,
斵,斲,216,216,80,13,17,+72121+,/zhuo2,1タク1きる1,
斷(1),,216,,80,14,18,+22721+,/duan4,1タン1ダン1たつ1ことわる1たえる1さだめる1ことわり1,
斷(2),,216,,80,14,18,+22721+,/duan4,1タン1ダン1さだめる1,
方,,217,,81,0,4,+00227+,/fang1,1ハウ1ホウ1かた1ならべる1くらべる1いかだ1やぶる1あたる1まさに1はじめて1,
於(1),,217,,81,4,8,+08233+,/wu1,1オ1ウ1ああ1,
於(2),,217,,81,4,8,+08233+,/yu2,1ヨ1オ1おいて1おける1をる1(1おる1)1に1より1,
13627(1),旁,219,217,81,4,8,+00227+,/pang2,1ハウ1(1ホウ1)1バウ1(1ボウ1)1かたはら1(1かたわら1)1つくり1,
13627(2),旁,219,217,81,4,8,+00227+,/pang4,1ハウ1(1ホウ1)1バウ1(1ボウ1)1よる1,
13627(3),旁,,217,81,4,8,+00227+,/beng2,1ハウ1(1ホウ1)1ヒヤウ1(1ヒョウ1),
13627(4),旁,219,217,81,4,8,+00227+,/pang1,1ハウ1(1ホウ1)1バウ1(1ボウ1)1ひろがる1あまねし1,
施(1),,217,,81,5,9,+08212+,/shi1,1シ1ほどこす1ほどこし1うつる1,
施(2),,217,,81,5,9,+08212+,/shi4,1シ1ほどこす1ほどこし1,
施(3),,217,,81,5,9,+08212+,/yi4,1イ1のびる1のばす1,
斿,,217,,81,5,9,+08247+,/yu2,1イウ1(1ユウ1)1ユ1はたあし1,
斾(1),施,219,217,81,5,9,+08227+,/shi1,1シ1ほどこす1ほどこし1うつる1,
斾(2),施,219,217,81,5,9,+08227+,/shi4,1シ1ほどこす1ほどこし1,
斾(3),施,219,217,81,5,9,+08227+,/yi4,1イ1のびる1のばす1,
旁(1),,217,,81,6,10,+00227+,/pang2,1ハウ1(1ホウ1)1バウ1(1ボウ1)1かたはら1(1かたわら1)1つくり1,
旁(2),,217,,81,6,10,+00227+,/pang4,1ハウ1(1ホウ1)1バウ1(1ボウ1)1よる1,
旁(3),,217,,81,6,10,+00227+,/beng2,1ハウ1(1ホウ1)1ヒヤウ1(1ヒョウ1),
旁(4),,217,,81,6,10,+00227+,/pang1,1ハウ1(1ホウ1)1バウ1(1ボウ1)1ひろがる1あまねし1,
旂,旗,217,218,81,6,10,+08221+,/qi2,1キ1ギ1はた1,
旃,,217,,81,6,10,+08247+,/zhan1,1セン1あかはた1はた1けおりもの1これ1,
旄(1),,217,,81,6,10,+08214+,/mao2,1バウ1(1ボウ1)1マウ1(1モウ1)1はた1,
旄(2),耄,217,426,81,6,10,+08214+,/mao4,1バウ1(1ボウ1)1マウ1(1モウ1),
旅,,217,,81,6,10,+08232+,/lv3,1リヨ1(1リョ1)1ロ1いくさ1たび1ならぶ1つらねる1,
旆,,218,,81,6,10,+08227+,/pei4,1ハイ1バイ1はた1,
旋,,218,,81,7,11,+08281+,/xuan2,1セン1ゼン1めぐる1かへる1(1かえる1)1めぐらす1ついで1いばり1,
旌,,218,,81,7,11,+08214+,/jing1,1セイ1シヤウ1(1ショウ1)1あらはす1(1あらわす1)1はた1ほめる1,
旎,旑,218,218,81,7,11,+08212+,/ni3,1ヂ1(1ジ1)1ニ1,
族,,218,,81,7,11,+08234+,/zu2*,1ソク1ゾク1やから1,
旉,敷,219,213,81,7,11,+53227+,/fu1,1フ1しく1のべる1あまねし1,
13664,旃,219,217,81,7,11,+08257+,/zhan1,1セン1あかはた1はた1けおりもの1これ1,
旐,,218,,81,8,12,+08213+,/zhao4,1テウ1(1チョウ1)1デウ1(1ジョウ1),
旒,,218,,81,9,13,+08213+,/liu2,1リウ1(1リュウ1)1ル1はたあし1ふきながし1ながれ1たまかざり1,
旓,,218,,81,9,13,+08227+,/shao1,1サウ1(1ソウ1)1セウ1(1ショウ1),
旖,,218,,81,10,14,+08221+,/yi3,1イ1,
旗,,218,,81,10,14,+08281+,/qi2,1キ1ギ1はた1,
旙,旛,,218,81,12,16,+02269+,/fan1,1ハン1ホン1バ1はた1,
旛,,218,,81,14,18,+08269+,/fan1,1ハン1ホン1バ1はた1,
旝,,218,,81,15,19,+08266+,/guai4,1クワイ1(1カイ1),
旟,,219,,81,16,20,+08281+,/yu2,1ヨ1,
无,無,219,314,82,0,4,+10410+,/wu2,1ブ1ム1ない1,
旡,无,,219,82,0,4,+10410+,/ji4,1キ1むせぶ1つまる1,
既,旣,,219,82,5,9,+71714+,/ji4,1キ1ケ1すでに1つくす1つきる1,
旣,,219,,82,7,11,+21714+,/ji4,1キ1ケ1すでに1つくす1つきる1,
旤,禍,219,372,82,9,13,+71214+,/huo4,1クワ1(1カ1)1グワ1(1ガ1)1わざはひ1(1わざわい1),
日,,221,,83,0,4,+60100+,/ri4,1ジツ1ニチ1ひ1か1ひび1,
旦,,221,,83,1,5,+60100+,/dan4,1タン1ダン1あした1,
旧,舊,,444,83,1,5,+26000+,/jiu4,1キウ1(1キュウ1)1ク1ふるい1ふる1もと1,
旨,,221,,83,2,6,+21601+22601+,/zhi3,1シ1うまい1むね1,
早,,221,,83,2,6,+60400+,/zao1,1サウ1(1ソウ1)1はやい1はやまる1はやめる1つとに1はやく1さ1,
旬,,221,,83,2,6,+27620+,/xun2,1シユン1(1シュン1)1ジユン1(1ジュン1)1あまねし1,
旭,,221,,83,2,6,+46010+,/xu4,1キヨク1(1キョク1)1コク1あさひ1あきらか1,
旰,,221,,83,3,7,+61040+,/gan4/han4,1カン1,
旱,,221,,83,3,7,+60401+,/gan4,1カン1ガン1かわく1ひでり1,
时,時,,224,83,3,7,+64000+,/shi2,1シ1ジ1とき1ときに1うかがふ1(1うかがう1)1これ1この1,
旷,曠,,229,83,3,7,+60000+,/kuang4,1クワウ1(1コウ1)1あかるい1あきらか1むなしい1ひろい1,
旺,,221,,83,4,8,+61014+,/wang4,1ワウ1(1オウ1)1さかん1,
旻,,221,,83,4,8,+60400+,/min2,1ビン1ミン1あきぞら1そら1,
昂,,222,,83,4,8,+60127+,/ang2,1ガウ1(1ゴウ1)1カウ1(1コウ1)1あがる1あげる1あふぐ1(1あおぐ1),
昃,,222,,83,4,8,+60281+,/ze4,1シヨク1(1ショク1)1シキ1かたむき1ひるすぎ1,
昆,,222,,83,4,8,+60711+,/gun1,1コン1あに1なかま1むれ1,
昇,,222,,83,4,8,+60440+,/sheng1,1シヨウ1(1ショウ1)1のぼる1,
昉,,222,,83,4,8,+60027+,/fang3,1ハウ1(1ホウ1),
昊,,222,,83,4,8,+60430+,/hao4,1カウコウガウゴウそら1あをぞら1(1あおぞら1)1なつぞら1あかるい1,
昌,,222,,83,4,8,+60600+,/chang1,1シヤウ1(1ショウ1)1あきらか1さかん1まさ1,
明,,222,,83,4,8,+67020+,/ming2,1ベイ1ミヤウ1(1ミョウ1)1メイ1あかり1あかるい1あかるむ1あからむ1あきらか1あける1あく1あかす1あけ1,
昏,,222,,83,4,8,+72604+,/hun1,1コン1くれ1くらい1くらむ1,
易(1),,223,,83,4,8,+60227+,/yi4,1エキ1ヤク1かへる1(1かえる1)1かはる1(1かわる1),
易(2),,223,,83,4,8,+60227+,/yi4,1イ1やさしい1やすい1やすらか1たひら1(1たいら1)1かろんずる1あなどる1をさめる1(1おさめる1),
昔,,223,,83,4,8,+44601+,/xi2,1セキ1シヤク1(1シャク1)1むかし1,
昕,,223,,83,4,8,+62021+,/xin1,1キン1コン1,
畅,暢,,227,83,4,8,+57027+,/chang4,1チヤウ1(1チョウ1)1のびる1のべる1のびやか1とほる1(1とおる1),
星,,223,,83,5,9,+60104+,/xing1,1セイ1シヤウ1(1ショウ1)1ほし1,
映,,223,,83,5,9,+65030+,/ying4,1エイ1ヤウ1(1ヨウ1)1うつる1うつす1はえる1,
春,,223,,83,5,9,+50603+,/chun1,1シユン1(1シュン1)1はる1,
昧,,223,,83,5,9,+65090+,/mei4,1バイ1マイ1くらい1,
昨,,224,,83,5,9,+68011+,/zuo2,1サク1ザク1きのふ1(1きのう1)1むかし1,
昭,,224,,83,5,9,+67062+,/zhao1,1セウ1(1ショウ1)1あきらか1てる1てらす1,
是,,224,,83,5,9,+60801+,/shi4,1シ1ジ1ゼ1これ1この1,
昳,,224,,83,5,9,+65030+,/die2,1テツ1デチ1,
昴,,224,,83,5,9,+60727+,/mao3,1バウ1(ボウ1)メウ1(ミョウ1)すばる1,
昵(1),暱,224,227,83,5,9,+67011+,/ni4,1ヂツ1(1ジツ1)1ニチ1ちかづく1なじむ1,
昵(2),,224,,83,5,9,+67011+,/ni3,1デイ1ナイ1,
昵(3),,224,,83,5,9,+67011+,/zhi4,1シヨク1(1ショク1)1シキ1,
昶,,224,,83,5,9,+36230+,/chang3,1チヤウ1(1チョウ1)1ながい1のびる1ひさしい1,
昫(1),,224,,83,5,9,+67020+,/xu3,1ク1,
昫(2),煦,224,316,83,5,9,+67020+,/xu4,1ク1あたためる1あたたかい1ひかり1めぐむ1,
昼,晝,,225,83,5,9,+77106+,/zhou4,1チウ1(1チュウ1)1チユ1(1チュ1)1ひる1,
显,顯,,617,83,5,9,+60102+,/xian3,1ケン1あきらか1あらは1(1あらわ1)1あらはれる1(1あらわれる1)1あらはす1(1あらわす1),
峕,時,229,224,83,5,9,+22600+,/shi2,1シ1ジ1とき1ときに1うかがふ1(1うかがう1)1これ1この1,
昜,陽,229,600,83,5,9,+60227+,/yang2,1ヤウ1(1ヨウ1)1ひ1あたたか1あきらか1いつはる1(1いつわる1),
昬,昏,229,222,83,5,9,+77604+,/hun1,1コン1くれ1くらい1くらむ1,
晁(1),,224,,83,6,10,+60113+,/chao2,1テウ1(1チョウ1)1あさ1,
晁(2),鼂,224,651,83,6,10,+60113+,/chao2,1テウ1(1チョウ1),
時,,224,,83,6,10,+64041+,/shi2,1シ1ジ1とき1ときに1うかがふ1(1うかがう1)1これ1この1,
晃,,224,,83,6,10,+60211+,/huang3/huang4,1クワウ1(1コウ1)1ワウ1(1オウ1)1ひかる1あきらか1ひかり1,
晉,,224,,83,6,10,+10601+,/jin4,1シン1すすむ1,
晋,晉,229,224,83,6,10,+10601+,/jin4,1シン1すすむ1,
晌,,225,,83,6,10,+67020+,/shang3,1シヤウ1(1ショウ1),
晏,,225,,83,6,10,+60404+,/yan4,1アン1エン1おそい1やすらか1やすい1,
晒(1),曬,225,229,83,6,10,+61060+,/shai4,1サ1セ1サイ1シ1さらす1,
晒(2),,225,,83,6,10,+61060+,/shai4,1サ1セ1サイ1シ1,
晦,晦,,225,83,6,10,+68057+,/hui4,1クワイ1(1カイ1)1ケ1みそか1つごもり1くらい1くらます1,
晕,暈,,226,83,6,10,+60504+,/yun4,1ウン1かさ1めまひ1(1めまい1)1ぼかし1くらむ1ぼかす1,
晓,曉,,228,83,6,10,+65012+,/xiao3,1ヤウ1(1ヨウ1)1ゲウ1(1ギョウ1)1あかつき1さとる1さとす1,
晚,,225,,83,7,11,+67016+,/wan3,1バン1マン1くれ1くれる1おそい1,
晝,,225,,83,7,11,+50106+,/zhou4,1チウ1(1チュウ1)1チユ1(1チュ1)1ひる1,
晞,,225,,83,7,11,+64027+,/xi1,1キ1ケ1かわく1かわかす1さらす1ほす1,
晡,,225,,83,7,11,+63027+,/bu1,1ホ1フ1,
晢(1),,225,,83,7,11,+52602+,/zhe2,1セツ1セチ1あきらか1あかるい1かしこい1,
晢(2),,225,,83,7,11,+52602+,/zhi4,1セイ1,
晣,晢,,225,83,7,11,+62021+,/zhe2,1セツ1セチ1あきらか1あかるい1かしこい1,
晤,,225,,83,7,11,+61061+,/wu4,1ゴ1あふ1(1あう1)1さとい1さとる1あきらか1うちとける1,
晦,月,225,231,83,7,11,+68057+,/hui4,1クワイ1(1カイ1)1ケ1みそか1つごもり1くらい1くらます1,
晨,,225,,83,7,11,+60232+,/chen2,1シン1ジン1あさ1あした1とき1よあけ1,
晟,,226,,83,7,11,+60253+,/sheng4,1セイ1ジヤウ1(1ジョウ1)1あきらか1さかん1,
晜,昆,229,222,83,7,11,+60227+,/gun1,1コン1あに1なかま1むれ1,
晬,,226,,83,8,12,+60048+,/zui4,1サイ1セ1,
普,,226,,83,8,12,+80601+,/pu3,1ホ1フ1あまねし1,
景(1),,226,,83,8,12,+60906+,/jing3,1ケイ1キヤウ1(1キョウ1)1ひかげ1ひかり1かげ1,
景(2),影,226,159,83,8,12,+60906+,/ying3,1エイ1ヤウ1(1ヨウ1)1かげ1すがた1まぼろし1,
晰,,226,,83,8,12,+62021+,/xi1,1セキ1シヤク1(1シャク1)1あきらか1,
晳,晰,,226,83,8,12,+42602+,/xi1,1セキ1シヤク1(1シャク1)1あきらか1,
晴,,226,,83,8,12,+65027+,/qing2,1セイ1ジヤウ1(1ジョウ1)1はれる1はらす1はれ1,
晶,,226,,83,8,12,+60660+,/jing1,1セイ1シヤウ1(1ショウ1)1あきらか1,
晷,,226,,83,8,12,+60604+,/gui1,1キ1,
智,,226,,83,8,12,+86600+,/zhi4,1チ1さとい1,
晾,,226,,83,8,12,+60096+,/liang4,1リヤウ1(1リョウ1),
晻(1),暗,226,227,83,8,12,+64016+,/an4,1アン1くらい1,
晻(2),,226,,83,8,12,+64016+,/yan3,1エン1,
晩,晚,,225,83,8,12,+67016+,/wan3,1バン1マン1くれ1くれる1おそい1,
暁,曉,,228,83,8,12,+64011+,/xiao3,1ヤウ1(1ヨウ1)1ゲウ1(1ギョウ1)1あかつき1さとる1さとす1,
萅,春,229,223,83,8,12,+44601+,/chun1,1シユン1(1シュン1)1はる1,
14008,昔,229,223,83,8,12,+88608+,/xi2,1セキ1シヤク1(1シャク1)1むかし1,
暄,,226,,83,9,13,+63016+,/xuan1,1ケン1クワン1(1カン1)1あたたかい1,
暇,,226,,83,9,13,+67047+,/xia2,1カ1ゲ1ひま1いとま1,
暈,,226,,83,9,13,+60506+,/yun4,1ウン1かさ1めまひ1(1めまい1)1ぼかし1くらむ1ぼかす1,
暋,,226,,83,9,13,+78604+,/min2/min3,1ビン1ミン1,
暌,,226,,83,9,13,+62034+,/kui2,1ケイ1キ1,
暍(1),,227,,83,9,13,+66027+,/he4,1エツ1エチ1アツ1アチ1,
暍(2),,227,,83,9,13,+66027+,/he4,1カツ1カチ1,
暑,,227,,83,9,13,+60604+,/shu3,1シヨ1(1ショ1)1あつい1あつさ1,
暖(1),,227,,83,9,13,+62047+,/nuan3,1ダン1ナン1あたたか1あたたかい1あたたまる1あたためる1,
暖(2),,227,,83,9,13,+62047+,/xuan1,1ケン1クワン1(1カン1),
暗,闇,227,594,83,9,13,+60061+,/an4,1アン1オン1くらい1やみ1ひそかに1そらんずる1,
暘,,227,,83,9,13,+66027+,/yang2,1ヤウ1(1ヨウ1)1ひ1ひので1はれ1あきらか1,
暎,映,229,223,83,9,13,+64034+,/ying4,1エイ1ヤウ1(1ヨウ1)1うつる1うつす1はえる1,
14062(1),暖,,227,83,9,13,+61084+,/nuan3,1ダン1ナン1あたたか1あたたかい1あたたまる1あたためる1,
14062(2),暖,,227,83,9,13,+61084+,/xuan1,1ケン1クワン1(1カン1),
暝(1),,227,,83,10,14,+67080+,/ming2,1ベイ1ミヤウ1(1ミョウ1)1メイ1くらい1くれる1かすか1,
暝(2),,227,,83,10,14,+67080+,/ming4,1ベイ1ミヤウ1(1ミョウ1)1メイ1,
暢,,227,,83,10,14,+56027+,/chang4,1チヤウ1(1チョウ1)1のびる1のべる1のびやか1とほる1(1とおる1),
暦,曆,,228,83,10,14,+71269+,/li4,1レキ1リヤク1(1リャク1)1こよみ1,
暫,,227,,83,11,15,+52602+,/zhan4,1サン1ザン1しばらく1,
暮,莫,227,459,83,11,15,+44603+,/mu4,1ボ1ム1くれる1くらす1くれ1くらし1,
暱,,227,,83,11,15,+61016+,/ni4,1ヂツ1(1ジツ1)1ニチ1,
暴(1),,227,,83,11,15,+60132+,/bao4,1バウ1(1マウ1)1ボウ1(1モウ1)1あらい1あばれる1にはか1(1にわか1)1にはかに1(1にわかに1),
暴(2),,227,,83,11,15,+60132+,/pu4,1ホク1ボク1バク1あばく1さらす1あらはす1(1あらわす1),
暵,,227,,83,11,15,+64034+,/han4,1カン1,
暭,,228,,83,11,15,+66041+,/hao4,1カウ1(1コウ1)1ガウ1(1ゴウ1),
暹,,228,,83,12,16,+36301+,/xian1,1セン1,
暾,,228,,83,12,16,+68040+,/tun1,1トン1,
曀,,228,,83,12,16,+64018+,/yi4,1エイ1アイ1,
曁,,228,,83,12,16,+21106+,/ji4,1キ1ケ1およぶ1および1いさましい1いたる1,
曆,,228,,83,12,16,+71269+,/li4,1レキ1リヤク1(1リャク1)1こよみ1,
曇,,228,,83,12,16,+60731+,/tan2,1タン1ドン1くもる1くもり1,
曈,,228,,83,12,16,+60014+,/tong2,1トウ1ヅ1(1ズ1),
曉,,228,,83,12,16,+64011+,/xiao3,1ヤウ1(1ヨウ1)1ゲウ1(1ギョウ1)1あかつき1さとる1さとす1,
曏,,228,,83,13,17,+60727+,/xiang3,1キヤウ1(1キョウ1),
曖,,228,,83,13,17,+62047+,/ai4,1アイ1くらい1かげる1おほふ1(1おおう1),
曙,曙,,228,83,13,17,+66064+,/shu4,1シヨ1(1ショ1)1ジヨ1(1ジョ1)1あかつき1あけぼの1あける1,
曚,曚,,228,83,13,17,+64032+,/meng2,1ボウ1モウ1くらい1ほのぐらい1,
曙,,228,,83,14,18,+66064+,/shu4,1シヨ1(1ショ1)1ジヨ1(1ジョ1)1あかつき1あけぼの1あける1,
曚,,228,,83,14,18,+64032+,/meng2,1ボウ1モウ1くらい1ほのぐらい1,
曛,,228,,83,14,18,+62031+,/xun1,1クン1,
曜,,228,,83,14,18,+67014+,/yao4,1エウ1(1ヨウ1)1かがやく1ひかり1,
曝,,229,,83,15,19,+66032+,/pu4,1ホク1ボク1バク1さらす1,
曠,,229,,83,15,19,+60086+,/kuang4,1クワウ1(1コウ1)1あかるい1あきらか1むなしい1ひろい1,
曡,疊,229,346,83,15,19,+60107+,/die2,1テフ1(1チョウ1)1デフ1(1ジョウ1)1たたむ1たたみ1かさなる1かさねる1,
曦,,229,,83,16,20,+68053+,/xi1,1キ1ギ1ひかり1ひ1,
曨(1),曈,229,228,83,16,20,+61011+,/long2,1ロウ1ル1,
曨(2),曚,229,228,83,16,20,+61011+,/long2,1ロウ1ル1,
曩,,229,,83,17,21,+60732+,/nang3,1ダウ1(1ドウ1)1ナウ1(1ノウ1)1さき1さきに1ひさしい1,
曬,晒,229,225,83,19,23,+61012+,/shai4,1サ1セ1サイ1シ1さらす1,
曰,,229,,84,0,4,+60100+,/yue1,1エツ1ヲチ1(1オチ1)1いふ1(1いう1)1いはく1(1いわく1)1のたまはく1(1のたまわく1)1ここに1ひらび1,
曲,,229,,84,2,6,+55600+,/qu1,1キヨク1(1キョク1)1コク1まがる1まげる1よこしま1すみ1ふし1くせ1,
曳,,229,,84,2,6,+50006+,/yi4,1エイ1ひく1,
14281,臾,231,443,84,2,6,+50036+,/yu2,1ユ1ぬく1しばらく1ひきとめる1わづか1(1わずか1),
更(1),,229,,84,3,7,+10506+,/geng1,1カウ1(1コウ1)1キヤウ1(1キョウ1)1ふける1ふかす1あらためる1かへる1(1かえる1)1かはる1(1かわる1)1つぐ1こもごも1へる1,
更(2),,229,,84,3,7,+10506+,/geng4,1カウ1(1コウ1)1キヤウ1(1キョウ1)1さら1さらに1,
曵,曳,,229,84,3,7,+53006+,/yi4,1エイ1ひく1,
曷,,230,,84,5,9,+60727+,/he2,1カツ1カチ1なに1なんぞ1いつ1,
書,,230,,84,6,10,+50601+,/shu1,1シヨ1(1ショ1)1かく1ふみ1,
曺,曹,231,230,84,6,10,+50606+,/cao2,1サウ1(1ソウ1)1ザウ1(1ゾウ1)1つかさ1ともがら1やから1へや1つぼね1,
曹,,230,,84,7,11,+55606+,/cao2,1サウ1(1ソウ1)1ザウ1(1ゾウ1)1つかさ1ともがら1やから1へや1つぼね1,
曼(1),,230,,84,7,11,+60407+,/wan4,1バン1マン1ながい1うつくしい1ひく1ひろい1,
曼(2),,230,,84,7,11,+60407+,/man4,1バン1マン1,
曽(1),曾,,230,84,7,11,+80606+,/ceng2,1ソウ1ゾウ1かつて1すなはち1(1すなわち1)1あに1,
曽(2),曾,,230,84,8,11,+80606+,/zeng1,1ソウ1ゾウ1ます1かさなる1,
曾(1),,230,,84,8,12,+80606+,/ceng2,1ソウ1ゾウ1かつて1すなはち1(1すなわち1)1あに1,
曾(2),,230,,84,8,12,+80606+,/zeng1,1ソウ1ゾウ1ます1かさなる1,
替,,230,,84,8,12,+55603+,/ti4,1テイ1タイ1かへる1(1かえる1)1かはる1(1かわる1)1おとろへる1(1おとろえる1)1すたれる1かへ1(1かえ1),
最,,230,,84,8,12,+60147+,/zui4,1サイ1もつとも1(1もっとも1),
會(1),,230,,84,9,13,+80606+,/hui4,1クワイ1(1カイ1)1ヱ1(1エ1)1あふ1(1あう1)1あつまる1あつめる1たまたま1かならず1,
會(2),,230,,84,9,13,+80606+,/kuai4,1クワイ1(1カイ1)1ヱ1(1エ1),
14056(1),曼,231,230,84,9,13,+60227+,/wan4,1バン1マン1ながい1うつくしい1ひく1ひろい1,
14056(2),曼,231,230,84,9,13,+60227+,/man4,1バン1マン1,
朅,,231,,84,10,14,+46727+,/qie4,1ケツ1ケチ1,
月,,231,,85,0,4,+77220+,/yue4,1ゲツ1グワチ1(1ガチ1)1グワツ1(1ガツ1)1つき1,
有(1),,231,,85,2,6,+40227+,/you3,1イウ1(1ユウ1)1ユ1ある1たもつ1もつ1あり1する1あるひと1,
有(2),,231,,85,2,6,+40227+,/you4,1イウ1(1ユウ1)1ユ1また1,
朋,,231,,85,4,8,+77220+,/peng2,1ホウ1ボウ1とも1なかま1,
服,,231,,85,4,8,+77247+,/fu2,1フク1ブク1きる1きもの1したがふ1(1したがう1)1のむ1,
朏,,232,,85,5,9,+72272+,/fei3,1ヒ1みかづき1,
昽,朧,,233,85,5,9,+63014+,/long2,1ロウ1ル1おぼろ1,
朒,,232,,85,6,10,+74227+,/nie4,1ナク1ニク1,
朔,,232,,85,6,10,+87420+,/shuo4,1サク1ついたち1きた1,
朕,,232,,85,6,10,+78234+,/zhen4,1チン1ヂン1(1ジン1)1われ1わが1わ1きざし1,
朗,,232,,85,7,11,+37720+,/lang3,1ラウ1(1ロウ1)1ほがらか1,
望,,232,,85,7,11,+07104+,/wang4,1バウ1(1ボウ1)1マウ1(1モウ1)1のぞむ1のぞみ1もち1うらむ1,
朝(1),,232,,85,8,12,+47420+,/zhao1,1テウ1(1チョウ1)1あさ1あした1,
朝(2),,232,,85,8,12,+47420+,/chao2,1テウ1(1チョウ1)1デウ1(1ジョウ1)1むかふ1(1むかう1),
朞,期,232,232,85,8,12,+44227+,/qi1,1キ1ひとまはり1(1ひとまわり1)1ひとめぐり1,
期(1),,232,,85,8,12,+47820+,/qi1/qi2,1キ1ギ1ゴ1とき1,
期(2),,232,,85,8,12,+47820+,/qi1,1キ1ギ1ゴ1,
朦,,233,,85,14,18,+74232+,/meng2,1ボウ1モウ1おぼろ1,
朧,朦,233,233,85,16,20,+71211+,/long2,1ロウ1ル1おぼろ1,
木,,233,,86,0,4,+40900+,/mu4,1ボク1モク1き1こ1,
未,,233,,86,1,5,+50900+,/wei4,1ビ1ミ1ひつじ1いまだ1ず1いまだし1,
末,,233,,86,1,5,+50900+,/mo4,1バツ1マチ1マツ1すゑ1(1すえ1)1ない1,
本,,233,,86,1,5,+50230+,/ben3,1ホン1もと1はじめ1,
札,,234,,86,1,5,+42910+,/zha2,1サツ1サチ1ふだ1さつ1さね1,
朮,,234,,86,1,5,+43210+,/zhu2,1シユツ1(1シュツ1)1ジユチ1(1ジュチ1)1ジユツ1(1ジュツ1)1もちあは1(1もちあわ1)1をけら1(1おけら1)1うけら1,
朱,,234,,86,2,6,+25900+,/zhu1,1シユ1(1シュ1)1あか1あけ1あかい1,
朴,,234,,86,2,6,+43900+,/po4,1ハク1ボク1えのき1ほほ1(1ほお1),
朵,,234,,86,2,6,+77904+,/duo3,1タ1ダ1たれる1うごかす1えだ1しだれる1ひとふさ1,
朶,朵,265,234,86,2,6,+17904+,/duo3,1タ1ダ1たれる1うごかす1えだ1しだれる1ひとふさ1,
机(1),几,234,038,86,2,6,+47910+,/ji3,1キ1つくえ1,
机(2),機,,261,86,2,6,+47910+,/ji1,1キ1はた1きざし1をり1(1おり1)1からくり1,
朽,,234,,86,2,6,+41927+,/xiu3,1キウ1(1キュウ1)1ク1くちる1すたれる1,
权,權,,265,86,2,6,+47940+,/quan2,1ケン1ゴン1おもり1はかり1はかる1はかりごと1いきほひ1(1いきおい1),
杂,雜,,605,86,2,6,+40904+,/za2,1サフ1(1ソウ1)1ザフ1(1ゾウ1)1ザツ1まじる1まぜる1まじはる1(1まじわる1)1まじへる1(1まじえる1),
杅,,234,,86,3,7,+41940+,/yu2,1ウ1,
杆,,234,,86,3,7,+41940+,/gan1,1カン1たて1てこ1てすり1,
杇,,234,,86,3,7,+41927+,/wu1,1ヲ1(1オ1)1ウ1,
杈,,234,,86,3,7,+47940+,/cha1,1サ1セ1,
杉,,234,,86,3,7,+42922+,/shan1,1サン1すぎ1,
杌,,234,,86,3,7,+41910+,/wu4,1ゴツ1ゴチ1,
李,,234,,86,3,7,+40407+,/li3,1リ1すもも1をさめる1(1おさめる1),
杏,,235,,86,3,7,+40609+,/xing4,1カウ1(1コウ1)1キヤウ1(1キョウ1)1アン1あんず1,
材,,235,,86,3,7,+44900+,/cai2,1サイ1ザイ1き1まるた1,
村,邨,235,569,86,3,7,+44900+,/cun1,1ソン1むら1,
杓(1),,235,,86,3,7,+47920+,/biao1,1ヘウ1(1ヒョウ1),
杓(2),勺,235,049,86,3,7,+47920+,/shao2,1シヤク1(1シャク1)1ジヤク1(1ジャク1)1ひしやく1(1ひしゃく1),
杕,,235,,86,3,7,+44930+,/di4,1テイ1ダイ1,
杖(1),,235,,86,3,7,+45900+,/zhang4,1チヤウ1(1チョウ1)1ヂヤウ1(1ジョウ1)1つゑ1(1つえ1)1むち1,
杖(2),,235,,86,3,7,+45900+,/chang4,1チヤウ1(1チョウ1)1ヂヤウ1(1ジョウ1)1よる1たよる1,
杗,,235,,86,3,7,+00904+,/mang2,1バウ1(1ボウ1)1マウ1(1モウ1),
杙,,235,,86,3,7,+43940+,/yi4,1ヨク1イキ1くひ1(1くい1),
杜,,235,,86,3,7,+44910+,/du4,1ト1ヅ1(1ズ1)1やまなし1とざす1とぢる1(1とじる1)1もり1ふさぐ1,
67110,,236,,86,3,7,+47917+,/qi3,1キ1あふち1(1おうち1)1くこ1かはやなぎ1(1かわやなぎ1)1こりやなぎ1,
杞,67110,,236,86,3,7,+47917+,/qi3,1キ1あふち1(1おうち1)1くこ1かはやなぎ1(1かわやなぎ1)1こりやなぎ1,
束(1),,236,,86,3,7,+50906+,/shu4,1シヨク1(1ショク1)1ソク1たば1たばねる1つかねる1つか1,
束(2),,236,,86,3,7,+50906+,/xu4,1シユ1(1シュ1)1ス1,
杠,,236,,86,3,7,+41910+,/gang1,1カウ1(1コウ1)1ちきり1ちぎ1はたざを1(1はたざお1),
条,條,265,248,86,3,7,+27904+,/tiao2,1テウ1(1チョウ1)1デウ1(1ジョウ1)1えだ1すじ1ながい1,
杨,楊,,253,86,3,7,+47927+,/yang2,1ヤウ1(1ヨウ1)1やなぎ1,
杪,,236,,86,4,8,+49920+,/miao3,1ベウ1(1ビョウ1)1メウ1(1ミョウ1)1こずゑ1(1こずえ1)1すゑ1(1すえ1),
杭,航,236,446,86,4,8,+40917+,/hang2,1カウ1(1コウ1)1ガウ1(1ゴウ1)1わたる1くひ1(1くい1),
14495,,236,,86,4,8,+44910+,/fei4,1ハイ1ヒ1,
杮,14495,236,236,86,4,8,+45927+,/fei1,1ハイ1ヒ1,
杯,,236,,86,4,8,+41990+,/bei1,1ハイ1さかづき1(1さかずき1),
東,,236,,86,4,8,+50906+,/dong1,1トウ1ツ1ひがし1あづま1(1あずま1),
杲,,236,,86,4,8,+60904+,/gao3,1カウ1(1コウ1)1ガウ1(1ゴウ1)1あきらか1たかい1,
杳,,236,,86,4,8,+40609+,/yao3/miao3,1エウ1(1ヨウ1)1くらい1はるか1おくぶかい1,
杵,,236,,86,4,8,+48940+,/chu3,1シヨ1(1ショ1)1きね1,
杶,,236,,86,4,8,+45917+,/zhun1,1チユン1(1チュン1),
杷,,237,,86,4,8,+47917+,/pa2,1ハ1ベ1さらひ1(1さらい1)1え1,
杻,,237,,86,4,8,+47915+,/niu3,1チウ1(1チュウ1),
杼(1),,237,,86,4,8,+47922+,/zhu4,1チヨ1(1チョ1)1ド1ひ1,
杼(2),,237,,86,4,8,+47922+,/shu4,1シヨ1(1ショ1)1ジヨ1(1ジョ1),
杼(3),芧,237,450,86,4,8,+47922+,/xu4,1シヨ1(1ショ1)1ジヨ1(1ジョ1)1くぬぎ1どんぐり1とち1つるばみ1,
松(1),,237,,86,4,8,+48932+,/song1,1シヨウ1(1ショウ1)1シユ1(1シュ1)1まつ1,
松(2),鬆,237,632,86,4,8,+48932+,/song1,1ソウ1ス1ゆるい1あらい1す1,
板,,237,,86,4,8,+41947+42947+,/ban3,1ハン1ヘン1いた1,
枇,杷,237,237,86,4,8,+41910+42910+,/pi2,1ヒ1ビ1,
枉,,237,,86,4,8,+41914+,/wang3,1ワウ1(1オウ1)1まげる1まがる1まげて1いたづら1(1いたずら1)1いたづらに1(1いたずらに1),
枋,,237,,86,4,8,+40927+,/fang1,1ハウ1(1ホウ1),
枌,,237,,86,4,8,+48927+,/fen2,1フン1ブン1そぎ1,
枏,,238,,86,4,8,+47950+,/nan2,1ダン1ナン1くす1くすのき1,
析,,238,,86,4,8,+42921+,/xi1,1セキ1シヤク1(1シャク1)1さく1わかれる1わける1,
枑,,238,,86,4,8,+41917+,/hu4,1コ1ゴ1,
枕(1),,238,,86,4,8,+44912+,/zhen3,1シン1チン1まくら1,
枕(2),,238,,86,4,8,+44912+,/zhen4,1シン1チン1まくらとする1のぞむ1,
林,,238,,86,4,8,+44990+,/lin2,1リン1はやし1おほい1(1おおい1),
枘,,238,,86,4,8,+44927+,/rui4,1ゼイ1ネイ1ほぞ1,
枚,,238,,86,4,8,+48940+,/mei2,1バイ1マイ1,
果,,238,,86,4,8,+60904+,/guo3,1クワ1(1カ1)1はたす1はてる1はて1くだもの1はたして1,
枝(1),,238,,86,4,8,+44947+,/zhi1,1シ1えだ1,
枝(2),,238,,86,4,8,+44947+,/qi2,1キ1ギ1,
枅,14709,,242,86,4,8,+41940+,/ji1,1ケイ1カイ1ケン1ますがた1,
枨,棖,,250,86,4,8,+42934+,/cheng2,1タイ1(1トウ1)1チヤウ1(1チョウ1),
枣,棗,,250,86,4,8,+50303+,/zao3,1サウ1(1ソウ1)1なつめ1,
枫,楓,,253,86,4,8,+47910+,/feng1,1フウ1フ1かへで1(1かえで1),
极,極,,255,86,4,8,+47947+,/ji2,1キヨク1(1キョク1)1ゴキ1ゴク1きはめる1(1きわめる1)1きはまる1(1きわまる1)1きはみ1(1きわみ1)1きはめて1(1きわめて1)1きめ1きめる1,
枪(1),槍鎗,,257585,86,4,8,+48912+,/qiang1,1シヤウ1(1ショウ1)1サウ1(1ソウ1)1やり1,
枪(2),槍欃,,257265,86,4,8,+48912+,/qiang1,1シヤウ1(1ショウ1)1サウ1(1ソウ1)1やり1,
枢,樞,,259,86,4,8,+41914+,/shu1,1シユ1(1シュ1)1ス1スウ1とぼそ1かなめ1,
柜,櫃,,263,86,4,8,+41917+,/gui4,1キ1ギ1ひつ1,
枦,櫨,,264,86,4,8,+43970+,/lu2,1ロ1ル1ますがた1はぜ1,
枥,櫪,,264,86,4,8,+41927+,/li4,1レキ1リヤク1(1リャク1)1うまや1かひばをけ1(1かいばおけ1),
杰,傑,265,025,86,4,8,+40339+,/jie2,1ケツ1ゲチ1すぐれる1,
枯,,238,,86,5,9,+44960+,/ku1,1コ1ク1かれる1からす1,
枰,,239,,86,5,9,+41949+,/ping2,1ヘイ1ビヤウ1(1ビョウ1),
枲,,239,,86,5,9,+23904+,/xi3,1シ1,
枳,,239,,86,5,9,+46980+,/zhi3,1シ1キ1からたち1,
柺,,239,,86,5,9,+46927+,/guai3/gua3,1カイ1ケ1グワ1(1ガ1)1つゑ1(1つえ1),
枴,柺,,239,86,5,9,+46927+,/guai3/gua3,1カイ1ケ1グワ1(1ガ1)1つゑ1(1つえ1),
枵,,239,,86,5,9,+46927+,/xiao1,1ケウ1(1キョウ1),
架,,239,,86,5,9,+46904+,/jia4,1カ1ケ1かける1かかる1たな1,
枷,,239,,86,5,9,+46900+,/jia1,1カ1ケ1からさを1(1からさお1)1かせ1,
枸(1),,239,,86,5,9,+47920+,/ju3,1ク1グ1,
枸(2),,239,,86,5,9,+47920+,/gou3,1コウ1ク1,
枹(1),,239,,86,5,9,+47912+,/fu1,1フ1フウ1ブ1ばち1,
枹(2),,239,,86,5,9,+47912+,/bao1,1ハウ1(1ホウ1)1ヘウ1(1ヒョウ1)1なら1,
枻,,239,,86,5,9,+44917+,/yi4,1エイ1,
14680,,239,,86,5,9,+45927+,/shi4,1シ1ジ1かき1,
柹,14680,,239,86,5,9,+45927+,/shi4,1シ1ジ1かき1,
柿,14680,265,239,86,5,9,+45927+,/shi4,1シ1ジ1かき1,
柁,,240,,86,5,9,+43911+,/duo4,1タ1ダ1かぢ1(1かじ1),
柄,,240,,86,5,9,+41927+,/bing4,1ヘイ1ヒヤウ1(1ヒョウ1)1がら1え1とる1つか1いきほひ1(1いきおい1),
柎,,240,,86,5,9,+44900+,/fu1,1フ1ブ1ボ1うてな1つける1,
柏,,240,,86,5,9,+46900+,/bo2/bai3,1ハク1ヒヤク1(1ヒャク1)1ビヤク1(1ビャク1)1うつ1かしは1(1かしわ1),
某,,240,,86,5,9,+44904+,/mou3,1ボウ1ム1それがし1なにがし1,
柑,,240,,86,5,9,+44970+,/gan1,1カン1コン1かうじ1(1こうじ1)1みかん1,
柒(1),漆,240,300,86,5,9,+34904+,/qi1,1シツ1シチ1うるし1くろい1,
柒(2),七,240,001,86,5,9,+34904+,/qi1,1シツ1シチ1なな1ななつ1なの1,
染,,240,,86,5,9,+34904+,/ran3,1ゼン1ネン1セン1そめる1そまる1しみる1しみ1,
柔,,240,,86,5,9,+17904+,/rou2,1ジウ1(1ジュウ1)1ニユ1(1ニュ1)1ニユウ1(1ニュウ1)1やはらか1(1やわらか1)1やはらかい1(1やわらかい1)1やはらげる1(1やわらげる1)1やはら1(1やわら1)1やさしい1,
柘,,240,,86,5,9,+41960+,/zhe4,1シヤ1(1シャ1)1ジヤク1(1ジャク1)1やまぐは1(1やまぐわ1)1つげ1,
柙,,240,,86,5,9,+46950+,/xia2,1カフ1(1コウ1)1ガフ1(1ゴウ1)1アフ1(1オウ1),
柚(1),,240,,86,5,9,+45960+,/you4,1イウ1(1ユウ1)1ユ1ゆず1,
柚(2),,240,,86,5,9,+45960+,/zhu2,1チク1ヂク1(1ジク1),
柜,,240,,86,5,9,+41917+,/ju3,1キヨ1(1キョ1)1コ1,
柝,,241,,86,5,9,+42941+,/tuo4,1タク1さく1ひらく1き1,
柞,,241,,86,5,9,+48911+,/zuo4,1サク1ザク1ははそ1きる1,
柢,,241,,86,5,9,+42940+,/di3,1テイ1タイ1ね1ねもと1もとづく1,
査(1),,241,,86,5,9,+40107+,/cha2,1サ1シヤ1(1シャ1)1しらべる1,
査(2),樝,241,259,86,5,9,+40107+,/cha1,1サ1シヤ1(1シャ1),
柤,査,,241,86,5,9,+47910+,/cha1,1サ1シヤ1(1シャ1),
柩,,241,,86,5,9,+41918+,/jiu4,1キウ1(1キュウ1)1ク1ひつぎ1,
柬,揀,241,198,86,5,9,+50906+,/jian3,1カン1ケン1えらぶ1えりわける1てがみ1なふだ1,
柮,,241,,86,5,9,+42972+,/du4,1トツ1ほた1きれはし1たきぎ1,
柯,,241,,86,5,9,+41920+,/ke1,1カ1え1えだ1くき1,
柰,奈,241,103,86,5,9,+40901+,/nai4,1ダイ1ナイ1からなし1いかん1,
柱(1),,241,,86,5,9,+40914+,/zhu4,1チユ1(1チュ1)1ヂユ1(1ジュ1)1チユウ1(1チュウ1)1はしら1ことぢ1(1ことじ1),
柱(2),,241,,86,5,9,+40914+,/zhu4,1チユ1(1チュ1)1ヂユ1(1ジュ1)1チユウ1(1チュウ1),
柳,楊,242,253,86,5,9,+47920+,/liu3,1リウ1(1リュウ1)1リユ1(1リュ1)1やなぎ1やな1,
柴,,242,,86,5,9,+21904+22904+,/zhai2,1サイ1ゼ1しば1ふさぐ1まつり1,
柵,,242,,86,5,9,+47940+,/zha4,1サク1シヤク1(1シャク1)1サン1セン1しがらみ1とりで1,
柷,,242,,86,5,9,+46910+,/zhu4,1シユク1(1シュク1),
栋,棟,,250,86,5,9,+44994+,/dong4,1トウ1ツ1むね1むな1むなぎ1かしら1,
栄,榮,,256,86,5,9,+32904+,/yong2/rong2,1エイ1ヤウ1(1ヨウ1)1さかえる1はえ1はえる1さかん1さかえ1,
荣,榮,,256,86,5,9,+44904+,/yong2/rong2,1エイ1ヤウ1(1ヨウ1)1さかえる1はえ1はえる1さかん1さかえ1,
标,標,,259,86,5,9,+41991+,/biao1,1ヘウ1(1ヒョウ1)1こずゑ1(1こずえ1)1すゑ1(1すえ1)1しるし1しめ1,
树(1),樹,,260,86,5,9,+44900+,/shu4,1シユ1(1シュ1)1ジユ1(1ジュ1)1き1,
树(2),樹,,260,86,5,9,+44900+,/shu4,1シユ1(1シュ1)1たてる1たつ1うゑる1(1うえる1),
栎,櫟,,264,86,5,9,+42994+,/li4,1レキ1リヤク1(1リャク1)1くぬぎ1,
栌,櫨,,264,86,5,9,+41907+,/lu2,1ロ1ル1ますがた1はぜ1,
栊,櫳,,264,86,5,9,+43914+,/long2,1ロウ1ル1をり1(1おり1)1まど1,
栏,欄,,265,86,5,9,+48911+,/lan2,1ラン1てすり1をり1(1おり1)1わく1,
枱(1),,265,,86,5,9,+43960+,/yi2,1イ1すきのさき1すき1,
枱(2),檯,265,263,86,5,9,+43960+,/tai2,1タイ1ダイ1,
柈,盤,265,357,86,5,9,+49950+,/pan2,1ハン1バン1おほざら1(1おおざら1)1たらひ1(1たらい1)1まがる1めぐる1わだかまる1,
柟,枏,265,238,86,5,9,+45957+,/nan2,1ダン1ナン1くす1くすのき1,
栓,,242,,86,6,10,+48914+,/shuan1,1セン1かんぬき1,
栖,,242,,86,6,10,+41960+,/xi1/qi1,1セイ1サイ1す1すむ1,
栗,,242,,86,6,10,+10904+,/li4,1リツ1リチ1くり1おののく1きびしい1,
栝,,242,,86,6,10,+42964+,/gua1,1クワツ1(1カツ1)1クワチ1(1カチ1),
14709,,242,,86,6,10,+41940+,/ji1,1ケイ1カイ1ケン1ますがた1,
校(1),,242,,86,6,10,+40948+,/jiao4,1カウ1(1コウ1)1ケウ1(1キョウ1)1かせ1くらべる1かんがへる1(1かんがえる1),
校(2),,242,,86,6,10,+40948+,/xiao4,1カウ1(1コウ1)1ゲウ1(1ギョウ1)1あぜ1,
栨,,242,,86,6,10,+47982+,/ci4,1シ1ジ1,
栩,,243,,86,6,10,+47920+,/xu3,1ク1コ1くぬぎ1とち1,
株,,243,,86,6,10,+45990+,/zhu1,1チユ1(1チュ1)1シユ1(1シュ1)1かぶ1,
栱,,243,,86,6,10,+44981+,/gong3,1キヨウ1(1キョウ1)1ク1,
栲,,243,,86,6,10,+44927+,/kao3,1カウ1(1コウ1)1ガウ1(1ゴウ1)1ぬるで1たへ1(1たえ1),
栳,栲,243,243,86,6,10,+44912+,/lao3,1ラウ1(1ロウ1),
栴,,243,,86,6,10,+48947+,/zhan1,1セン1,
核,,243,,86,6,10,+40982+,/he2/hu2,1カク1ギヤク1(1ギャク1)1コツ1ゴチ1さね1,
根,,243,,86,6,10,+47932+,/gen1,1コン1ね1,
格(1),,243,,86,6,10,+47964+,/ge2,1カク1キヤク1(1キャク1)1カウ1(1コウ1)1いたる1いたす1ただす1,
格(2),,243,,86,6,10,+47964+,/ge2,1カク1キヤク1(1キャク1)1カウ1(1コウ1),
栽,,244,,86,6,10,+43950+,/zai1,1サイ1きる1うゑる1(1うえる1),
桀,傑,244,025,86,6,10,+25904+,/jie2,1ケツ1ゲチ1かかげる1あらい1すぐれる1ひいでる1,
桁(1),,244,,86,6,10,+41921+,/heng2,1カウ1(1コウ1)1キヤウ1(1キョウ1)1けた1,
桁(2),,244,,86,6,10,+41921+,/hang2,1カウ1(1コウ1)1キヤウ1(1キョウ1)1かせ1,
桁(3),,244,,86,6,10,+41921+,/hang4,1カウ1(1コウ1)1キヤウ1(1キョウ1)1ころもかけ1,
桂,,244,,86,6,10,+44914+,/gui4,1ケイ1ケ1かつら1,
桃,,244,,86,6,10,+42913+,/tao2,1タウ1(1トウ1)1ダウ1(1ドウ1)1もも1,
桄(1),,244,,86,6,10,+49911+,/guang4,1クワウ1(1コウ1)1よこぎ1,
桄(2),,244,,86,6,10,+49911+,/guang1,1クワウ1(1コウ1),
桅,,245,,86,6,10,+47912+,/wei2,1クワイ1(1カイ1),
框,,245,,86,6,10,+41911+,/kuang4,1キヤウ1(1キョウ1)1カウ1(1コウ1)1かまち1,
案,,245,,86,6,10,+30904+,/an4,1アン1つくえ1かんがへる1(1かんがえる1)1やすんずる1,
桌,卓,245,053,86,6,10,+21904+,/zhuo1,1タク1つくえ1,
槕,桌,265,245,86,6,10,+41994+,/zhuo1,1タク1つくえ1,
桎,,245,,86,6,10,+41914+,/zhi4,1シツ1シチ1あしかせ1,
桐,,245,,86,6,10,+47920+,/tong2,1トウ1ヅ1(1ズ1)1ドウ1きり1,
桑,,245,,86,6,10,+17904+,/sang1,1サウ1(1ソウ1)1くは1(1くわ1),
桓,,245,,86,6,10,+41916+,/huan2,1クワン1(1カン1)1グワン1(1ガン1),
桔,,246,,86,6,10,+44961+,/jie2,1ケツ1ケチ1ゲチ1,
桕,,246,,86,6,10,+47970+,/jiu4,1キウ1(1キュウ1)1グ1,
栧,枻,,239,86,6,10,+45906+,/yi4,1エイ1,
梅,梅,,247,86,6,10,+48957+,/mei2,1バイ1マイ1うめ1,
桟(1),棧,,251,86,6,10,+43950+,/zhan4,1サン1ゼン1かけはし1さじき1,
桟(2),棧,,251,86,6,10,+43950+,/jian3,1セン1,
栟,15010,265,251,86,6,10,+48941+,/bing1,1ヘイ1ヒヤウ1(1ヒョウ1),
桠,椏,,252,86,6,10,+41912+,/ya1,1ア1また1きのまた1,
桢,楨,,254,86,6,10,+41982+,/zheng1,1テイ1チヤウ1(1チョウ1),
桨,槳,,258,86,6,10,+37904+,/qiang2,1シヤウ1(1ショウ1)1サウ1(1ソウ1),
桩,樁,,258,86,6,10,+40914+,/zhuang1,1タウ1(1トウ1),
样,樣,,259,86,6,10,+48951+,/yang4,1ヤウ1(1ヨウ1)1さま1くぬぎ1,
桦,樺,,260,86,6,10,+44941+,/hua4,1クワ1(1カ1)1ゲ1かば1,
桡(1),橈,,260,86,6,10,+45912+,/nao2,1ダウ1(1ドウ1)1ネウ1(1ニョウ1)1たわむ1たわめる1まげる1くじく1,
桡(2),橈,,260,86,6,10,+45912+,/rao2,1ゼウ1(1ジョウ1)1ネウ1(1ニョウ1)1かぢ1(1かじ1)1かい1,
桥,橋,,260,86,6,10,+42928+,/qiao2,1ケウ1(1キョウ1)1ゲウ1(1ギョウ1)1はし1,
档(1),檔,,262,86,6,10,+49977+,/dang3/dang4,1タウ1(1トウ1),
档(2),檔,,262,86,6,10,+49977+,/dang3/dang4,1タウ1(1トウ1),
桧,檜,,262,86,6,10,+48966+,/kuai4/guai4/gui4/hui4,1クワイ1(1カイ1)1ケ1ひのき1,
桜,櫻,,264,86,6,10,+42944+,/ying1,1アウ1(1オウ1)1ヤウ1(1ヨウ1)1エイ1ゆすらうめ1さくら1,
栾,欒,,265,86,6,10,+00904+,/luan2,1ラン1,
栞,刊,265,040,86,6,10,+11904+,/kan1,1カン1きざむ1けづる1(1けずる1),
栢,柏,265,240,86,6,10,+41960+,/bo2/bai3,1ハク1ヒヤク1(1ヒャク1)1ビヤク1(1ビャク1)1うつ1かしは1(1かしわ1),
14795,染,265,240,86,6,10,+35904+,/ran3,1ゼン1ネン1セン1そめる1そまる1しみる1しみ1,
桜,櫻,,264,86,6,10,+42944+49944+,/ying1,1アウ1(1オウ1)1ヤウ1(1ヨウ1)1エイ1さくら1,
桫,,246,,86,7,11,+49920+,/suo1,1サ1,
桬,,246,,86,7,11,+39904+,/sha1,1サ1シヤ1(1シャ1),
桮,杯,246,236,86,7,11,+41969+,/bei1,1ハイ1ヘ1,
桲,,246,,86,7,11,+44947+,/bo2,1ホツ1ボチ1,
桴(1),,246,,86,7,11,+42947+,/fu2,1フウ1ブ1ばち1,
桴(2),,246,,86,7,11,+42947+,/fu2,1フウ1ブ1いかだ1,
桶,,246,,86,7,11,+47927+,/tong3,1トウ1ツ1をけ1(1おけ1),
桷,,246,,86,7,11,+47927+,/jue2,1カク1たるき1ずみ1,
桹,,246,,86,7,11,+43932+,/lang2,1ラウ1(1ロウ1),
梁,,246,,86,7,11,+33904+,/liang2,1リヤウ1(1リョウ1)1はし1はり1うつばり1やな1,
梃,,247,,86,7,11,+42941+,/ting3,1テイ1ジヤウ1(1ジョウ1)1チヤウ1(1チョウ1)1てこ1つゑ1(1つえ1),
梅,,247,,86,7,11,+48957+,/mei2,1バイ1マイ1うめ1,
梆,,247,,86,7,11,+47927+,/bang1,1ハウ1(1ホウ1),
梏,,247,,86,7,11,+44961+,/gu4,1コク1てかせ1しばる1みだす1,
梐,周,247,068,86,7,11,+42914+,/bi4,1ヘイ1バイ1,
梓,,247,,86,7,11,+40941+,/zi3,1シ1あづさ1(1あずさ1)1だいく1はんぎ1,
梔,,247,,86,7,11,+42917+,/zhi1,1シ1くちなし1,
梗,,247,,86,7,11,+41946+,/geng3,1カウ1(1コウ1)1キヤウ1(1キョウ1),
條,,248,,86,7,11,+28294+,/tiao2,1テウ1(1チョウ1)1デウ1(1ジョウ1)1えだ1すじ1ながい1,
梟,,248,,86,7,11,+27904+,/xiao1,1ケウ1(1キョウ1)1ふくろふ1(1ふくろう1)1さらす1つよい1,
梠,,248,,86,7,11,+46960+,/lv3,1リヨ1(1リョ1)1ロ1のき1ひさし1,
梢,,248,,86,7,11,+49927+,/shao1,1サウ1(1ソウ1)1セウ1(1ショウ1)1こずゑ1(1こずえ1)1かぢ1(1かじ1),
梧(1),,248,,86,7,11,+41961+,/wu2,1ゴ1あをぎり1(1あおぎり1)1つかへる1(1つかえる1),
梧(2),魁,248,633,86,7,11,+41961+,/wu4,1ゴ1,
梭,,248,,86,7,11,+43947+,/suo1,1サ1ひ1,
梯,,248,,86,7,11,+48927+,/ti1,1テイ1タイ1はしご1,
械,,248,,86,7,11,+43950+,/xie4,1カイ1ゲ1かせ1からくり1,
梱,,249,,86,7,11,+46900+,/kun3,1コン1しきみ1こり1,
梲,,249,,86,7,11,+48916+,/zhuo2,1セツ1セチ1うだち1うだつ1つゑ1(1つえ1),
梳,,249,,86,7,11,+40913+,/shu1,1シヨ1(1ショ1)1ソ1くし1くしけづる1(1くしけずる1)1すく1とく1,
梵,,249,,86,7,11,+44217+,/fan4,1ハン1ボン1,
桯(1),,249,,86,7,11,+46914+,/ting1,1テイ1,
桯(2),楹,249,255,86,7,11,+46914+,/ying1,1エイ1,
桿,杆,249,234,86,7,11,+46941+,/gan1,1カン1たて1てこ1てすり1,
检,檢,,263,86,7,11,+48919+,/jian3,1ケン1しらべる1,
梼,檮,,263,86,7,11,+44941+,/tao2,1タウ1(1トウ1)1ダウ1(1ドウ1)1きりかぶ1おろか1,
梹,檳,,263,86,7,11,+42981+,/bin1,1ヒン1ビン1,
棂,櫺,,264,86,7,11,+47989+,/ling2,1レイ1リヤウ1(1リョウ1)1れんじ1てすり1のき1,
桰,栝,265,242,86,7,11,+42964+,/gua1,1クワツ1(1カツ1)1クワチ1(1カチ1),
梦,夢,265,101,86,7,11,+44207+,/meng4/meng1,1ボウ1ム1ゆめ1ゆめみる1くらい1,
梨,棃,265,249,86,7,11,+22904+,/li2,1リ1レイ1ライ1なし1,
梹,檳,265,263,86,7,11,+42981+,/bin1,1ヒン1ビン1,
椘,楚,265,254,86,7,11,+44307+,/chu3,1シヨ1(1ショ1)1ソ1いばら1しもと1むち1,
棕,椶,265,252,86,7,11,+43991+,/zong1,1ソウ1ス1,
棃,,249,,86,8,12,+27904+,/li2,1リ1レイ1ライ1なし1,
棉,,249,,86,8,12,+46927+,/mian2,1ベン1メン1わた1,
棋,,249,,86,8,12,+44981+,/qi2,1キ1ギ1ゴ1,
棍,,250,,86,8,12,+46911+,/gun4,1コン1ゴン1つゑ1(1つえ1)1ならずもの1ぼう1わるもの1,
棐,榧,250,256,86,8,12,+11904+,/fei3,1ヒ1かや1,
棒,,250,,86,8,12,+45953+,/bang1,1ハウ1(1ホウ1)1バウ1(1ボウ1)1うつ1,
棖,,250,,86,8,12,+41932+,/cheng2,1タイ1(1トウ1)1チヤウ1(1チョウ1),
棗,,250,,86,8,12,+50902+,/zao3,1サウ1(1ソウ1)1なつめ1,
棘,,250,,86,8,12,+55992+,/ji2,1キヨク1(1キョク1)1コキ1いばら1,
棚,,250,,86,8,12,+47920+,/peng2,1ハウ1(1ホウ1)1ビヤウ1(1ビョウ1)1たな1かけはし1,
棟,,250,,86,8,12,+45996+,/dong4,1トウ1ツ1むね1むな1むなぎ1かしら1,
棠,杜,250,235,86,8,12,+90904+,/tang2,1タウ1(1トウ1)1ダウ1(1ドウ1)1やまなし1からなし1こりんご1,
棣,弟,250,156,86,8,12,+45932+,/di4,1テイ1ダイ1にはうめ1(1にわうめ1)1にはざくら1(1にわざくら1),
棧(1),,251,,86,8,12,+43953+,/zhan4,1サン1ゼン1かけはし1さじき1,
棧(2),,251,,86,8,12,+43953+,/jian3,1セン1,
棨,,251,,86,8,12,+38904+,/qi3,1ケイ1カイ1,
棫,,251,,86,8,12,+43950+,/yu4,1ヨク1ヰキ1(1イキ1),
棬,,251,,86,8,12,+49912+,/quan1,1ケン1,
森,,251,,86,8,12,+40994+,/sen1,1シン1もり1,
棲,栖,251,242,86,8,12,+45944+,/xi1/qi1,1セイ1サイ1すむ1す1,
棵,,251,,86,8,12,+46994+,/ke1,1クワ1(1カ1),
棹(1),,251,,86,8,12,+41946+,/zhao4,1タウ1(1トウ1)1テウ1(1チョウ1)1さを1(1さお1)1さをさす1(1さおさす1),
棹(2),卓,251,053,86,8,12,+41946+,/zhuo1,1タク1ドク1すぐれる1つくえ1,
棺(1),,251,,86,8,12,+43977+,/guan1,1クワン1(1カン1)1ひつぎ1,
棺(2),,251,,86,8,12,+43977+,/guan4,1クワン1(1カン1),
棻,,251,,86,8,12,+44904+,/fen2,1フン1ブン1,
棼,,251,,86,8,12,+44227+,/fen1,1フン1ブン1,
椁,,251,,86,8,12,+40947+,/guo3,1クワク1(1カク1)1うはひつぎ1(1うわひつぎ1)1ひつぎ1,
椀,盌,251,356,86,8,12,+43912+,/wan3,1ワン1はち1こばち1,
椅(1),,251,,86,8,12,+44921+,/yi1,1イ1,
椅(2),倚,251,022,86,8,12,+44921+,/yi3,1イ1こしかけ1,
15010,,251,,86,8,12,+48941+,/bing1,1ヘイ1ヒヤウ1(1ヒョウ1),
椇,,252,,86,8,12,+47981+,/ju3,1ク1,
植,,252,,86,8,12,+44916+,/zhi2,1シヨク1(1ショク1)1シキ1うゑる1(1うえる1)1うわる1たてる1,
椎(1),,252,,86,8,12,+40914+,/chui2,1ツヰ1(1ツイ1)1ヅヰ1(1ヅイ1)1つち1うつ1,
椎(2),,252,,86,8,12,+40914+,/zhui1,1スヰ1(1スイ1)1しひ1(1しい1),
椏,,252,,86,8,12,+41917+,/ya1,1ア1また1きのまた1,
椐,,252,,86,8,12,+47964+,/ju1,1キヨ1(1キョ1)1ゴ1,
椑(1),,252,,86,8,12,+46940+,/pi2,1ヘイ1ベイ1,
椑(2),,252,,86,8,12,+46940+,/bi1,1ヒ1,
椒,,252,,86,8,12,+47940+,/jiao1,1セウ1(1ショウ1)1はじかみ1いただき1,
椓,,252,,86,8,12,+41932+,/zhuo2,1タク1,
椠,槧,,258,86,8,12,+42904+,/qian4,1セン1ゼン1サン1ザン1ふだ1かきもの1はんぎ1,
検,檢,,263,86,8,12,+48936+,/jian3,1ケン1しらべる1,
椟,櫝,,264,86,8,12,+44984+,/du2,1トク1ドク1,
椤,欏,,265,86,8,12,+46927+,/luo2,1ラ1,
椉(1),乘,265,006,86,8,12,+00904+,/cheng2,1シヨウ1(1ショウ1)1ジヨウ1(1ジョウ1)1のせる1のる1,
椉(2),乘,265,006,86,8,12,+00904+,/sheng1,1シヨウ1(1ショウ1)1ジヨウ1,
椗,碇,265,366,86,8,12,+43981+,/ding4,1テイ1チヤウ1(1チョウ1)1いかり1,
棊,棋,265,249,86,8,12,+44904+,/qi2,1キ1ギ1ゴ1,
棱(1),稜,265,377,86,8,12,+44947+,/leng2,1ロウ1リヨウ1(1リョウ1)1かど1いきほひ1(1いきおい1),
棱(2),稜,265,377,86,8,12,+44947+,/leng2,1ロウ1リヨウ1(1リョウ1),
棄,,249,,86,9,13,+00904+,/qi4,1キ1すてる1,
椰,,252,,86,9,13,+47927+,/ye2,1ヤ1,
椳,,252,,86,9,13,+46932+,/wei1,1ワイ1ヱ1(1エ1),
椶,,252,,86,9,13,+42947+,/zong1,1ソウ1ス1,
椷,,253,,86,9,13,+43950+,/jian1,1カン1,
椸,,253,,86,9,13,+48912+,/yi2,1イ1,
椹(1),,253,,86,9,13,+44911+,/zhen1,1チン1あてぎ1きぬた1さはら1(1さわら1),
椹(2),,253,,86,9,13,+44911+,/shen4,1シン1ジン1,
椽,,253,,86,9,13,+47932+,/chuan2,1テン1デン1たるき1,
椾,牋,253,322,86,9,13,+48921+,/jian1,1セン1かきつけ1てがみ1ふだ1,
椿,,253,,86,9,13,+45963+,/chun1,1チユン1(1チュン1)1チン1つばき1,
楂,槎,253,257,86,9,13,+44917+,/zha1/cha2,1サ1ジヤ1(1ジャ1)1いかだ1きる1,
楊,,253,,86,9,13,+46927+,/yang2,1ヤウ1(1ヨウ1)1やなぎ1,
楓,,253,,86,9,13,+47910+,/feng1,1フウ1フ1かへで1(1かえで1),
楔,,253,,86,9,13,+47934+,/xie4,1セツ1セチ1ケツ1ケチ1くさび1,
楘,,253,,86,9,13,+18904+,/mu4,1ボク1モク1,
楙,茂,253,454,86,9,13,+44990+,/mao4,1ボウ1ム1ぼけしげる1,
楚,,254,,86,9,13,+44801+,/chu3,1シヨ1(1ショ1)1ソ1いばら1しもと1むち1,
楛,,254,,86,9,13,+44964+,/hu4/ku3,1コ1ゴ1,
楝,,254,,86,9,13,+45996+,/lian4,1レン1おうち1,
楞,,254,,86,9,13,+46927+,/leng2,1リヨウ1(1リョウ1)1かど1かどばる1きびしい1すみ1,
楡,,254,,86,9,13,+48921+,/yu2,1ユ1にれ1,
楢,,254,,86,9,13,+48961+,/you2,1イウ1(1ユウ1)1ユ1,
楣,,254,,86,9,13,+47967+,/mei2,1ビ1ミ1,
楨,,254,,86,9,13,+41986+,/zheng1,1テイ1チヤウ1(1チョウ1),
楦,,254,,86,9,13,+43916+,/xuan4,1ケン1クワン1(1カン1),
楫,,254,,86,9,13,+46941+,/ji2,1セフ1(1ショウ1)1かぢ1(1かじ1)1こぐ1あつめる1,
楬(1),,254,,86,9,13,+46927+,/jie2,1ケツ1ゲチ1,
楬(2),,254,,86,9,13,+46927+,/jie2,1ケツ1ゲチ1,
業,,254,,86,9,13,+32904+,/ye4,1ゲフ1(1ギョウ1)1ゴフ1(1ゴウ1)1わざ1なりはひ1(1なりわい1)1すでに1,
楮,,255,,86,9,13,+44960+,/chu3,1チヨ1(1チョ1)1ト1かうぞ1(1こうぞ1),
楯,,255,,86,9,13,+42964+,/shun3,1シユン1(1シュン1)1ジユン1(1ジュン1)1おばしま1てすり1たて1ぬく1,
極,,255,,86,9,13,+41914+,/ji2,1キヨク1(1キョク1)1ゴキ1ゴク1きはめる1(1きわめる1)1きはまる1(1きわまる1)1きはみ1(1きわみ1)1きはめて1(1きわめて1)1きめ1きめる1,
楷(1),,255,,86,9,13,+41961+42961+42962+,/kai3,1カイ1,
楷(2),,255,,86,9,13,+41961+42961+42962+,/kai3,1カイ1のつとる1(1のっとる1)1のり1,
楸,,255,,86,9,13,+49980+,/qiu1,1シウ1(1シュウ1)1シユ1(1シュ1)1ひさぎ1ごばん1,
楹,,255,,86,9,13,+47917+,/ying2,1エイ1はしら1,
15106,,255,,86,9,13,+46960+,/mao4,1バウ1(マウ1),
楠,枏,255,238,86,9,13,+44927+,/nan2,1ダン1ナン1くす1くすのき1,
榘,矩,255,364,86,9,13,+81904+,/ju3,1ク1さしがね1のり1,
概,槪,,258,86,9,13,+41914+,/gai4,1カイ1ガイ1とかき1おほむね1(1おおむね1)1おもむき1,
楽(1),樂,,258,86,9,13,+32904+,/yue4,1ガク1かなでる1,
楽(2),樂,,258,86,9,13,+32904+,/luo4/le4,1ラク1たのしむ1たのしい1,
楽(3),樂,,258,86,9,13,+32904+,/yao4,1ガウ1(1ゴウ1)1ゲウ1(1ギョウ1)1このむ1,
楼,樓,,259,86,9,13,+49944+,/lou2,1ロウ1ル1たかどの1やぐら1,
椭,橢,,261,86,9,13,+44927+,/tuo3,1タ1ダ1こばんがた1,
榈,櫚,,264,86,9,13,+47920+,/lv2,1リヨ1(1リョ1)1ロ1,
榇,櫬,,264,86,9,13,+40994+,/chen4,1シン1,
榉,欅,,264,86,9,13,+49958+,/ju3,1キヨ1(1キョ1)1コ1けやき1,
楥,楦,265,254,86,9,13,+42947+,/xuan4,1ケン1クワン1(1カン1),
楳,梅,265,247,86,9,13,+44994+,/mei2,1バイ1マイ1うめ1,
榎,檟,255,262,86,10,14,+41947+,/jia3,1カ1ケ1えのき1,
榑,,256,,86,10,14,+43942+,/fu2,1フ1ブ1くれ1,
榔(1),檳,256,263,86,10,14,+47927+,/lang2,1ラウ1(1ロウ1),
榔(2),桄,256,244,86,10,14,+47927+,/lang2,1ラウ1(1ロウ1),
榕,,256,,86,10,14,+43968+,/yong2,1ヨウ1ユ1あかう1(1あこう1),
榖,,256,,86,10,14,+47947+,/gu3,1コク1,
榛,,256,,86,10,14,+45994+,/zhen1,1シン1ジン1はしばみ1はりのき1はり1くさむら1,
榜(1),,256,,86,10,14,+40927+,/beng4,1ハウ1(1ホウ1)1ビヤウ1(1ビョウ1)1バウ1(1ボウ1)1かぢ1(1かじ1)1こぐ1むちうつ1,
榜(2),,256,,86,10,14,+40927+,/beng4,1ハウ1(1ホウ1)1ビヤウ1(1ビョウ1)1バウ1(1ボウ1)1かかげる1しめす1たてふだ1,
榤,,256,,86,10,14,+45994+,/jie2,1ケツ1ゲチ1,
榦,楨,256,254,86,10,14,+48494+,/gan4,1カン1,
榧,,256,,86,10,14,+41911+,/fei3,1ヒ1かや1,
榨,,256,,86,10,14,+43911+,/zha4,1サ1シヤ1(1シャ1)1サイ1セ1,
榫,,256,,86,10,14,+40941+,/sun3,1シユン1(1シュン1),
榭,,256,,86,10,14,+44900+,/xie4,1シヤ1(1シャ1)1ジヤ1(1ジャ1),
榮,,256,,86,10,14,+99904+,/yong2/rong2,1エイ1ヤウ1(1ヨウ1)1さかえる1はえ1はえる1さかん1さかえ1,
榱,,257,,86,10,14,+40932+,/cui1,1スヰ1(1スイ1)1たるき1,
榷,,257,,86,10,14,+44914+,/que4,1カク1,
榻,,257,,86,10,14,+46927+,/ta4,1タフ1(1トウ1)1しじ1こしかけ1,
榼,,257,,86,10,14,+44917+,/ke4,1カフ1(1コウ1),
榾,柮,257,241,86,10,14,+47927+,/gu3,1コツ1ゴチ1ほた1ほだ1,
槁,,257,,86,10,14,+40927+,/kao3,1カウ1(1コウ1)1かれる1からす1かれき1かはかす1(1かわかす1)1かはく1(1かわく1),
槃,,257,,86,10,14,+27904+,/pan2,1ハン1バン1たらひ1たのしむ1めぐる1,
槅,核,257,243,86,10,14,+41927+,/ge2,1カク1キヤク1(1キャク1),
槊,,257,,86,10,14,+87904+,/shuo4,1サク1ほこ1すごろく1,
構,,257,,86,10,14,+45947+,/gou4,1コウ1ク1かまへる1(1かまえる1)1かまふ1(1かまう1)1かまへ1(1かまえ1),
槌,,257,,86,10,14,+47937+,/chui2,1ツヰ1(1ツイ1)1ヅヰ1(1ヅイ1)1つち1うつ1,
槍(1),鎗,257,585,86,10,14,+48967+,/qiang1,1シヤウ1(1ショウ1)1サウ1(1ソウ1)1やり1,
槍(2),欃,257,265,86,10,14,+48967+,/qiang1,1シヤウ1(1ショウ1)1サウ1(1ソウ1)1やり1,
槎,,257,,86,10,14,+48911+,/cha2,1サ1ゼ1いかだ1,
槐,,257,,86,10,14,+46913+,/huai2,1クワイ1(1カイ1)1ヱ1(1エ1)1ゑんじゆ1(1えんじゅ1),
榲,桲,257,246,86,10,14,+46917+,/wo1,1ヲツ1(1オツ1),
槓,,257,,86,10,14,+41986+,/gang4,1コウ1てこ1てこぼう1,
榠,樝,,259,86,10,14,+47980+,/ming2,1メイ1,
様,樣,,259,86,10,14,+48932+,/yang4,1ヤウ1(1ヨウ1)1さま1くぬぎ1,
榴,橊,,260,86,10,14,+47962+,/liu2,1リウ1(1リュウ1)1ル1,
槚,檟,,262,86,10,14,+41982+,/jia3,1カ1ケ1,
槟,檳,,263,86,10,14,+43981+,/bin1,1ヒン1ビン1,
槛,檻,,263,86,10,14,+48912+,/jian4/kan3,1カン1ガン1をり1(1おり1)1おばしま1,
槞,櫳,,264,86,10,14,+40916+,/long2,1ロウ1ル1をり1(1おり1)1まど1,
槀,槁,265,257,86,10,14,+00904+,/kao3,1カウ1(1コウ1)1かれる1からす1かれき1かはかす1(1かわかす1)1かはく1(1かわく1),
榘,矩,265,364,86,10,14,+81904+,/ju3,1ク1かねざし1さしがね1のり1,
15350(1),樹,265,260,86,10,14,+44900+,/shu4,1シユ1(1シュ1)1ジユ1(1ジュ1)1き1,
15350(2),樹,265,260,86,10,14,+44900+,/shu4,1シユ1(1シュ1)1たてる1たつ1うゑる1(1うえる1),
槖,橐,265,261,86,10,14,+40904+,/tuo2,1タク1,
槥,,258,,86,11,15,+45974+,/hui4,1セイ1ゼイ1ヱイ1(1エイ1)1ヱ1(1エ1)1ケイ1,
槧,,258,,86,11,15,+52904+,/qian4,1セン1ゼン1サン1ザン1ふだ1かきもの1はんぎ1,
槪,,258,,86,11,15,+41914+,/gai4,1カイ1ガイ1とかき1おほむね1(1おおむね1)1おもむき1,
槭(1),,258,,86,11,15,+43950+,/cu4/qi1,1シユク1(1シュク1),
槭(2),,258,,86,11,15,+43950+,/se4,1サク1シヤク1(1シャク1),
槱,,258,,86,11,15,+41336+,/you3,1イウ1(1ユウ1)1ユ1,
槲,,258,,86,11,15,+44900+,/hu2,1コク1ゴク1かしは1(1かしわ1),
槳,,258,,86,11,15,+27904+,/qiang2,1シヤウ1(1ショウ1)1サウ1(1ソウ1),
槹,,258,,86,11,15,+46941+,/gao1,1カウ1(1コウ1)1はねつるべ1,
槻,,258,,86,11,15,+46910+,/gui1,1キ1つき1,
槽,,258,,86,11,15,+45966+,/cao2,1サウ1(1ソウ1)1ザウ1(1ゾウ1)1をけ1(1おけ1),
槿,菫,258,461,86,11,15,+44914+,/jin3,1キン1むくげ1,
樁,,258,,86,11,15,+45977+,/zhuang1,1タウ1(1トウ1),
樂(1),,258,,86,11,15,+22904+,/yue4,1ガク1かなでる1,
樂(2),,258,,86,11,15,+22904+,/luo4/le4,1ラク1たのしむ1たのしい1,
樂(3),,258,,86,11,15,+22904+,/yao4,1ガウ1(1ゴウ1)1ゲウ1(1ギョウ1)1このむ1,
樅,,258,,86,11,15,+48981+,/cong1,1シヨウ1(1ショウ1)1シユ1(1シュ1)1もみ1,
樊,,258,,86,11,15,+44430+,/fan2,1ハン1ボン1かご1まがき1とりかご1みだれる1,
樓,,259,,86,11,15,+45944+,/lou2,1ロウ1ル1たかどの1やぐら1,
樕,,259,,86,11,15,+47982+,/su4,1ソク1,
樗,,259,,86,11,15,+41927+,/shu1,1チヨ1(1チョ1)1ト1おうち1,
標,,259,,86,11,15,+41991+,/biao1,1ヘウ1(1ヒョウ1)1こずゑ1(1こずえ1)1すゑ1(1すえ1)1しるし1しめ1,
樛,,259,,86,11,15,+47922+,/jiu1,1キウ1(1キュウ1)1ク1まがる1めぐる1つが1とが1めぐる1まつはる1(1まつわる1),
樝,柤,259,241,86,11,15,+41917+,/cha1,1サ1シヤ1(1シャ1),
樞,,259,,86,11,15,+41916+,/shu1,1シユ1(1シュ1)1ス1スウ1とぼそ1かなめ1,
樟,,259,,86,11,15,+40946+,/zhang1,1シヤウ1(1ショウ1)1くす1,
模,,259,,86,11,15,+44934+,/mo1/mu2,1ボ1モ1かた1のつとる1(1のっとる1),
樣,,259,,86,11,15,+48932+,/yang4,1ヤウ1(1ヨウ1)1さま1くぬぎ1,
樨,桂,260,244,86,11,15,+47951+,/xi1,1セイ1サイ1,
横(1),橫,,261,86,11,15,+44986+,/heng2,1クワウ1(1コウ1)1ワウ1(1オウ1)1よこ1よこたへる1(1よこたえる1)1よこたはる1(1よこたわる1),
横(2),橫,,261,86,11,15,+44986+,/heng4,1クワウ1(1コウ1)1ワウ1(1オウ1)1よこしま1あふれる1,
樱,櫻,,264,86,11,15,+47944+,/ying1,1アウ1(1オウ1)1ヤウ1(1ヨウ1)1エイ1ゆすらうめ1さくら1,
権,權,,265,86,11,15,+48914+,/quan2,1ケン1ゴン1おもり1はかり1はかる1はかりごと1いきほひ1(1いきおい1),
槨,椁,265,251,86,11,15,+47927+,/guo3,1クワク1(1カク1)1うはひつぎ1(1うわひつぎ1)1ひつぎ1,
槼,規,265,509,86,11,15,+56904+,/gui1,1キ1ぶんまわし1のり1ただす1はかる1,
槩,槪,266,258,86,11,15,+21904+,/gai4,1カイ1ガイ1とかき1おほむね1(1おおむね1)1おもむき1,
樑,梁,266,246,86,11,15,+47994+,/liang2,1リヤウ1(1リョウ1)1はし1はり1うつばり1やな1,
辳,農,266,553,86,11,15,+44232+,/nong2,1ドウ1ヌ1ノウ1たがやす1,
樱,櫻,,264,86,11,15,+47944+,/ying1,1アウ1(1オウ1)1ヤウ1(1ヨウ1)1エイ1さくら1,
樲,,260,,86,12,16,+43940+,/er4,1ジ1ニ1,
樵,,260,,86,12,16,+40931+,/chao2,1セウ1(1ショウ1)1ゼウ1(1ジョウ1)1たきぎ1きこる1きこり1,
樸(1),朴,260,234,86,12,16,+42934+,/pu2,1ハク1ボク1あらき1ありのまま1きぢ1(1きじ1)1すなほ1(1すなお1),
樸(2),樕,260,259,86,12,16,+42934+,/pu2,1ハク1ボク1,
樹(1),,260,,86,12,16,+44900+,/shu4,1シユ1(1シュ1)1ジユ1(1ジュ1)1き1,
樹(2),,260,,86,12,16,+44900+,/shu4,1シユ1(1シュ1)1たてる1たつ1うゑる1(1うえる1),
樺,,260,,86,12,16,+44954+,/hua4,1クワ1(1カ1)1ゲ1かば1,
樽,尊罇,260,129418,86,12,16,+48946+,/zun1,1ソン1たる1,
樾,,260,,86,12,16,+43985+,/yue4,1ヱツ1(エツ1)ヲチ1(オチ1),
橄,欖,260,265,86,12,16,+48940+,/gan3,1カン1,
橇,,260,,86,12,16,+42914+,/qiao1/cui4,1ケウ1(1キョウ1)1セツ1セチ1そり1,
橈(1),,260,,86,12,16,+44911+,/nao2,1ダウ1(1ドウ1)1ネウ1(1ニョウ1)1たわむ1たわめる1まげる1くじく1,
橈(2),,260,,86,12,16,+44911+,/rao2,1ゼウ1(1ジョウ1)1ネウ1(1ニョウ1)1かぢ1(1かじ1)1かい1,
橊,,260,,86,12,16,+41967+,/liu2,1リウ1(1リュウ1)1ル1,
橋,,260,,86,12,16,+42927+,/qiao2,1ケウ1(1キョウ1)1ゲウ1(1ギョウ1)1はし1,
橐,,261,,86,12,16,+50904+,/tuo2,1タク1,
橕,,261,,86,12,16,+49941+,/cheng2,1タウ1(1トウ1)1チヤウ1(1チョウ1),
橘,,261,,86,12,16,+47927+,/ju2,1キツ1キチ1たちばな1,
橙(1),,261,,86,12,16,+42918+,/cheng2,1タウ1(1トウ1)1チヤウ1(1チョウ1)1だいだい1,
橙(2),凳,261,038,86,12,16,+42918+,/deng4,1トウ1こしかけ1つくえ1,
橛,,261,,86,12,16,+41982+,/jue2,1ケツ1クワチ1(1カチ1),
機,,261,,86,12,16,+42953+,/ji1,1はた1きざし1をり1(1おり1)1からくり1,
橡,,261,,86,12,16,+47932+,/xiang4,1シヤウ1(1ショウ1)1ザウ1(1ゾウ1)1とち1くぬぎ1,
橢,,261,,86,12,16,+44927+,/tuo3,1タ1ダ1こばんがた1,
橧,,261,,86,12,16,+48966+,/zeng1,1ソウ1,
橫(1),,261,,86,12,16,+44986+,/heng2,1クワウ1(1コウ1)1ワウ1(1オウ1)1よこ1よこたへる1(1よこたえる1)1よこたはる1(1よこたわる1),
橫(2),,261,,86,12,16,+44986+,/heng4,1クワウ1(1コウ1)1ワウ1(1オウ1)1よこしま1あふれる1,
橹(1),櫓,,263,86,12,16,+47961+,/lu3,1ロ1おほだて1(1おおだて1)1やぐら1,
橹(2),艣,,446,86,12,16,+47961+,/lu3,1ロ1かい1,
13390(1),散,266,212,86,12,16,+41247+,/san4,1サン1ちる1ちらす1ちらかす1ちらかる1,
13390(2),散,266,212,86,12,16,+41247+,/san3,1サン1,
橤,蕊,266,471,86,12,16,+33904+,/rui3,1ズヰ1(1ズイ1)1ヌイ1しべ1,
樷,叢,266,059,86,12,16,+44147+,/cong1/cong2,1ソウ1ス1くさむら1むらがる1,
橅,模,266,259,86,12,16,+48931+,/mo1/mu2,1ボ1モ1かた1のつとる1(1のっとる1),
15645,櫓,266,263,86,12,16,+41927+,/lu3,1ロ1おほだて1(1おおだて1)1やぐら1,
橿,,262,,86,13,17,+41916+,/jiang1,1キヤウ1(1キョウ1)1もちのき1かし1,
檀,,262,,86,13,17,+40916+,/tan2,1タン1ダン1まゆみ1,
檃,,262,,86,13,17,+72904+,/yin3,1イン1オン1,
檄,,262,,86,13,17,+48940+,/xi2,1ケキ1ギヤク1(1ギャク1)1ゲキ1ふれぶみ1,
檇,,262,,86,13,17,+40927+,/zui4,1スヰ1(1スイ1)1ズヰ1(1ズイ1),
檉,,262,,86,13,17,+46914+,/cheng1,1テイ1チヤウ1(1チョウ1),
檎,,262,,86,13,17,+48927+,/qin2,1キン1ゴン1ゴ1,
檔(1),,262,,86,13,17,+49966+,/dang3/dang4,1タウ1(1トウ1),
檔(2),,262,,86,13,17,+49966+,/dang3/dang4,1タウ1(1トウ1),
檐,,262,,86,13,17,+47961+,/yan2,1エン1のき1ひさし1,
檜,,262,,86,13,17,+48931+,/kuai4/guai4/gui4/hui4,1クワイ1(1カイ1)1ケ1ひのき1,
檟,,262,,86,13,17,+41986+,/jia3,1カ1ケ1,
檠,,263,,86,13,17,+48904+,/jing2,1ケイ1ギヤウ1(1ギョウ1)1ゆだめ1ともしび1,
檢,,263,,86,13,17,+48986+,/jian3,1ケン1しらべる1,
檣,,263,,86,13,17,+44961+,/qiang2,1シヤウ1(1ショウ1)1サウ1(1ソウ1)1ほばしら1,
櫛,櫛,,264,86,13,17,+48927+,/jie2,1シツ1シチ1くし1くしけづる1(1くしけずる1),
檪,櫟,,264,86,13,17,+42994+,/li4,1レキ1リヤク1(1リャク1)1くぬぎ1,
檝,楫,266,254,86,13,17,+43950+,/ji2,1セフ1(1ショウ1)1かぢ1(1かじ1)1こぐ1あつめる1,
櫃,匱,263,051,86,14,18,+41918+,/gui4,1キ1ギ1ひつ1,
檬,檸,263,263,86,14,18,+44932+,/meng2,1ボウ1モウ1,
檮,杌,263,234,86,14,18,+45940+,/tao2,1タウ1(1トウ1)1ダウ1(1ドウ1)1きりかぶ1おろか1,
檯,,263,,86,14,18,+44914+,/tai2,1タイ1ダイ1,
檳,,263,,86,14,18,+43986+,/bin1,1ヒン1ビン1,
檸,,263,,86,14,18,+43921+,/ning2,1ダウ1(1ドウ1)1ニヤウ1(1ニョウ1),
檻,,263,,86,14,18,+48917+,/jian4/kan3,1カン1ガン1をり1(1おり1)1おばしま1,
檿,,263,,86,14,18,+71904+,/yan3,1エン1,
櫂,,263,,86,14,18,+47914+,/zhao4,1タウ1(1トウ1)1デウ1(1ジョウ1)1かい1,
07535,梅,265,247,86,14,18,+44994+,/mei2,1バイ1マイ1うめ1,
櫈,凳,266,038,86,14,18,+42917+,/deng4,1トウ1,
15752,柝,266,241,86,14,18,+44994+,/tuo4,1タク1さく1ひらく1き1,
櫥,廚,263,152,86,15,19,+40940+,/chu2,1チユ1(1チュ1)1ヂユ1(1ジュ1)1チユウ1(1チュウ1)1くりや1ひつ1ぬし1,
櫍,,263,,86,15,19,+42986+,/zhi4,1シツ1シチ1,
櫓,,263,,86,15,19,+47963+,/lu3,1ロ1おほだて1(1おおだて1)1やぐら1,
櫚,椶,264,252,86,15,19,+47920+,/lv2,1リヨ1(1リョ1)1ロ1,
櫛,,264,,86,15,19,+48927+,/jie2,1シツ1シチ1くし1くしけづる1(1くしけずる1),
櫜,,264,,86,15,19,+50904+,/gao1,1カウ1(1コウ1),
櫝,,264,,86,15,19,+44986+,/du2,1トク1ドク1,
櫞,,264,,86,15,19,+47932+,/yuan2,1エン1,
櫟,,264,,86,15,19,+42994+,/li4,1レキ1リヤク1(1リャク1)1くぬぎ1,
櫨,,264,,86,16,20,+41917+,/lu2,1ロ1ル1ますがた1はぜ1,
櫪,,264,,86,16,20,+41911+,/li4,1レキ1リヤク1(1リャク1)1うまや1かひばをけ1(1かいばおけ1),
櫫,,264,,86,16,20,+14904+,/zhu1,1チヨ1(1チョ1),
櫬,,264,,86,16,20,+46910+,/chen4,1シン1,
櫱,,264,,86,16,20,+20904+,/nie4,1ゲツ1ゲチ1ひこばえ1,
櫳,,264,,86,16,20,+41911+,/long2,1ロウ1ル1をり1(1おり1)1まど1,
欄,欄,,265,86,16,20,+47920+,/lan2,1ラン1てすり1をり1(1おり1)1わく1,
欅,,264,,86,17,21,+47952+,/ju3,1キヨ1(1キョ1)1コ1けやき1,
櫺,,264,,86,17,21,+41963+,/ling2,1レイ1リヤウ1(1リョウ1)1れんじ1てすり1のき1,
櫻,,264,,86,17,21,+46944+,/ying1,1アウ1(1オウ1)1ヤウ1(1ヨウ1)1エイ1さくら1,
欃,,265,,86,17,21,+47913+,/chan1,1サン1ザン1,
欄,,265,,86,17,21,+47920+,/lan2,1ラン1てすり1をり1(1おり1)1わく1,
15891,,265,,86,17,21,+43932+,/shuan1,1サン1セン1,
權,,265,,86,17,21,+44914+,/quan2,1ケン1ゴン1おもり1はかり1はかる1はかりごと1いきほひ1(1いきおい1),
櫾(1),柚,266,240,86,17,21,+42993+,/you4,1イウ1(1ユウ1)1ユ1ゆず1,
櫾(2),柚,266,240,86,17,21,+42993+,/zhu2,1チク1ヂク1(1ジク1),
欏,,265,,86,19,23,+46914+,/luo2,1ラ1,
欒,,265,,86,19,23,+22904+,/luan2,1ラン1,
欖,橄,265,260,86,21,25,+48916+,/lan3,1ラン1,
欛,,265,,86,21,25,+41927+,/ba4,1ハ1ヘ1,
欝,鬱,266,633,86,22,26,+44746+,/yu4,1ウツ1ウチ1こもる1ふさがる1かをり1(1かおり1)1さかん1しげる1,
欞,櫺,,264,86,24,28,+41918+,/ling2,1レイ1リヤウ1(1リョウ1)1れんじ1てすり1のき1,
欠(1),,266,,87,0,4,+27802+,/qian4,1ケン1あくび1かける1かく1けつ1,
欠(2),缺,,418,87,0,4,+27802+,/que1,1ケツ1ケチ1かく1かける1,
次,,266,,87,2,6,+37182+,/ci4,1シ1ジ1つぐ1つぎ1つぎに1ついで1やどる1とまる1,
欢,歡讙驩,,268529629,87,2,6,+17482+,/huan1,1クワン1(1カン1)1よろこぶ1かまびすしい1やかましい1,
欤,歟,,268,87,3,7,+27182+,/yu2,1ヨ1か1や1,
欣,,266,,87,4,8,+77282+,/xin1,1キン1コン1よろこぶ1,
欧,歐,,267,87,4,8,+77782+,/ou1,1オウ1ウ1はく1,
钦,欽,,267,87,5,9,+87782+,/qin1,1キン1コン1つつしむ1,
欬,,266,,87,6,10,+07882+,/kai4/ge2,1カイ1ガイ1,
欲,,266,,87,7,11,+87682+,/yu4,1ヨク1ほつする1(1ほっする1)1ほしい1,
欷,唏,266,073,87,7,11,+47282+,/xi1,1キ1ケ1すする1すすりなく1,
欸(1),,266,,87,7,11,+27482+,/ai4,1アイ1ああ1なげく1,
欸(2),,266,,87,7,11,+27482+,/ai3,1アイ1,
欵,款,268,267,87,7,11,+27482+,/kuan3,1クワン1(1カン1)1まこと1よろこぶ1よろこび1しるす1たたく1,
欺,,266,,87,8,12,+47882+,/qi1,1キ1あざむく1,
欻,,267,,87,8,12,+97882+,/hu1,1クツ1クチ1,
欽,,267,,87,8,12,+87182+,/qin1,1キン1コン1つつしむ1,
款,,267,,87,8,12,+47982+,/kuan3,1クワン1(1カン1)1まこと1よろこぶ1よろこび1しるす1たたく1,
欿,,267,,87,8,12,+27782+,/kan3,1カン1コン1タン1トン1,
欹,猗,268,327,87,8,12,+47682+,/yi1,1イ1ああ1うつくしい1たをやか1(1たおやか1)1うるはしい1(1うるわしい1)1なよやか1しごく1よる1,
歃,,267,,87,9,13,+27782+,/sha4,1セフ1(1ショウ1)1サフ1(1ソウ1)1カフ1(1コウ1)1すする1,
歆,,267,,87,9,13,+07682+,/xin1,1キン1コン1,
歈,,267,,87,9,13,+87282+,/yu2,1ユ1,
歉,,267,,87,10,14,+87282+,/qian4,1ケン1すくない1たりない1あきたらない1,
歌,,267,,87,10,14,+17682+,/ge1,1カ1うた1うたふ1(1うたう1),
歎,,267,,87,11,15,+47582+,/tan4,1タン1なげく1,
歐,,267,,87,11,15,+77782+,/ou1,1オウ1ウ1はく1,
歓,歡,,268,87,11,15,+87282+,/huan1,1クワン1(1カン1)1よろこぶ1,
16184(1),飮,268,620,87,11,15,+87682+,/yin3,1イン1オン1のむ1,
16184(2),飮,268,620,87,11,15,+87682+,/yin4,1イン1オン1のます1,
歔,欷,267,266,87,12,16,+27282+,/xu1,1キヨ1(1キョ1)1コ1すふ1(1すう1)1すすりなく1,
歙(1),吸,267,067,87,12,16,+87182+,/xi4,1キフ1(1キュウ1)1コフ1(1コウ1)1すふ1(1すう1),
歙(3),翕,267,423,87,12,16,+87182+,/xi4,1キフ1(1キュウ1)1コフ1(1コウ1)1あつまる1あはせる1(1あわせる1),
歙(2),,267,,87,12,16,+87182+,/she4,1セフ1(1ショウ1),
歕,,268,,87,13,17,+47882+,/pen1,1フン1ホン1,
歗,嘯,268,082,87,13,17,+57282+,/xiao4,1セウ1(1ショウ1)1うそぶく1,
歟,與,268,443,87,14,18,+77882+,/yu2,1ヨ1か1や1,
歠,,268,,87,15,19,+17682+,/chuo4,1セツ1セチ1,
歡,,268,,87,18,22,+47282+,/huan1,1クワン1(1カン1)1よろこぶ1,
止,,268,,88,0,4,+21100+,/zhi3,1シ1とまる1とめる1とどまる1とどめる1やめる1ただ1,
正(1),,268,,88,1,5,+10101+,/zheng4,1セイ1シヤウ1(1ショウ1)1ただしい1ただす1まさ1まさに1まさしく1かみ1,
正(2),,268,,88,1,5,+10101+,/zheng1,1セイ1シヤウ1(1ショウ1)1まと1,
此,,268,,88,2,6,+21110+22110+,/ci3,1これ1この1ここ1ここに1,
步,,269,,88,3,7,+21201+,/bu4,1ホ1ブ1あるく1あゆむ1あゆみ1はかる1ふ1,
歩,步,,269,88,4,8,+21209+,/bu4,1ホ1ブ1あるく1あゆむ1あゆみ1はかる1ふ1,
武,,269,,88,4,8,+13140+,/wu3,1ブ1ム1たけだけしい1たけし1たたかひ1(1たたかい1)1もののふ1,
歧,,269,,88,4,8,+24147+,/qi2,1キ1ギ1,
歪,,269,,88,5,9,+10101+,/wai1,1ワイ1ヱ1(1エ1)1ゆがむ1いびつ1ひづむ1(1ひずむ1),
歬,前,270,043,88,6,10,+21447+,/qian2,1セン1ゼン1さき1さきに1まへ1(1まえ1)1すすむ1すすめる1,
16308,歸,269,269,88,8,12,+27127+,/gui1,1キ1かへる1(1かえる1)1かへす1(1かえす1)1とつぐ1おくる1,
歱,踵,269,542,88,9,13,+22114+,/zhong3,1シヨウ1(1ショウ1)1シユ1(1シュ1)1くびす1かかと1つぐ1いたる1しきりに1ついで1,
歲,,269,,88,9,13,+21253+,/sui4,1セイ1サイ1とし1とせ1よはい1(1よわい1),
歳,歲,,269,88,9,13,+21253+,/sui4,1セイ1サイ1とし1とせ1よはい1(1よわい1),
歰,澀,269,305,88,10,14,+17111+,/se4,1シフ1(1シュウ1)1ジフ1(1ジュウ1)1しぶ1しぶい1しぶる1,
歴,歷,,269,88,10,14,+71211+,/li4,1レキ1リヤク1(1リャク1)1へる1,
歷,,269,,88,12,16,+71211+,/li4,1レキ1リヤク1(1リャク1)1へる1,
歸,,269,,88,14,18,+27127+,/gui1,1キ1かへる1(1かえる1)1かへす1(1かえす1)1とつぐ1おくる1,
歹(1),,270,,89,0,4,+10207+,/e4,1ガツ1ガチ1いちた1のこりぼね1ほね1,
歹(2),,270,,89,0,4,+10207+,/dai3,1ガツ1ガチ1わるい1,
死,,270,,89,2,6,+10212+,/si3,1シ1しぬ1,
歼,殲,,271,89,3,7,+12240+,/jian1,1セン1ころす1つくす1ほろぼす1,
歾(1),沒,270,280,89,4,8,+17220+,/mo4,1ボツ1モチ1しぬ1をはる1(1おわる1),
歾(2),刎,270,040,89,4,8,+17220+,/wen3,1ブン1モン1くびはねる1はねる1,
歿,沒,270,280,89,4,8,+17247+,/mo4,1ボツ1モチ1しぬ1をはる1(1おわる1),
殀,夭,270,102,89,4,8,+12234+,/yao3,1エウ1(1ヨウ1)1わかじに1ころす1,
殂,,270,,89,5,9,+17210+,/cu2,1ソ1ゾ1,
殃,,270,,89,5,9,+15230+,/yang,1ヤウ1(1ヨウ1)1アウ1(1オウ1)1わざはひ1(1わざわい1)1そこなふ1(1そこなう1),
殄,,270,,89,5,9,+18222+,/tian3,1テン1デン1つくす1つきる1やむ1ことごとく1たつ1,
殆,,270,,89,5,9,+13260+,/dai4,1タイ1ダイ1あやふい1(1あやうい1)1ほとんど1,
殇,殤,,271,89,5,9,+18227+,/shang1,1シヤウ1(1ショウ1)わかじに1,
殉,,270,,89,6,10,+17220+,/xun4,1シユン1(1シュン1)1ジユン1(1ジュン1)1したがふ1(1したがう1),
殊,,270,,89,6,10,+15290+,/shu1,1シユ1(1シュ1)1ジユ1(1ジュ1)1こと1たつ1ことなる1ことにする1ことに1,
残,殘,,270,89,6,10,+13250+,/can2,1サン1ザン1そこなふ1(1そこなう1)1のこる1のこす1のこり1,
殍,莩,270,459,89,7,11,+12247+,/piao3,1ヘウ1(1ヒョウ1)1ベウ1(1ビョウ1)1うゑじに1(1うえじに1),
殒,殞,,271,89,7,11,+16282+,/yun3,1ヰン1(1イン1)1おちる1おとす1しぬ1,
殓,殮,,271,89,7,11,+18219+,/lian4,1レン1あつめる1をさめる1(1おさめる1)1をさまる1(1おさまる1)1しまる1,
殖,,270,,89,8,12,+14216+,/zhi2,1シヨク1(1ショク1)1ジキ1ふえる1ふやす1,
殘,,270,,89,8,12,+13253+,/can2,1サン1ザン1そこなふ1(1そこなう1)1のこる1のこす1のこり1,
殚,殫,,271,89,8,12,+18256+,/dan1,1タン1ダン1たふす1(1たおす1)1たふれる1(1たおれる1)1つきる1つくす1ことごとく1,
殛,,271,,89,9,13,+11214+,/ji2,1キヨク1(1キョク1)1ゴキ1,
殞,,271,,89,10,14,+16286+,/yun3,1ヰン1(1イン1)1おちる1おとす1しぬ1,
殣,,271,,89,11,15,+14214+,/jin3,1キン1ギン1うゑじに1(1うえじに1),
殤,,271,,89,11,15,+18227+,/shang1,1シヤウ1(1ショウ1)わかじに1,
殪,,271,,89,12,16,+14218+,/yi4,1エイ1アイ1たふす1(1たおす1)1たふれる1(1たおれる1)1つきる1つくす1うづめる1(1うずめる1)1ころす1しぬ1,
殫,,271,,89,12,16,+16256+,/dan1,1タン1ダン1たふす1(1たおす1)1たふれる1(1たおれる1)1つきる1つくす1ことごとく1,
殭,,271,,89,13,17,+11216+,/jiang1,1キヤウ1(1キョウ1)1カウ1(1コウ1),
殮,斂,271,214,89,13,17,+18286+,/lian4,1レン1あつめる1をさめる1(1おさめる1)1をさまる1(1おさまる1)1しまる1,
殱,殲,271,271,89,15,19,+13250+,/jian1,1セン1ころす1つくす1ほろぼす1,
殲,,271,,89,17,21,+13250+,/jian1,1セン1ころす1つくす1ほろぼす1,
殳,,271,,90,0,4,+77407+,/shu1,1シユ1(1シュ1)1ジユ1(1ジュ1)1たてぼこ1たてる1ほこづくり1るまた1,
殴,毆,,272,90,4,8,+77747+,/ou1,1オウ1ウ1なぐる1うつ1たたく1,
段,,271,,90,5,9,+77447+,/duan4,1タン1ダン1きざはし1,
殷(1),,271,,90,6,10,+27247+,/yin1,1イン1おほい1(1おおい1)1さかん1ねんごろ1,
殷(2),,271,,90,6,10,+27247+,/yan1,1アン1エン1あかい1,
殷(3),,271,,90,6,10,+27247+,/yin3,1イン1なりひびく1にぎやか1,
殺(1),殺,,272,90,6,10,+47947+,/sha1,1サツ1サチ1セツ1ころす1,
殺(2),殺,,272,90,6,10,+47947+,/shai4,1サイ1けづる1(1けずる1)1そぐ1へらす1,
殺(1),,272,,90,7,11,+47947+,/sha1,1サツ1サチ1セツ1ころす1,
殺(2),,272,,90,7,11,+47947+,/shai4,1サイ1けづる1(1けずる1)1そぐ1へらす1,
殻,,272,,90,7,11,+47247+,/que4/ke2/jiao4,1カク1から1,
殼,殻,,272,90,8,12,+47247+,/que4/ke2/jiao4,1カク1から1,
殽(1),淆,272,291,90,8,12,+47247+,/yao2,1カウ1(1コウ1)1ゲウ1(1ギョウ1)1みだす1みだれる1にごる1まじる1,
殽(2),肴,272,432,90,8,12,+47247+,/yao2,1カウ1(1コウ1)1ゲウ1(1ギョウ1)1さかな1,
殿(1),,272,,90,9,13,+77247+,/dian4,1テン1デン1との1どの1,
殿(2),,272,,90,9,13,+77247+,/dian4,1テン1デン1しんがり1,
毀(1),,272,,90,9,13,+77147+,/hui3,1キ1こぼつ1やぶる1やぶれる1そしる1そしり1やせる1,
毀(2),燬,,319,90,9,13,+77147+,/hui3,1キ1やく1やける1ひ1,
瑴,玨,338,332,90,10,14,+47147+,/jue2,1カク1,
毅,,272,,90,11,15,+07247+,/yi4,1ギ1ゲ1キ1つよい1たけし1,
毆,,272,,90,11,15,+77747+,/ou1,1オウ1ウ1なぐる1うつ1たたく1,
毈,,272,,90,12,16,+77747+,/duan4,1タン1ダン1,
16693,,272,,90,13,17,+47747+,/ke2,1コク1カク1,
毋(1),,272,,91,0,4,+77500+,/wu2,1ブ1ム1ない1なかれ1,
毋(2),,272,,91,0,4,+77500+,/mou2,1ボウ1ム1,
母,父,272,321,91,1,5,+77500+,/mu3,1ボウ1モ1ボ1はは1,
毎(1),每,,272,91,2,6,+80507+,/mei3,1バイ1マイ1ごと1ごとに1つねづね1むさぼる1,
毎(2),每,,272,91,2,6,+80507+,/mei4,1バイ1マイ1,
每(1),,272,,91,3,7,+80507+,/mei3,1バイ1マイ1ごと1ごとに1つねづね1むさぼる1,
每(2),,272,,91,3,7,+80507+,/mei4,1バイ1マイ1,
毒,,273,,91,4,8,+50507+,/du2,1トク1ドク1わるい1そこなふ1(1そこなう1),
毓,育,273,432,91,10,14,+80513+,/yu4,1イク1そだつ1そだてる1はぐくむ1やしなふ1(1やしなう1)1そだち1,
比(1),,273,,92,0,4,+21710+22710+,/bi3,1ヒ1くらべる1たぐひ1(1たぐい1)1ころ1ころほひ1(1ころおい1)1このごろ1ために1,
比(2),,273,,92,0,4,+21710+22710+,/bi4,1ヒ1ビ1ならぶ1ならべる1したしむ1,
比(3),,273,,92,0,4,+21710+22710+,/pi2,1ヒ1ビ1,
毕,畢,,343,92,2,6,+22401+21401+,/bi4,1ヒツ1ヒチ1をはる1(1おわる1)1をへる1(1おえる1)1つくす1ことごとく1あみ1,
毖,,273,,92,5,9,+21331+22331+,/bi4,1ヒ1,
毗,,273,,92,5,9,+61010+62010+,/pi2,1ヒ1ビ1あはせる1(1あわせる1)1たすける1,
毘,毗,273,273,92,5,9,+60711+60712+,/pi2,1ヒ1ビ1あはせる1(1あわせる1)1たすける1,
毛,,273,,93,0,4,+20714+,/mao2,1バウ1(1ボウ1)1マウ1(1モウ1)1け1ない1,
毧,,273,,93,5,9,+21716+,/rong2,1ジウ1(1ジュウ1)1ジユ1(1ジュ1),
毡,氈,274,274,93,5,9,+21716+,/zhan1,1セン1,
毫,,274,,93,7,11,+00714+,/hao2,1カウ1(1コウ1)1ガウ1(1ゴウ1)1け1ほそげ1すこし1わづか1(1わずか1)1ふで1,
毬,,274,,93,7,11,+23713+,/qiu2,1キウ1(1キュウ1)1グ1いが1まり1,
毯,,274,,93,8,12,+29718+,/tan3,1タン1ドン1けむしろ1,
毳,,274,,93,8,12,+20714+,/cui4,1セイ1ゼイ1ネイ1にこげ1けば1そり1むくげ1やはらかい1(1やわらかい1),
毵,毿,,274,93,8,12,+22214+,/san1,1サン1,
毷,氉,274,274,93,9,13,+62614+,/mao4,1バウ1(1ボウ1)1マウ1(1モウ1),
毹,,274,,93,10,14,+82214+,/yu2/shu1,1ユ1,
毽,,274,,93,10,14,+25714+,/jian4,1ケン1,
毿,,274,,93,11,15,+22214+,/san1,1サン1,
氂,,274,,93,11,15,+58214+,/li2,1リ1バウ1(1ボウ1)1マウ1(1モウ1),
氅,,274,,93,12,16,+98714+,/chang3,1シヤウ1(1ショウ1),
氄,,274,,93,12,16,+12214+,/rong3,1ジヨウ1(1ジョウ1)1ニユ1(1ニュ1)1にこげ1,
氈,,274,,93,13,17,+02114+,/zhan1,1セン1,
氉,,274,,93,13,17,+62914+,/zao4,1サウ1(1ソウ1),
氍,毹,274,274,93,18,21,+62214+,/qu2,1ク1グ1,
氏(1),,274,,94,0,4,+72740+,/shi4,1シ1ジ1うぢ1(1うじ1),
氏(2),,274,,94,0,4,+72740+,/shi4,1シ1ジ1,
氐(1),,275,,94,1,5,+72740+,/di3,1テイ1タイ1,
氐(2),,275,,94,1,5,+72740+,/di1,1テイ1タイ1,
民,,275,,94,1,5,+77747+,/min2,1ビン1ミン1たみ1,
氓,,275,,94,4,8,+07747+,/meng2/mang2,1バウ1(1ボウ1)1ミヤウ1(1ミョウ1)1たみ1,
气,氣,275,275,95,0,4,+80017+,/qi4,1キ1ケ1いき1きがまへ1(1きがまえ1),
気,氣,,275,95,2,6,+80417+,/qi4,1キ1ケ1いき1,
氛,,275,,95,4,8,+80217+,/fen1,1フン1ブン1き1わざはひ1(1わざわい1),
氣,,275,,95,6,10,+80917+,/qi4,1キ1ケ1いき1,
氤,,275,,95,6,10,+80617+,/yin1,1イン1,
氳,氤,275,275,95,10,14,+80117+,/yun1,1ウン1,
水,,277,,96,0,4,+12230+,/shui3,1スヰ1(1スイ1)1みづ1(1みず1),
永,,277,,96,1,5,+30232+,/yong3,1エイ1ヤウ1(1ヨウ1),
氷,冰,311,036,96,1,5,+32230+,/bing1,1ヒヨウ1(1ヒョウ1)1こほる1(1こおる1)1こほり1(1こおり1),
氽,,277,,96,2,6,+80232+,/tun3/qiu2,1トン1,
氾,,277,,96,2,5,+37112+,/fan4,1ハン1ホン1ひろがる1あふれる1ひろい1あまねし1,
氿,,277,,96,2,5,+34117+,/gui3,1キ1,
汀,,277,,96,2,5,+31120+,/ding1,1テイ1チヤウ1(1チョウ1)1みぎは1(1みぎわ1)1たひらか1(1たいらか1)1なぎさ1,
汁,,277,,96,2,5,+34100+,/zhi1,1シフ1(1シュウ1)1ジフ1(1ジュウ1)1しる1つゆ1,
求,,277,,96,2,7,+43132+,/qiu2,1キウ1(1キュウ1)1ク1もとめる1,
汉,18153,,301,96,2,5,+37140+,/han4,1カン1から1あや1をとこ1(1おとこ1),
汊,,277,,96,3,6,+37140+,/cha4,1サ1セ1,
汍,,278,,96,3,6,+35117+,/wan2,1クワン1(1カン1)1グワン1(1ガン1),
汎,氾,278,277,96,3,6,+37110+,/fan4,1ハン1ホン1ただよふ1(1ただよう1)1うかぶ1あまねし1ひろい1あふれる1ひろがる1,
汐,,278,,96,3,6,+37120+,/xi4,1セキ1ジヤク1(1ジャク1)1ゆふしほ1(1ゆうしお1)1うしほ1(1うしお1)しほ1(1しお1),
汕,,278,,96,3,6,+32170+,/shan4,1サン1セン1あみ1すくふ1(1すくう1),
汗(1),,278,,96,3,6,+31140+,/han4,1カン1あせ1,
汗(2),,278,,96,3,6,+31140+,/han2,1カン1,
汙(1),,278,,96,3,6,+31140+,/wu1,1ヲ1(1オ1)1ウ1けがす1けがれる1けがらわしい1よごす1よごれる1きたない1けがれ1,
汙(2),,278,,96,3,6,+31140+,/wu4,1ヲ1(1オ1)1ウ1まげる1すすぐ1,
汙(3),,278,,96,3,6,+31140+,/wa1,1ワ1,
汚(1),汙,,278,96,3,6,+31127+,/wu1,1ヲ1(1オ1)1ウ1けがす1けがれる1けがらわしい1よごす1よごれる1きたない1けがれ1,
汚(2),汙,,278,96,3,6,+31127+,/wu4,1ヲ1(1オ1)1ウ1まげる1すすぐ1,
汚(3),汙,,278,96,3,6,+31127+,/wa1,1ワ1,
污(1),汙,,278,96,3,6,+31127+,/wu1,1ヲ1(1オ1)1ウ1けがす1けがれる1けがらわしい1よごす1よごれる1きたない1けがれ1,
污(2),汙,,278,96,3,6,+31127+,/wu4,1ヲ1(1オ1)1ウ1まげる1すすぐ1,
污(3),汙,,278,96,3,6,+31127+,/wa1,1ワ1,
汛,,278,,96,3,6,+37110+,/xun4,1シン1,
汜,,278,,96,3,6,+37117+,/si4,1シ1ジ1,
汝,女,278,105,96,3,6,+34140+,/ru3,1ジヨ1(1ジョ1)1ニヨ1(1ニョ1)1なんぢ1(1なんじ1),
汞,,278,,96,3,7,+10232+,/hong4/gong3,1コウ1ク1みづがね1(1みずがね1),
江,,278,,96,3,6,+31110+,/jiang1,1カウ1(1コウ1)1え1かは1(1かわ1),
池,,278,,96,3,6,+34112+,/chi2,1チ1ヂ1(1ジ1)1いけ1,
汤(1),湯,,297,96,3,6,+37127+,/tang1,1タウ1(1トウ1)1ゆ1,
汤(2),湯,,297,96,3,6,+37127+,/shang1,1シヤウ1(1ショウ1)1サウ1(1ソウ1),
汨(1),,279,,96,4,7,+36100+,/mi4,1ベキ1ミヤク1(1ミャク1),
汨(2),,279,,96,4,7,+36100+,/gu3,1コツ1コチ1しづむ1(1しずむ1),
汩,,279,,96,4,7,+36100+,/yue1,1イツ1イチ1,
汪,,279,,96,4,7,+31114+,/wang1,1ワウ1(1オウ1)1ひろい1ふかい1,
汭,,279,,96,4,7,+34127+,/rui4,1ゼイ1ネイ1,
汰,,279,,96,4,7,+34130+,/tai4,1タイ1タ1はなはだしい1おごる1なみ1,
汲,,279,,96,4,7,+37147+,/ji2,1キフ1(1キュウ1)1くむ1ひく1,
汴,,279,,96,4,7,+30130+,/bian4,1ヘン1ベン1,
汶,,279,,96,4,7,+30140+,/wen4,1ブン1モン1,
決,,279,,96,4,7,+35130+,/jue2,1ケツ1ケチ1きめる1きまる1かならず1えぐる1わかれる1,
汽,,279,,96,4,7,+38117+,/qi4,1キ1ケ1ゆげ1,
汾,,279,,96,4,7,+38127+,/fen2,1フン1ブン1,
沁(1),,279,,96,4,7,+33100+,/qin4,1シン1しむ1しみる1,
沁(2),,279,,96,4,7,+33100+,/shen4,1シン1,
沂,,280,,96,4,7,+32121+,/yi2,1ギ1ゲ1ふち1がけ1ほとり1,
沃,,280,,96,4,7,+32134+,/wu4/wo4,1オク1ヨク1そそぐ1こえる1,
沅,,280,,96,4,7,+31111+,/yuan2,1ゲン1グワン1(1ガン1),
沆,,280,,96,4,7,+30117+,/hang2,1カウ1(1コウ1)1ガウ1(1ゴウ1),
沇,,280,,96,4,7,+33110+,/yan3,1エン1,
沈(1),,280,,96,4,7,+34112+,/chen2,1チン1ヂン1(1ジン1)1しづむ1(1しずむ1)1しづめる1(1しずめる1),
沈(2),,280,,96,4,7,+34112+,/shen3,1シン1,
沈(3),瀋,,309,96,4,7,+34112+,/shen3,1シン1しる1,
沉(1),沈,,280,96,4,7,+37117+,/chen2,1チン1ヂン1(1ジン1)1しづむ1(1しずむ1)1しづめる1(1しずめる1),
沉(2),沈,,280,96,4,7,+37117+,/shen3,1シン1,
沌,混,280,294,96,4,7,+35117+,/dun4,1トン1ドン1,
沍(1),,280,,96,4,7,+31117+,/hu4,1コ1ゴ1ふさがる1ふさぐ1こほる1(1こおる1),
沍(2),涸,280,291,96,4,7,+31117+,/hu4,1カク1キヤク1(1キャク1)かれる1,
沐,,280,,96,4,7,+34190+,/mu4,1ボク1モク1ゆあみする1あらふ1(1あらう1)1かうむる1(1こうむる1)1うるほふ1(1うるおう1),
沒,,280,,96,4,7,+37147+,/mo4/mei2,1ボツ1モチ1モツ1しづむ1(1しずむ1)1しぬ1ない1おぼれる1もぐる1,
没,沒,,280,96,4,7,+37147+,/mo4/mei2,1ボツ1モチ1モツ1しづむ1(1しずむ1)1しぬ1ない1おぼれる1もぐる1,
沓,,281,,96,4,8,+12603+,/da4,1タフ1(1トウ1)1ダフ1(1ドウ1)1かさなる1かさねる1くつ1,
沔,,281,,96,4,7,+31127+,/mian3,1ベン1メン1,
沖(1),,281,,96,4,7,+35106+,/chong1,1チユウ1(1チュウ1)1チユ1(1チュ1)おき1むなしくする1むなしい1いとけない1とぶ1,
沖(2),衝,,498,96,4,7,+35106+,/chong1/chong4,1シヨウ1(1ショウ1)1シユ1(1シュ1)1つく1,
沙,,281,,96,4,7,+39120+,/sha1,1サ1シヤ1(1シャ1)1すな1まさご1すなはら1よなげる1,
沚,,281,,96,4,7,+31110+,/chi3,1シ1なかす1なぎさ1みぎは1(1みぎわ1),
沛,,281,,96,4,7,+35127+,/pei4,1ハイ1さは1(1さわ1)1たふれる1(1たおれる1),
沦,淪,,293,96,4,7,+38112+,/lun2,1リン1さざなみ1つらなる1つらねる1しづむ1(1しずむ1)1ほろびる1ほろぶ1おちぶれる1まじりあふ1(1まじりあう1),
沟,溝,,297,96,4,7,+37120+,/gou1,1コウ1(1ク1)1みぞ1,
沧,滄,,299,96,4,7,+38112+,/cang1,1サウ1(1ソウ1)1さむい1あをい1(1あおい1)1あをうなばら1(1あおうなばら1),
沤(1),漚,,301,96,4,7,+31114+,/ou1,1オウ1ウ1ひたす1,
沤(2),漚,,301,96,4,7,+31114+,/ou3,1オウ1ウ1あわ1,
沢,澤,,306,96,4,7,+37187+,/ze2,1タク1ヂヤク1(1ジャク1)1うるほひ1(1うるおい1)1うるほふ1(1うるおう1)1さわ1つや1,
沥,瀝,,309,96,4,7,+31127+,/li4,1レキ1リヤク1(1リャク1)1こす1しづく1(1しずく1)1したたる1そそぐ1,
沣,灃,,310,96,4,7,+35100+,/feng1,1ホウ1フ1,
17179,沿,311,283,96,4,7,+38132+,/yan2,1エン1そふ1(1そう1),
沫,,281,,96,5,8,+35190+,/mo4,1バツ1マチ1マツ1あわ1しぶき1よだれ1,
沬,,281,,96,5,8,+35190+,/mei4,1バイ1マイ1,
沭,,281,,96,5,8,+33194+,/shu4,1シユツ1(1シュツ1)1シユチ1(1シュチ1),
沮(1),,282,,96,5,8,+37110+,/ju1,1シヨ1(1ショ1)1ソ1,
沮(2),,282,,96,5,8,+37110+,/ju3,1シヨ1(1ショ1)1ソ1はばむ1ふせぐ1もれる1,
沮(3),,282,,96,5,8,+37110+,/ju4,1シヨ1(1ショ1)1ソ1,
沱,,282,,96,5,8,+33111+,/tuo2,1タ1ダ1,
河,,282,,96,5,8,+31120+,/he2,1カ1ガ1かは1(1かわ1),
沴(1),,282,,96,5,8,+38122+,/li4,1レイ1ライ1,
沴(2),,282,,96,5,8,+38122+,/tian3,1テン1デン1,
沸,,282,,96,5,8,+35127+,/fei4,1フツ1ホチ1わく1わかす1,
油,,282,,96,5,8,+35160+,/you2,1イウ1(1ユウ1)1ユ1あぶら1,
治(1),,282,,96,5,8,+33160+,/chi2/zhi4,1チ1ヂ1(1ジ1)1をさめる1(1おさめる1)1なほる1(1なおる1)1なほす1(1なおす1),
治(2),,282,,96,5,8,+33160+,/zhi4,1チ1ヂ1(1ジ1)1をさまる1(1おさまる1),
沼,,282,,96,5,8,+37162+,/zhao2,1セウ1(1ショウ1)1ぬま1,
沽(1),,282,,96,5,8,+34160+,/gu1,1コ1ク1うる1かふ1(1かう1)1ねうち1あらい1,
沽(2),,282,,96,5,8,+34160+,/gu4,1コ1ク1,
沾,,282,,96,5,8,+31160+,/zhan1,1テン1うるほふ1(1うるおう1)1うるほす1(1うるおす1)1ます1そへる1(1そえる1),
沿,,283,,96,5,8,+38160+,/yan2,1エン1そふ1(1そう1),
況,,283,,96,5,8,+36110+,/kuang4,1キヤウ1(1キョウ1)1カウ1(1コウ1)たとへる1(1たとえる1)1いはんや1(1いわんや1)1ますます1,
泂,,283,,96,5,8,+37120+,/jiang3,1ケイ1キヤウ1(1キョウ1),
泄(1),洩,283,286,96,5,8,+34117+,/xie4,1セツ1セチ1もれる1もらす1,
泄(2),,283,,96,5,8,+34117+,/yi2,1エイ1ひく1,
泅,,283,,96,5,8,+36100+,/xiu2/qiu2,1シウ1(1シュウ1)1ジユ1(1ジュ1)1およぐ1,
泆,,283,,96,5,8,+35130+,/yi4,1イツ1イチ1,
泉,,283,,96,5,9,+26232+,/quan2,1セン1ゼン1,
泊(1),,283,,96,5,8,+36100+,/bo2,1ハク1バク1とまる1とめる1,
泊(2),,283,,96,5,8,+36100+,/po4/po1,1ハク1バク1うすい1,
泐,,283,,96,5,8,+34127+,/luo4,1ロク1,
泑,釉,283,574,96,5,8,+34127+,/you3,1イウ1(1ユウ1)1ユ1うはぐすり1(1うわぐすり1),
泒,,283,,96,5,8,+32130+,/gu1,1コ1ク1,
泓,,284,,96,5,8,+32130+,/hong2,1ワウ1(1オウ1)1きよい1ふかい1ふち1,
泔,,284,,96,5,8,+34170+,/gan1,1カン1,
法,,284,,96,5,8,+34131+,/fa3,1ハフ1(1ホウ1)1ホフ1のつとる1(1のっとる1)1のり1,
泖,,284,,96,5,8,+37120+,/mao3,1バウ1(1ボウ1)1マウ1(1モウ1),
泗,洙,284,286,96,5,8,+36100+,/si4,1シ1,
泚,,284,,96,5,8,+31110+32010+,/ci3,1シ1セイ1サイ1,
泛,,284,,96,5,8,+32137+,/fan4,1ハン1ボン1うかぶ1うかべる1おほふ1(1おおう1)1あまねし1くつがへす1(1くつがえす1)1ひろい1,
泝,溯,284,298,96,5,8,+32141+,/su4,1ソ1さかのぼる1,
泠,伶,284,015,96,5,8,+38137+,/ling2,1レイ1リヤウ1(1リョウ1),
泡,,284,,96,5,8,+37112+,/pao1,1ハウ1(1ホウ1)1ヘウ1(1ヒョウ1),
波,,284,,96,5,8,+34147+,/po1,1ハ1なみ1,
泣,,284,,96,5,8,+30118+,/qi4,1キフ1(1キュウ1)1なく1なみだ1なんだ1,
泥(1),,285,,96,5,8,+37111+,/ni2,1デイ1ナイ1どろ1ひぢ1(1ひじ1),
泥(2),,285,,96,5,8,+37111+,/ni4,1デイ1ナイ1なづむ1(1なずむ1),
注,,285,,96,5,8,+30114+,/zhu4,1シユ1(1シュ1)1チユウ1(1チュウ1)1そそぐ1つぐ1つける1とどめる1しるす1さす1,
泫,,285,,96,5,8,+30132+,/xuan4,1ケン1ゲン1,
泮,頖,285,618,96,5,8,+39150+,/pan4,1ハン1,
泯,,285,,96,5,8,+37147+,/min3,1ビン1ミン1ほろびる1つくる1,
泰,,285,,96,5,8,+50132+,/tai4,1タイ1やすらか1やすい1おごる1はなはだ1,
泱(1),,285,,96,5,8,+35130+,/yang1,1アウ1(1オウ1),
泱(2),,285,,96,5,8,+35130+,/yang4,1アウ1(1オウ1),
泳,,285,,96,5,8,+33132+,/yong3,1エイ1およぐ1,
泾,涇,,290,96,5,8,+37112+,/jing1,1ケイ1キヤウ1(1キョウ1),
浅,淺,,294,96,5,8,+33150+,/qian3,1セン1あさい1,
泽,澤,,306,96,5,8,+37154+,/ze2,1タク1ヂヤク1(1ジャク1)1うるほひ1(1うるおい1)1うるほふ1(1うるおう1)1さわ1つや1,
泞,濘,,307,96,5,8,+33121+,/neng4/ning4,1デイ1ニヤウ1(1ニョウ1)1ネイ1どろ1ぬかるみ1ぬかる1,
泺(1),濼,,308,96,5,8,+32194+,/luo4,1ラク1,
泺(2),濼,,308,96,5,8,+32194+,/bo4,1ハク1,
泻(1),瀉,,309,96,5,8,+37127+,/xie4,1シヤ1(1シャ1)1そそぐ1,
泻(2),瀉,,309,96,5,8,+37127+,/xie4,1シヤ1(1シャ1)1はく1だす1しほつち1(1しおつち1),
泸,瀘,,309,96,5,8,+31107+,/lu2,1ロ1,
泷,瀧,,310,96,5,8,+33114+,/long2,1ラウ1(1ロウ1)1たき1,
泪,淚,311,292,96,5,8,+36100+,/lei4,1ルヰ1(1ルイ1)1なみだ1,
洄,,285,,96,6,9,+36100+,/hui3,1クワイ1(1カイ1)1ヱ1(1エ1),
洊,,285,,96,6,9,+34147+,/jian4,1セン1ゼン1,
洋,,285,,96,6,9,+38151+,/yang2,1ヤウ1(1ヨウ1)1うみ1ひろい1,
洌,,285,,96,6,9,+32100+,/lie4,1レツ1レチ1きよい1,
洎,,285,,96,6,9,+36100+,/zhi4,1キ1ギ1,
洑,,285,,96,6,9,+33134+,/fu2,1フク1ブク1,
洒(1),瀝,286,309,96,6,9,+31160+,/sa3,1サイ1セ1シヤ1(1シャ1)1そそぐ1,
洒(2),洗,286,286,96,6,9,+31160+,/xi3,1サイ1セイ1あらふ1(1あらう1),
洒(3),,286,,96,6,9,+31160+,/chui3,1サイ1セ1,
洗(1),,286,,96,6,9,+34111+,/xian3,1セン1すすぐ1,
洗(2),,286,,96,6,9,+34111+,/xi3,1セイ1サイ1セン1あらふ1(1あらう1),
洙,,286,,96,6,9,+35190+,/shu3,1シユ1(1シュ1)1ジユ1(1ジュ1),
洚,,286,,96,6,9,+37154+,/jiang4,1カウ1コウ1グ1ガウ1(1ゴウ1),
洛,,286,,96,6,9,+37164+,/luo4,1ラク1,
洞,,286,,96,6,9,+37120+,/dong4,1トウ1ヅ1ドウ1ほら1みぬく1うつろ1つらぬく1ふかい1,
洟(1),,286,,96,6,9,+35132+,/yi2,1イ1はなじる1,
洟(2),涕,286,290,96,6,9,+35132+,/yi2,1イ1なみだ1,
津,,286,,96,6,9,+35107+,/jin1,1シン1つ1しる1,
洧,,286,,96,6,9,+34127+,/wei3,1ヰ1(1イ1),
洨,,286,,96,6,9,+30148+,/xiao2,1カウ1(1コウ1)1ゲウ1(1ギョウ1),
洩(1),,286,,96,6,9,+35106+,/yi4,1エイ1のびる1ひく1,
洩(2),泄,286,283,96,6,9,+35106+,/xie4,1セツ1セチ1エイ1もれる1もらす1,
洪,,286,,96,6,9,+34181+,/hong2,1コウ1グ1おほい1(1おおい1)1おほきい1(1おおきい1)1おほみづ1(1おおみず1),
洫,,287,,96,6,9,+37110+,/xu4,1キヨク1(1キョク1)1ケキ1みぞ1ほり1,
洮,,287,,96,6,9,+32113+,/tao2,1タウ1(1トウ1),
洱,,287,,96,6,9,+31140+,/er3,1ジ1ニ1,
洲,,287,,96,6,9,+32100+,/zhou1,1シウ1(1シュウ1)1ス1しま1なかす1,
洳,,287,,96,6,9,+36100+,/ru4,1ジヨ1(1ジョ1)1ニヨ1(1ニョ1),
洵,,287,,96,6,9,+37120+,/xun2,1シユン1(1シュン1)1ジユン1(1ジュン1)1まこと1まことに1,
洶,,287,,96,6,9,+37120+,/xiong1,1キヨウ1(1キョウ1)1ク1シヨウ1(1ショウ1)1シユ1(1シュ1)1さわぐ1わく1,
洸,,287,,96,6,9,+39111+,/guang1,1クワウ1(1コウ1)1かすか1ほのか1,
活,,287,,96,6,9,+32164+,/huo2,1クワツ1(1カツ1)1クワチ1(1カチ1)1いきる1いかす1いける1くらす1くらし1,
洽(1),,287,,96,6,9,+38161+,/xia2/qia4,1カフ1(1コウ1)1ガフ1(1ゴウ1)1あまねし1うるほす1(1うるおす1)1やはらげる1(1やわらげる1)1かなふ1(1かなう1),
洽(2),,287,,96,6,9,+38161+,/he2,1カフ1(1コウ1),
派,,287,,96,6,9,+32132+,/pai4,1ハイ1ヘ1ハ1わかれ1わかれる1つかはす1(1つかわす1),
洿,,287,,96,6,9,+34127+,/wu1,1ヲ1(1オ1)1ウ1,
流,,287,,96,6,9,+34113+,/liu2,1リウ1(1リュウ1)1ル1ながれる1ながす1ながれ1,
海,海,,289,96,6,9,+38157+,/hai3,1カイ1うみ1,
洴,17621,,291,96,6,9,+38141+,/ping2,1ヘイ1ビヤウ1(1ビョウ1),
浄,淨,,292,96,6,9,+37157+,/jing4,1セイ1ジヤウ1(1ジョウ1)1きよい1きよらか1きよめる1,
浅,淺,,294,96,6,9,+33150+,/qian3,1セン1あさい1,
测,測,,295,96,6,9,+32100+,/ce4,1シヨク1(1ショク1)1シキ1ソク1はかる1,
浑,渾,,296,96,6,9,+37154+,/hun2,1コン1ゴン1にごる1にごす1すべて1まじる1,
浒,滸,,300,96,6,9,+38140+,/hu3,1コ1ほとり1みぎは1(1みぎわ1),
浔,潯,,305,96,6,9,+37147+,/xun2,1シン1ジン1ふち1ほとり1みぎは1(1みぎわ1),
浇,澆,,304,96,6,9,+35112+,/jiao1,1ケウ1(1キョウ1)1ゲウ1(1ギョウ1)1そそぐ1うすい1,
浍,澮,,306,96,6,9,+38132+,/guai4,1クワイ1(1カイ1)1ケ1,
浊,濁,,307,96,6,9,+35136+,/zhuo2,1タク1ヂヨク1(1ジョク1)1ダク1にごる1にごす1にごり1,
浓,濃,,307,96,6,9,+34132+,/nong2,1ヂヨウ1(1ジョウ1)1ニヨウ1(1ニョウ1)1ドウ1ヌ1ノウ1こい1こまやか1,
济(1),濟,,307,96,6,9,+30124+,/ji3,1セイ1サイ1,
济(2),濟,,307,96,6,9,+30124+,/ji4,1セイ1サイ1すくふ1(1すくう1)1すます1すむ1なす1わたす1わたる1,
浏,瀏,,309,96,6,9,+32100+,/liu2,1リウ1(1リュウ1)1ル1あきらか1きよい1,
17448,流,311,287,96,6,9,+31113+,/liu2,1リウ1(1リュウ1)1ル1ながれる1ながす1ながれ1,
浙,,288,,96,7,10,+32121+,/zhe4,1セツ1セチ1,
浚,濬,288,308,96,7,10,+33147+,/jun4/xun4,1さらふ1(1さらう1)1ふかい1,
浜(1),,288,,96,7,10,+32181+,/bang1,1ハウ1(1ホウ1)1ヒヤウ1(1ヒョウ1),
浜(2),濱,288,308,96,7,10,+32181+,/bin1,1ヒン1はま1,
浞,,288,,96,7,10,+36181+,/zhuo4,1サク1,
浡,,288,,96,7,10,+34147+,/bo2,1ホツ1ホチ1ボツ1,
浣,澣,288,306,96,7,10,+33111+,/wan4/huan3,1クワン1(1カン1)1グワン1(1ガン1)1あらふ1(1あらう1)1すすぐ1,
浥,,288,,96,7,10,+36117+,/yi4,1イフ1(1ユウ1)1オフ1(1オウ1),
浦,,288,,96,7,10,+33127+,/pu3,1ホ1フ1うら1,
浩,,288,,96,7,10,+34161+,/hao4,1カウ1(1コウ1)1ガウ1(1ゴウ1)1ひろい1おほきい1(1おおきい1)1おほい1(1おおい1)1おごる1,
浪(1),,289,,96,7,10,+37132+,/lang4,1ラウ1(1ロウ1)1なみ1みだりに1,
浪(2),孟,289,118,96,7,10,+37132+,/lang3,1ラウ1(1ロウ1),
浪(3),滄,289,299,96,7,10,+37132+,/lang2,1ラウ1(1ロウ1),
浬,,289,,96,7,10,+36114+,/li3,1リ1かいり1,
浭,,289,,96,7,10,+31146+,/geng1,1カウ1(1コウ1)1キヤウ1(1キョウ1),
浮,,289,,96,7,10,+32147+,/fu2/fou2,1フウ1ブ1フ1うく1うかれる1うかぶ1うかべる1うき1すぎる1,
浴,,289,,96,7,10,+38168+,/yu4,1ヨク1あびる1あびせる1ゆあみ1,
海,,289,,96,7,10,+38157+,/hai3,1カイ1うみ1,
浸,,289,,96,7,10,+37147+,/jin4/jin1,1シン1ひたす1ひたる1しみる1つかる1やうやく1(1ようやく1)1やや1,
浹,,289,,96,7,10,+34138+,/jia2,1セフ1(1ショウ1)1うるほす1(1うるおす1)1うるほふ1(1うるおう1)1めぐる1とほる1(1とおる1)1あまねし1,
浼,,289,,96,7,10,+37116+,/mei3,1バイ1マイ1,
浿,,290,,96,7,10,+36180+,/pei4,1ハイ1,
涂,塗,290,094,96,7,10,+38194+,/tu4,1ト1ヅ1みち1,
涅,,290,,96,7,10,+36114+,/nie4,1デツ1ネツ1ネ1くろ1くろい1くろめる1くろつち1そめる1,
涇,,290,,96,7,10,+31111+,/jing1,1ケイ1キヤウ1(1キョウ1),
消,,290,,96,7,10,+39127+,/xiao1,1セウ1(1ショウ1)1きえる1けす1,
涉,,290,,96,7,10,+31121+,/she4,1セフ1(1ショウ1)1ゼフ1(1ジョウ1)1かかはる1(1かかわる1)1わたる1,
涊,,290,,96,7,10,+37132+,/nian3,1デン1ネン1,
涌,,290,,96,7,10,+37127+,/yong3,1ヨウ1ユ1ユウ1わく1,
涎,,290,,96,7,10,+32141+,/xian2,1セン1ゼン1よだれ1,
涑,,290,,96,7,10,+35192+,/su4,1ソク1,
涓,,290,,96,7,10,+36127+,/juan1,1ケン1しづく1(1しずく1)1おちる1えらぶ1いさぎよい1きよめる1ちいさい1わづか1,
涔,,290,,96,7,10,+32127+,/zhen2,1シン1ジン1,
涕,,290,,96,7,10,+38127+,/ti4,1なみだ1なく1,
涖,,290,,96,7,10,+30118+,/li4,1レイ1ライ1,
涘,,290,,96,7,10,+33134+,/si4,1シ1ジ1,
涙,淚,,292,96,7,10,+33134+,/lei4,1ルヰ1(1ルイ1)1なみだ1,
涣,渙,,294,96,7,10,+37184+,/huan4,1クワン1(1カン1)1あきらか1ちる1とける1,
涡(1),渦,,295,96,7,10,+36127+,/guo1,1クワ1(1カ1),
涡(2),渦,,295,96,7,10,+36127+,/wo1,1ワ1クワ1(1カ1)1うづ1(1うず1),
涤,滌,,299,96,7,10,+37194+,/di1/di2,1テキ1ヂヤク1(1ジャク1)1デウ1(1ジョウ1)1あらふ1(1あらう1)1すすぐ1,
涨,漲,,303,96,7,10,+32134+,/zhang4/zhang3,1チヤウ1(1チョウ1)1みなぎる1,
涧,澗,,304,96,7,10,+37120+,/jian4,1カン1ケン1たに1たにみづ1(1たにみず1)1ま1,
润,潤,,304,96,7,10,+37120+,/run4,1ジユン1(1ジュン1)1ニユン1(1ニュン1)1うるほひ1(1うるおい1)1うるほふ1(1うるおう1)1うるほす1(1うるおす1)1うるむ1ほとびる1,
涝,澇,,305,96,7,10,+34127+,/lao4,1ラウ1(1ロウ1),
涛,濤,,308,96,7,10,+35140+,/tao2/tao1,1タウ1(1トウ1)1ダウ1(1ドウ1)1なみ1なみだつ1,
涜,瀆,,308,96,7,10,+34186+,/du2,1トク1ドク1あなどる1かさねる1けがす1けがれる1みぞ1みだす1,
浜,濱,,308,96,7,10,+32181+,/bin1,1ヒン1はま1,
渉,涉,,290,96,8,11,+31129+,/she4,1セフ1(1ショウ1)1ゼフ1(1ジョウ1)1かかはる1(1かかわる1)1わたる1,
涪,,291,,96,8,11,+30161+,/fu2,1フウ1フ1,
涯,,291,,96,8,11,+31114+,/ya2,1ガイ1ゲ1ギ1みぎは1(1みぎわ1)1きし1かぎり1はて1,
液,掖,291,197,96,8,11,+30147+,/yi4/ye4,1エキ1ヤク1しる1わき1,
涵,,291,,96,8,11,+31172+,/han2,1カン1ガン1ひたす1いれる1うるほす1(1うるおす1)1もちゐる1(1もちひる1もちいる1),
涸,,291,,96,8,11,+36100+,/he2/hao4,1カク1ガク1コ1かれる1からす1つきる1,
涼,,291,,96,8,11,+30196+,/liang2,1リヤウリョウ1うすい1すずしい1すずむ1ひややか1ひやす1,
涿,,291,,96,8,11,+31132+,/zhuo1,1カク1キヨク1(1キョク1),
淀,甸,291,342,96,8,11,+33181+,/dian4,1テン1デン1よど1よどみ1よどむ1,
淅,,291,,96,8,11,+32121+,/xi1,1よなげる1かしよね1,
淆,,291,,96,8,11,+34127+,/yao2,1カウ1(1コウ1)1ゲウ1(1ギョウ1)1みだす1みだれる1にごる1まじる1,
淇,,291,,96,8,11,+34181+,/qi2,1キ1ギ1,
17621,,291,,96,8,11,+38141+,/ping2,1ヘイ1ビヤウ1(1ビョウ1),
淋,痳,291,349,96,8,11,+34190+,/lin2/lin4,1リン1そそぐ1したたる1さびしい1,
淌,,291,,96,8,11,+39127+,/chang4,1シヤウ1(1ショウ1)1おほなみ1(1おおなみ1)1ながれる1,
淑,,292,,96,8,11,+37140+,/shu2,1シユク1(1シュク1)1しとやか1よい1,
淒,,292,,96,8,11,+35144+,/qi1,1セイ1サイ1すさまじい1さむい1すごい1ものさびしい1,
淖,,292,,96,8,11,+31146+,/nao4,1ダウ1(1ドウ1)1ネウ1(1ニョウ1),
淘,,292,,96,8,11,+37120+,/tao2,1タウ1(1トウ1)1ダウ1(1ドウ1)1とぐ1よなげる1すくふ1(1すくう1),
淙,,292,,96,8,11,+33191+,/cong2,1サウ1(1ソウ1)1ザウ1(1ゾウ1)1ズ1そそぐ1,
淚,涕,292,290,96,8,11,+37117+,/lei4,1ルヰ1(1ルイ1)1なみだ1,
淝,肥,292,431,96,8,11,+37117+,/fei2,1ヒ1ビ1,
淞,松,292,237,96,8,11,+38132+,/song1,1シヨウ1(1ショウ1)1ス1,
淟,涊,292,290,96,8,11,+35181+,/tian3,1テン1,
淡,澹,292,306,96,8,11,+39189+,/dan4,1タン1ダン1あはい1(1あわい1)1うすい1,
淤,,292,,96,8,11,+38133+,/yu1,1ヨ1オ1とどこほる1(1とどこおる1)1にごる1どろ1,
淥,,292,,96,8,11,+37132+,/lu4,1リヨク1(1リョク1)1ロク1,
淦,,292,,96,8,11,+38119+,/gan4,1カン1コン1ガン1,
淨,,292,,96,8,11,+32157+,/jing4,1セイ1ジヤウ1(1ジョウ1)1きよい1きよらか1きよめる1,
淩,,292,,96,8,11,+34147+,/ling2,1リヨウ1(1リョウ1),
淪,,293,,96,8,11,+38127+,/lun2,1リン1さざなみ1つらなる1つらねる1しづむ1(1しずむ1)1ほろびる1ほろぶ1おちぶれる1まじりあふ1(1まじりあう1),
淫,,293,,96,8,11,+32114+,/yin2,1イン1あふれる1おほきい1(1おおきい1)1ながあめ1ふける1ほしいまま1みだら1ひたる1ひたす1,
淬,,293,,96,8,11,+30148+,/cui4,1サイ1つとめる1にらぐ1はげむ1,
淮,,293,,96,8,11,+30114+,/huai2,1クワイ1(1カイ1)1ヱ1(1エ1)1ワイ1,
深,,293,,96,8,11,+37194+,/shen1,1シン1ふかい1ふかまる1ふかめる1ふかさ1ふかく1はなはだ1み1,
淳,,293,,96,8,11,+30147+,/chun2,1シユン1(1シュン1)1ジユン1(1ジュン1)1あつい1すなほ1(1すなお1)1きよい1,
淶,,294,,96,8,11,+34198+,/lai2,1ライ1,
混(1),,294,,96,8,11,+36111+,/hun3/hun4,1コン1ゴン1まじる1まざる1まぜる1,
混(2),滾,294,300,96,8,11,+36111+,/gun3,1コン1ゴン1,
淸,,294,,96,8,11,+35127+,/qing1,1セイ1シヤウ1(1ショウ1)1きよい1きよまる1きよめる1きよらか1すむ1すずしい1さやか1,
清,淸,,294,96,8,11,+35127+,/qing1,1セイ1シヤウ1(1ショウ1)1きよい1きよまる1きよめる1きよらか1すむ1すずしい1さやか1,
淹(1),,294,,96,8,11,+34116+,/yan1,1エン1おほふ1(1おおう1)1ひたす1つける1とどまる1ひさしい1ひろい1ふかい1,
淹(2),,294,,96,8,11,+34116+,/yan4,1エン1,
淺,,294,,96,8,11,+33153+,/qian3,1セン1あさい1,
添,沾,294,282,96,8,11,+32133+,/tian1,1テン1そふ1(1そう1)1そへる1(1そえる1),
渚,渚,,294,96,8,11,+34160+,/zhu3,1シヨ1(1ショ1)1なぎさ1,
渇,渴,,295,96,8,11,+36127+,/ke3,1カツ1カチ1かわく1かわき1かれる1むさぼる1,
淼,,294,,96,8,12,+12232+,/miao3,1ベウ1(1ビョウ1)1メウ1(1ミョウ1),
渓,溪,,298,96,8,11,+32134+,/qi1/xi1,1ケイ1カイ1たに1,
渔,漁,,300,96,8,11,+37116+,/yu2,1ギヨ1(1ギョ1)1ゴ1あさる1いさり1いさる1すなどり1すなどる1,
渍,漬,,301,96,8,11,+35182+,/zi4,1ジ1シ1つかる1つけ1つける1ひたす1ひたる1,
渐(1),漸,,303,96,8,11,+32121+,/jian4,1セン1ゼン1やうやく1(1ようやく1),
渐(2),漸,,303,96,8,11,+32121+,/jian1,1セン1ひたす1しみる1,
渋,澀,,304,96,8,11,+31132+,/she4,1シフ1(1シュウ1)1しぶ1しぶい1しぶる1,
渑(1),澠,,306,96,8,11,+36116+,/sheng2,1シヨウ1(1ショウ1)1ジヨウ1(1ジョウ1),
渑(2),澠,,306,96,8,11,+36116+,/min3,1ビン1ミン1,
済(1),濟,,307,96,8,11,+30124+,/ji3,1セイ1サイ1,
済(2),濟,,307,96,8,11,+30124+,/ji4,1セイ1サイ1すくふ1(1すくう1)1すます1すむ1なす1わたす1わたる1,
渎,瀆,,308,96,8,11,+34184+,/du2,1トク1ドク1あなどる1かさねる1けがす1けがれる1みぞ1みだす1,
淛,浙,311,288,96,8,11,+32100+,/zhe4,1セツ1セチ1,
渊,淵,311,293,96,8,11,+32100+,/yuan1,1エン1ふち1おくぶかい1おくふかい1,
淵,,293,,96,9,12,+32100+,/yuan1,1エン1ふち1おくぶかい1おくふかい1,
渙,,294,,96,9,12,+37134+,/huan4,1クワン1(1カン1)1あきらか1ちる1とける1,
湽,,294,,96,9,12,+32163+,/zi1,1シ1,
渚,,294,,96,9,12,+34160+,/zhu3,1シヨ1(1ショ1)1なぎさ1,
減,,294,,96,9,12,+33150+,/jian3,1カン1ゲン1へらす1へる1,
渝,,294,,96,9,12,+38121+,/yu2,1あふれる1かへる1(1かえる1)1かはる1(1かわる1),
渟,,295,,96,9,12,+30121+,/ting2,1テイ1チヤウ1(1チョウ1)1とどまる1とどめる1たまる1,
渠,,295,,96,9,12,+31904+,/qu2,1キヨ1(1キョ1)1ゴ1みぞ1おほきい1(1おおきい1)1かしら1それ1かれ1なんぞ1いづくんぞ1(1いずくんぞ1),
渡,,295,,96,9,12,+30147+,/du4,1ト1ヅ1わたす1わたる1,
渣,,295,,96,9,12,+34116+,/zha1,1サ1シヤ1(1シャ1)1かす1おり1,
渤,,295,,96,9,12,+34127+,/bo2,1ホツ1ボチ1ボツ1,
渥,,295,,96,9,12,+37114+,/wo4,1アク1うるほふ1(1うるおう1)1うるほひ1(1うるおい1)1あつい1こい1,
渦(1),,295,,96,9,12,+37127+,/guo1,1クワ1(1カ1),
渦(2),,295,,96,9,12,+37127+,/wo1,1ワ1クワ1(1カ1)1うづ1(1うず1),
渫,泄,295,283,96,9,12,+34194+,/xie4,1セツ1セチ1さらふ1(1さらう1)1もらす1あなどる1けがす1,
測,,295,,96,9,12,+32100+,/ce4,1シヨク1(1ショク1)1シキ1ソク1はかる1,
渭,,295,,96,9,12,+36127+,/wei4,1ヰ1(1イ1),
渮,,295,,96,9,12,+34121+,/ge1,1カ1,
港,,295,,96,9,12,+34117+,/gang3,1カウ1(1コウ1)1みなと1,
渲,,295,,96,9,12,+33116+,/xuan4,1セン1,
渴,,295,,96,9,12,+36127+,/ke3,1カツ1カチ1かわく1かわき1かれる1むさぼる1,
游,遊,296,558,96,9,12,+38147+,/you2,1イウ1(1ユウ1)1ユ1およぐ1すさぶ1あそぶ1あそばす1,
渺,,296,,96,9,12,+39120+,/miao3,1ベウ1(1ビョウ1)1メウ1(1ミョウ1)1かすか1はるか1,
渼,,296,,96,9,12,+38134+,/mei3,1ビ1ミ1,
渾,混,296,294,96,9,12,+37156+,/hun2,1コン1ゴン1にごる1にごす1すべて1まじる1,
湄,,296,,96,9,12,+37167+,/mei2,1ビ1ミ1,
湅,,296,,96,9,12,+35196+,/lian4,1レン1,
湊,輳,296,550,96,9,12,+35134+,/cou4,1ソウ1ス1あつまる1みなと1,
湍,,296,,96,9,12,+32127+,/tuan1,1タン1たぎる1はやい1せ1はやせ1,
湎,,296,,96,9,12,+31160+,/mian3,1ベン1メン1おぼれる1しづむ1(1しずむ1),
湓,,296,,96,9,12,+38117+,/pen2,1ホン1ボン1,
湔,,296,,96,9,12,+38121+,/jian1,1セン1,
湖,,296,,96,9,12,+37120+,/hu2,1コ1ゴ1みづうみ1(1みずうみ1),
湘,,296,,96,9,12,+36100+,/xiang1,1シヤウ1(1ショウ1)1サウ1(1ソウ1),
湛,,296,,96,9,12,+34111+,/zhan4/dan4,1タン1ダン1たたへる1(1たたえる1)1きよい1ひたす1しずむ1ふかい1ふける1,
湜,,297,,96,9,12,+36181+,/shi2,1シヨク1(1ショク1)1シキ1,
湧,涌,297,290,96,9,12,+37127+,/yong3,1ヨウ1ユ1ユウ1わく1,
湩,,297,,96,9,12,+32114+,/zhong4,1トウ1ヅ1チヨウ1(1チョウ1)1チユ1(1チュ1),
湫(1),,297,,96,9,12,+39180+,/qiu1,1シウ1(1シュウ1)1シユ1(1シュ1),
湫(2),,297,,96,9,12,+39180+,/jiao3,1セウ1(1ショウ1)1シウ1(1シュウ1),
湮,,297,,96,9,12,+31114+,/yin1,1イン1しづむ1(1しずむ1)1ふさぐ1ふさがる1,
湯(1),,297,,96,9,12,+36127+,/tang1,1タウ1(1トウ1)1ゆ1,
湯(2),,297,,96,9,12,+36127+,/shang1,1シヤウ1(1ショウ1)1サウ1(1ソウ1),
湲,潺,297,305,96,9,12,+32147+,/yuan2,1ヱン1(1エン1)1ヲン1(1オン1)1クワン1(1カン1)1ゲン1,
湃,,297,,96,9,12,+31150+,/pai4,1ハイ1ヘ1,
湣,閔,297,592,96,9,12,+37164+,/min3,1ビン1ミン1,
温,溫,,297,96,9,12,+36117+,/wen1,1ヲン1(1オン1)1あたたか1あたたかい1あたたまる1あたためる1,
滋,18021,,299,96,9,12,+38132+,/zi1,1シ1ジ1ます1ますます1しげる1うるほす1(1うるおす1),
満,滿,,300,96,9,12,+34127+,/man3,1バン1マン1みちる1みたす1,
溜,澑,,303,96,9,12,+37162+,/liu4/liu1,1リウ1(1リュウ1)1ル1したたる1したたり1たまり1ため1たまる1ためる1,
溌,潑,,303,96,9,12,+32147+,/po1,1ハツ1ハチ1そそぐ1はねる1,
溃,潰,,305,96,9,12,+35182+,/kui4/hui1,1クワイ1(1カイ1)1ヱ1(1エ1)1つひえる1(1ついえる1)1つひやす1(1ついやす1)1つぶす1つぶれ1つぶれる1みだれる1,
湿,濕,,307,96,9,12,+36112+,/shi4/shi1,1シフ1(1シュウ1)1シツ1うるほひ1(1うるおい1)1うるほす1(1うるおす1)1しめす1しめる1,
溅(1),濺,,308,96,9,12,+33150+,/jian1,1セン1,
溅(2),濺,,308,96,9,12,+33150+,/jian4,1セン1そそぐ1,
17777,沂,311,280,96,9,12,+30147+,/yi2,1ギ1ゲ1ふち1がけ1ほとり1,
湼,涅,311,290,96,9,12,+37111+,/nie4,1デツ1ネツ1ネ1くろ1くろい1くろめる1くろつち1そめる1,
湻,淳,311,293,96,9,12,+30166+,/chun2,1シユン1(1シュン1)1ジユン1(1ジュン1)1あつい1すなほ1(1すなお1)1きよい1,
湾,灣,,311,96,9,12,+30127+,/wan1,1ワン1,
溫,,297,,96,10,13,+36117+,/wen1,1ヲン1(1オン1)1あたたか1あたたかい1あたたまる1あたためる1,
溏,,297,,96,10,13,+30167+,/tang2,1タウ1(1トウ1)1ダウ1(1ドウ1)1いけ1どろ1,
源,,297,,96,10,13,+31196+,/yuan2,1ゲン1グワン1(1ガン1)1みなもと1,
準(1),,297,,96,10,13,+30401+,/zhun3,1シユン1(1シュン1)1ジユン1(1ジュン1)1みづもり1(1みずもり1)1のり1はかる1なぞらへる1(1なぞらえる1),
準(2),,297,,96,10,13,+30401+,/zhuo2,1セツ1セチ1はなすぢ1(1はなすじ1),
溘,,297,,96,10,13,+34117+,/ke4,1カフ1(1コウ1)1たちまち1にはか1(1にわか1),
溝,,297,,96,10,13,+35147+,/gou1,1コウ1(1ク1)1みぞ1,
溟,,298,,96,10,13,+37180+,/ming2,1ベイ1ミヤウ1(1ミョウ1)1くらい1うみ1,
溢,,298,,96,10,13,+38117+,/yi4,1イツ1イチ1あふれる1みちる1,
溥,,298,,96,10,13,+33142+,/pu3,1ホ1フ1あまねし1おほきい1(1おおきい1),
溧,,298,,96,10,13,+31194+,/li4,1リツ1,
溪,谿,298,526,96,10,13,+32134+,/qi1/xi1,1ケイ1カイ1たに1,
溯,,298,,96,10,13,+37120+,/su4,1ソ1ス1さかのぼる1むかふ1(1むかう1),
溱,,298,,96,10,13,+35194+,/zhen1,1シン1,
溲(1),,298,,96,10,13,+37147+,/sou1,1シウ1(1シュウ1)1シユ1(1シュ1)1ひたす1そそぐ1,
溲(2),,298,,96,10,13,+37147+,/sou1,1シウ1(1シュウ1)1シユ1(1シュ1)1いばり1ゆばり1,
溴,,298,,96,10,13,+36134+,/xiu4,1シウ1シュウ1,
溶,,298,,96,10,13,+33168+,/yong2,1ヨウ1ユ1とける1とかす1とく1,
溷,,298,,96,10,13,+36100+,/hun4,1コン1ゴン1クワン1(1カン1)1ゲン1にごる1けがれる1みだれる1かはや1(1かわや1),
溺(1),,298,,96,10,13,+37127+,/ni4,1デキ1ニヤク1(1ニャク1)1おぼれる1,
溺(2),,298,,96,10,13,+37127+,/niao4,1デウ1(1ジョウ1)1ネウ1(1ニョウ1)1いばり1ゆばり1,
溼,濕,298,307,96,10,13,+31114+,/shi1,1シフ1(1シュウ1)1シツ1しめる1しめす1うるほふ1(1うるおう1)1しとる1うるほす1(1うるおす1),
溽,,298,,96,10,13,+31143+,/ru4,1ジヨク1(1ジョク1)1ニヨク1(1ニョク1)1ニク1むしあつい1,
滁,,298,,96,10,13,+38194+,/chu2,1チヨ1(1チョ1)1ヂヨ1(1ジョ1),
滂,,298,,96,10,13,+30127+,/pang1,1ハウ1(1ホウ1)1ひろい1,
滃,,299,,96,10,13,+38127+,/weng3,1ヲウ1(1オウ1)1ウ1,
滄,,299,,96,10,13,+38167+,/cang1,1サウ1(1ソウ1)1さむい1あをい1(1あおい1)1あをうなばら1(1あおうなばら1),
滅,,299,,96,10,13,+33150+,/mie4,1ベツ1メチ1メツ1ほろびる1ほろぼす1ほろぶ1きえる1,
滇,,299,,96,10,13,+34181+,/dian1/tian2,1テン1デン1,
18021,,299,,96,10,13,+34132+,/zi1,1シ1ジ1ます1ますます1しげる1うるほす1(1うるおす1),
滌,,299,,96,10,13,+38194+,/di1/di2,1テキ1ヂヤク1(1ジャク1)1デウ1(1ジョウ1)1あらふ1(1あらう1)1すすぐ1,
滎,,299,,96,10,14,+99232+,/ying2,1ケイ1キヤウ1(1キヨウ1),
滏,,299,,96,10,13,+38119+,/fu3,1フ1ブ1,
滑(1),,299,,96,10,13,+37127+,/hua2,1クワツ1(1カツ1)1グワチ1(1ガチ1)1すべる1なめらか1,
滑(2),,299,,96,10,13,+37127+,/gu3,1コツ1コチ1みだす1,
滓,,299,,96,10,13,+33141+,/zi3,1シ1サイ1おり1かす1よごれ1,
滔,,299,,96,10,13,+32177+,/tao1,1タウ1(1トウ1)1あつまる1うごかす1うごく1はびこる1うつ1,
滕,,299,,96,10,15,+79232+,/teng2,1トウ1ドウ1あがる1あげる1わきあがる1わく1,
滞,滯,,300,96,10,15,+34127+,/zhi4,1テイ1ダイ1タイ1とどこほる1(1とどこおる1),
满,滿,,300,96,10,13,+34127+,/man3,1バン1マン1みちる1みたす1,
漓,醨,301,572,96,10,13,+30127+,/li2,1リ1うすい1したたる1ながれる1しみる1,
漢,18153,,301,96,10,13,+34134+,/han4,1カン1から1あや1をとこ1(1おとこ1),
滪,澦,,306,96,10,13,+31182+,/yu4,1ヨ1,
滥,濫,,308,96,10,13,+38112+,/lan4,1ラン1あふれる1みだりに1みだれる1うかべる1,
滨,濱,,308,96,10,13,+33181+,/bin1,1ヒン1はま1,
滤,濾,,308,96,10,13,+31131+,/lv4,1リヨ1(1リョ1)1ロ1こす1,
滝,瀧,,310,96,10,13,+30116+,/long2,1ラウ1(1ロウ1)1たき1,
滩,灘,,310,96,10,13,+30115+,/tan1,1タン1ダン1なだ1せ1はやせ1,
滦,灤,,311,96,10,13,+30194+,/luan2,1ラン1,
滛,淫,311,293,96,10,13,+32172+,/yin2,1イン1あふれる1おほきい1(1おおきい1)1ながあめ1ふける1ほしいまま1みだら1ひたる1ひたす1,
18005,深,311,293,96,10,13,+33144+,/shen1,1シン1ふかい1ふかまる1ふかめる1ふかさ1ふかく1はなはだ1み1,
18061,漾,311,303,96,10,13,+38132+,/yang4,1ヤウ1(1ヨウ1)1ただよふ1(1ただよう1)1ただよはす1(1ただよわす1),
18018,浸,311,289,96,10,13,+37147+,/jin4/jin1,1シン1ひたす1ひたる1しみる1つかる1やうやく1(1ようやく1)1やや1,
滙,匯,311,051,96,10,13,+31111+,/hui4,1クワイ1(1カイ1)1ヱ1(1エ1)1ワイ1かはせ1(1かわせ1)1めぐる1あつまる1,
滬,,299,,96,11,14,+33117+,/hu4,1コ1グ1,
滫,,300,,96,11,14,+38127+,/xiu3,1シウ1(1シュウ1)1シユ1(1シュ1),
滯,,300,,96,11,14,+34127+,/zhi4,1テイ1ダイ1タイ1とどこほる1(1とどこおる1),
滲,,300,,96,11,14,+33122+,/shen4,1シン1しみむ1にじむ1,
滴,,300,,96,11,14,+30127+,/di1,1テキ1ヂヤク1(1ジャク1)1しづく1(1しずく1)1したたる1たれる1,
滷,,300,,96,11,14,+31160+,/lu3,1ロ1しほからい1(1しおからい1)1にがり1,
滸,,300,,96,11,14,+38140+,/hu3,1コ1ほとり1みぎは1(1みぎわ1),
滹,,300,,96,11,14,+31149+,/hu1,1ゴ1ク1,
滾,,300,,96,11,14,+30132+,/gun3,1コン1たぎる1,
滿,,300,,96,11,14,+34127+,/man3,1バン1マン1みちる1みたす1,
漁,,300,,96,11,14,+37136+,/yu2,1ギヨ1(1ギョ1)1ゴ1あさる1いさり1いさる1すなどり1すなどる1,
漂(1),,300,,96,11,14,+31191+,/piao1,1ヘウ1(1ヒョウ1)1ただよふ1(1ただよう1)1さすらふ1(1さすらう1),
漂(2),,300,,96,11,14,+31191+,/piao3,1ヘウ1(1ヒョウ1)1さらす1,
漆,,300,,96,11,14,+34132+,/qi1,1シツ1シチ1うるし1くろい1,
漈,,301,,96,11,14,+37191+,/ji4,1セイ1サイ1,
漉,,301,,96,11,14,+30111+,/lu4,1ロク1すくふ1(1すくう1)1さらす1こし1こす1したたらせる1すく1,
漏,,301,,96,11,14,+37127+,/lou4,1ロウ1ル1もらす1もる1もれる1もれ1,
漑,,301,,96,11,14,+31114+,/gai4,1カイ1ガイ1すすぐ1そそぐ1みたす1,
演,,301,,96,11,14,+33186+,/yan3,1エン1のびる1のべる1,
漕,,301,,96,11,14,+35166+,/cao2,1サウ1(1ソウ1)1ザウ1(1ゾウ1)1こぐ1はこぶ1,
漘,,301,,96,11,14,+31127+,/chun2,1シン1ジン1,
漙,,301,,96,11,14,+35143+,/tuan2,1タン1ダン1,
漚(1),,301,,96,11,14,+31116+,/ou1,1オウ1ウ1ひたす1,
漚(2),,301,,96,11,14,+31116+,/ou3,1オウ1ウ1あわ1,
漠,,301,,96,11,14,+34134+,/mo4,1バク1マク1すなはら1ひろい1,
18153,,302,,96,11,14,+34134+,/han4,1カン1から1あや1をとこ1(1おとこ1),
漣,,302,,96,11,14,+35130+,/lian2,1レン1さざなみ1なみだつ1,
窪,,302,,96,11,14,+30114+,/wa1,1ア1ワ1くぼ1くぼむ1,
漦,,302,,96,11,15,+58232+,/li2,1シ1ジ1リ1ギ1,
漩,,302,,96,11,14,+38181+,/xuan2/xuan4,1セン1ゼン1,
漪,,302,,96,11,14,+34121+,/yi1,1イ1さざなみ1なみ1なみだつ1,
漫(1),,302,,96,11,14,+36147+,/man4,1バン1マン1そぞろに1すずろに1みだり1みだりに1みなぎる1みちる1はびこる1,
漫(2),,302,,96,11,14,+36147+,/man2,1バン1マン1ながい1,
漬,,302,,96,11,14,+35186+,/zi4,1ジ1シ1つかる1つけ1つける1ひたす1ひたる1,
漯,,302,,96,11,14,+36193+,/ta4,1タフ1(1トウ1),
漱,,302,,96,11,14,+37182+,/sou4/shu4,1ソウ1ス1うがひ1(1うがい1)1くちすすぐ1すすぐ1,
潄,漱,,302,96,11,14,+38140+,/sou4/shu4,1ソウ1ス1うがひ1(1うがい1)1くちすすぐ1すすぐ1,
漲,,303,,96,11,14,+31132+,/zhang4/zhang3,1チヤウ1(1チョウ1)1みなぎる1,
漳,,303,,96,11,14,+30146+,/zhang1,1シヤウ1(1ショウ1),
漵,,303,,96,11,14,+38140+,/xu4,1シヨ1(1ショ1)1ソ1,
漶,,303,,96,11,14,+35136+,/huan4,1クワン1(1カン1)1グワン1(1ガン1),
漸(1),,303,,96,11,14,+32121+,/jian4,1セン1ゼン1やうやく1(1ようやく1),
漸(2),,303,,96,11,14,+32121+,/jian1,1セン1ひたす1しみる1,
漾,,303,,96,11,14,+38132+,/yang4,1ヤウ1(1ヨウ1)1ただよふ1(1ただよう1)1ただよはす1(1ただよわす1),
漿,,303,,96,11,15,+27232+,/jiang1,1シヤウ1(1ショウ1)1サウ1(1ソウ1)1おもゆ1こんず1しる1のみもの1,
潁,,303,,96,11,15,+21286+,/ying3,1エイ1ヤウ1(1ヨウ1),
潍,濰,,308,96,11,14,+30115+,/wei2,1ヰ1(1イ1),
潇,瀟,,309,96,11,14,+34127+,/xiao1,1セウ1(1ショウ1)1きよい1,
潆,瀠,,310,96,11,14,+34193+,/ying2,1エイ1ヤウ1(1ヨウ1),
潅,灌,,310,96,11,14,+34114+,/guan4,1クワン1そそぐ1,
漥,窪,311,381,96,11,14,+33114+,/wa1,1ワ1くぼ1くぼむ1,
澑,,303,,96,12,15,+31167+,/liu4/liu1,1リウ1(1リュウ1)1ル1したたる1したたり1たまり1ため1たまる1ためる1,
潑,,303,,96,12,15,+32147+,/po1,1ハツ1ハチ1そそぐ1はねる1,
潔,,303,,96,12,15,+37193+,/jie2,1ケツ1ケチ1いさぎよい1きよい1きよめる1,
潘,,303,,96,12,15,+32169+,/pan1,1ハン1バン1ヘン1ホン1うづまき1(1うずまき1)1しろみづ1(1しろみず1)1あふれる1,
潛,,303,,96,12,15,+35161+,/qian2,1セン1ゼン1くぐる1ひそむ1もぐる1ひそめる1ひそかに1,
潜,潛,,303,96,12,15,+35163+,/qian2,1セン1ゼン1くぐる1ひそむ1もぐる1ひそめる1ひそかに1,
澙,,304,,96,12,15,+37127+,/xi4,1セキ1シヤク1(1シャク1)1かた1,
潟,澙,,304,96,12,15,+37127+,/xi4,1セキ1シヤク1(1シャク1)1かた1,
潢(1),,304,,96,12,15,+34186+,/huang2,1クワウ1(1コウ1)1ワウ1(1オウ1)1いけ1たまりみづ1(1たまりみず1)1みづたまり1(1みずたまり1),
潢(2),裝,304,502,96,12,15,+34186+,/huang4,1クワウ1(1コウ1)1ワウ1(1オウ1),
澗,,304,,96,12,15,+37120+,/jian4,1カン1ケン1たに1たにみづ1(1たにみず1)1ま1,
潤,,304,,96,12,15,+37120+,/run4,1ジユン1(1ジュン1)1ニユン1(1ニュン1)1うるほひ1(1うるおい1)1うるほふ1(1うるおう1)1うるほす1(1うるおす1)1うるむ1ほとびる1,
潦(1),,304,,96,12,15,+34196+,/lao4,1ラウ1(1ロウ1)1おほみづ1(1おおみず1)1ながあめ1にはたづみ1(1にわたずみ1),
潦(2),,304,,96,12,15,+34196+,/lao2,1ラウ1(1ロウ1),
潭,,304,,96,12,15,+31146+,/tan2,1タン1ドン1ふかい1ふち1みぎは1(1みぎわ1),
潮,,304,,96,12,15,+37120+,/chao2,1テウ1(1チョウ1)1デウ1(1ジョウ1)1しほ1(1しお1)1あさしほ1(1あさしお1)1うしほ1(1うしお1),
潯,,305,,96,12,15,+37146+,/xun2,1シン1ジン1ふち1ほとり1みぎは1(1みぎわ1),
潰,,305,,96,12,15,+35186+,/kui4/hui1,1クワイ1(1カイ1)1ヱ1(1エ1)1つひえる1(1ついえる1)1つひやす1(1ついやす1)1つぶす1つぶれ1つぶれる1みだれる1,
潸,,305,,96,12,15,+34127+,/shan1,1サン1セン1,
澘,潸,,305,96,12,15,+34127+,/shan1,1サン1セン1,
潺,,305,,96,12,15,+37147+,/chan2,1サン1ゼン1セン1,
潼,,305,,96,12,15,+30114+,/tong2,1トウ1ヅ1(1ズ1),
澂,澄,305,305,96,12,15,+38140+,/cheng2,1チヨウ1(1チョウ1)1ヂヨウ1(1ジョウ1)1すます1すみ1すむ1,
澄,,305,,96,12,15,+32118+,/cheng2,1チヨウ1(1チョウ1)1ヂヨウ1(1ジョウ1)1すます1すみ1すむ1,
澆,,305,,96,12,15,+34111+,/jiao1,1ケウ1(1キョウ1)1ゲウ1(1ギョウ1)1そそぐ1うすい1,
澇,,305,,96,12,15,+39127+,/lao4,1ラウ1(1ロウ1),
澈,洞,305,286,96,12,15,+38140+,/che4,1テツ1デチ1,
澌,,305,,96,12,15,+32121+,/si1,1サイ1シ1セイ1つきる1,
澍,,305,,96,12,15,+34100+,/shu1,1シユ1(1シュ1)1ジユ1(1ジュ1)1うるほす1(1うるおす1)1そそぐ1,
澎,,305,,96,12,15,+32122+,/peng1,1ハウ1(1ホウ1)1ヒヤウ1(1ヒョウ1),
澁,澀,311,305,96,12,15,+31111+,/she4,1シフ1(1シュウ1)1しぶ1しぶい1しぶる1,
澜,瀾,,310,96,12,15,+37120+,/lan2,1ラン1なみ1なみだつ1,
澝,濘,311,307,96,12,15,+33127+,/neng4/ning4,1デイ1ニヤウ1(1ニョウ1)1ネイ1どろ1ぬかるみ1ぬかる1,
潞,,304,,96,13,16,+37164+,/lu4,1ロ1,
澠(1),,306,,96,13,16,+37117+,/sheng2,1シヨウ1(1ショウ1)1ジヨウ1(1ジョウ1),
澠(2),,306,,96,13,16,+37117+,/min3,1ビン1ミン1,
澡,,306,,96,13,16,+36194+,/zao3,1サウ1(1ソウ1)1あらふ1(1あらう1)1きよめる1すすぐ1,
澣,浣,306,288,96,13,16,+38141+,/wan4/huan3,1クワン1(1カン1)1グワン1(1ガン1)1あらふ1(1あらう1)1すすぐ1,
澤,,306,,96,13,16,+36141+,/ze2,1タク1ヂヤク1(1ジャク1)1うるほひ1(1うるおい1)1うるほふ1(1うるおう1)1さわ1つや1,
澥,渤,306,295,96,13,16,+37152+,/xie4,1カイ1ゲ1,
澦,,306,,96,13,16,+31186+,/yu4,1ヨ1,
澧,,306,,96,13,16,+35118+,/li3,1レイ1ライ1,
澨,,306,,96,13,16,+38118+,/shi4,1セイ1ゼイ1,
澮,,306,,96,13,16,+38166+,/guai4,1クワイ1(1カイ1)1ケ1,
澱,,306,,96,13,16,+37147+,/dian4,1テン1デン1おり1どろ1よど1よどむ1よどみ1,
澶(1),,306,,96,13,16,+30116+,/chan2,1セン1ゼン1テン1,
澶(2),,306,,96,13,16,+30116+,/tan4,1タン1ダン1ほしいまま1,
澳(1),,306,,96,13,16,+37134+,/yu4,1イク1オク1おき1くま1ふかい1,
澳(2),,306,,96,13,16,+37134+,/ao4,1アウ1(1オウ1),
澹(1),,306,,96,13,16,+37161+,/dan4,1タン1ダン1あわい1うすい1しずか1やはらか1(1やわらか1),
澹(2),,306,,96,13,16,+37161+,/tan2,1タン1,
澼,17621,307,291,96,13,16,+30141+,/pi4,1ヘキ1ヒヤク1(1ヒャク1),
激,,307,,96,13,16,+38140+,/ji1,1ケキ1キヤク1(1キャク1)1ゲキ1はげしい1はやい1はげます1,
濁,,307,,96,13,16,+36127+,/zhuo2,1タク1ヂヨク1(1ジョク1)1ダク1にごる1にごす1にごり1,
濂,,307,,96,13,16,+30137+,/lian2,1レン1,
濃,醲,307,572,96,13,16,+35132+,/nong2,1ヂヨウ1(1ジョウ1)1ニヨウ1(1ニョウ1)1ドウ1ヌ1ノウ1こい1こまやか1,
濆(1),,307,,96,13,16,+34186+,/fen2,1フン1ホン1ふく1ほとり1みぎは1(1みぎわ1),
濆(2),,307,,96,13,16,+34186+,/fen3,1ホン1わく1,
濇,澀,307,305,96,13,16,+34161+,/she4,1シフ1(1シュウ1)1しぶる1とどこほる1(1とどこおる1),
濈,,307,,96,13,16,+33150+,/zhi4,1シフ1(1シュウ1)1やはらぐ1(1やわらぐ1),
濊(1),,307,,96,13,16,+31153+,/hui4,1クワイ1(1カイ1)1ケ1,
濊(2),汪,307,279,96,13,16,+31153+,/hui4,1ワイ1ヱ1(1エ1),
濊(3),,307,,96,13,16,+31153+,/huo4,1クワツ1(1カツ1)1クワチ1(1カチ1),
濒,瀕,,309,96,13,16,+31182+,/bin1,1ヒン1みぎは1(1みぎわ1)1ほとり1しきりに1せまる1,
濑,瀨,,310,96,13,16,+37182+,/lai4,1ライ1せ1,
澀,,305,,96,14,17,+37111+,/she4,1シフ1(1シュウ1)1しぶ1しぶい1しぶる1,
濔,瀰,307,310,96,14,17,+31127+,/mi3,1デイ1ナイ1ビ1ミ1おほい1(1おおい1)1みちる1,
濕,,307,,96,14,17,+36133+,/shi4/shi1,1シフ1(1シュウ1)1シツ1うるほひ1(1うるおい1)1うるほす1(1うるおす1)1しめす1しめる1,
濘,,307,,96,14,17,+33121+,/neng4/ning4,1デイ1ニヤウ1(1ニョウ1)1ネイ1どろ1ぬかるみ1ぬかる1,
濛,,307,,96,14,17,+34132+,/meng2,1ボウ1モウ1うすぐらい1きりさめ1くらい1こさめ1,
濟(1),,307,,96,14,17,+30123+,/ji3,1セイ1サイ1,
濟(2),,307,,96,14,17,+30123+,/ji4,1セイ1サイ1すくふ1(1すくう1)1すます1すむ1なす1わたす1わたる1,
濠,,308,,96,14,17,+30132+,/hao2,1カウ1(1コウ1)1ガウ1(1ゴウ1)1ほり1,
濡,,308,,96,14,17,+31127+,/ru2,1ジユ1(1ジュ1)1ニユ1(1ニュ1)1ぬれる1ぬらす1うるほひ1(1うるおい1)1うるほふ1(1うるおう1)1うるほす1(1うるおす1)1こらへる1(1こらえる1)1とどこほる1(1とどこおる1),
濤,,308,,96,14,17,+35140+,/tao2/tao1,1タウ1(1トウ1)1ダウ1(1ドウ1)1なみ1なみだつ1,
濫,,308,,96,14,17,+38117+,/lan4,1ラン1あふれる1みだりに1みだれる1うかべる1,
濬,,308,,96,14,17,+31168+,/jun4,1シユン1(1シュン1)1さらふ1(1さらう1)1ふかい1,
濮,,308,,96,14,17,+32134+,/pu2,1ホク1ボク1,
濯,,308,,96,14,17,+37114+,/zhuo2,1タク1ヂヨク1(1ジョク1)あらふ1(1あらう1)1すすぐ1,
濰,,308,,96,14,17,+30114+,/wei2,1ヰ1(1イ1),
濱,瀕,308,309,96,14,17,+33186+,/bin1,1ヒン1はま1,
濺(1),,308,,96,15,18,+33153+,/jian1,1セン1,
濺(2),,308,,96,15,18,+33153+,/jian4,1セン1そそぐ1,
濼(1),,308,,96,15,18,+32194+,/luo4,1ラク1,
濼(2),泊,308,283,96,15,18,+32194+,/bo4,1ハク1,
濾,,308,,96,15,18,+31136+,/lv4,1リヨ1(1リョ1)1ロ1こす1,
瀆,,309,,96,15,18,+34186+,/du2,1トク1ドク1あなどる1かさねる1けがす1けがれる1みぞ1みだす1,
瀉(1),,309,,96,15,18,+33127+,/xie4,1シヤ1(1シャ1)1そそぐ1,
瀉(2),,309,,96,15,18,+33127+,/xie4,1シヤ1(1シャ1)1はく1だす1しほつち1(1しおつち1),
瀋,,309,,96,15,18,+33169+,/shen3,1シン1しる1,
瀍,,309,,96,15,18,+30114+,/chan2,1テン1デン1,
瀏,,309,,96,15,18,+32100+,/liu2,1リウ1(1リュウ1)1ル1あきらか1きよい1,
瀑,,309,,96,15,18,+36132+,/pu4,1ホク1ボク1バク1たき1,
瀕,濱,309,308,96,16,19,+31186+,/bin1,1ヒン1みぎは1(1みぎわ1)1ほとり1しきりに1せまる1,
瀘,,309,,96,16,19,+31117+,/lu2,1ロ1,
瀚,浩,309,288,96,16,19,+38127+,/han4,1カン1ガン1ひろい1,
瀛,,309,,96,16,19,+30117+,/ying2,1エイ1ヤウ1(1ヨウ1)1うみ1,
瀝,,309,,96,16,19,+31111+,/li4,1レキ1リヤク1(1リャク1)1こす1しづく1(1しずく1)1したたる1そそぐ1,
瀟,,309,,96,16,19,+34127+,/xiao1,1セウ1(1ショウ1)1きよい1,
瀡,,309,,96,16,19,+34134+,/sui3,1スヰ1(1スイ1),
瀣,沆,309,280,96,16,19,+37117+,/xie4,1カイ1ガイ1,
瀦,,309,,96,16,19,+34160+,/zhu1,1チヨ1(1チョ1)1たまる1みづたまり1(1みずたまり1),
瀧,,310,,96,16,19,+31111+,/long2,1ラウ1(1ロウ1)1たき1,
瀨,,310,,96,16,19,+37186+,/lai4,1ライ1せ1,
瀬,瀨,,310,96,16,19,+31186+,/lai4,1ライ1せ1,
瀠,,310,,96,16,19,+39193+,/ying2,1エイ1ヤウ1(1ヨウ1),
瀾,瀾,,310,96,16,19,+37120+,/lan2,1ラン1なみ1なみだつ1,
瀯,瀠,,310,96,17,20,+39166+,/ying2,1エイ1ヤウ1(1ヨウ1),
瀹,,310,,96,17,20,+38127+,/yue4,1ヤク1,
瀰,,310,,96,17,20,+31127+,/mi2,1ビ1ミ1デイ1ナイ1ベイ1マイ1はびこる1ひろい1みちる1,
瀼,,310,,96,17,20,+30132+,/rang2,1ジヤウ1(1ジョウ1)1ニヤウ1(1ニョウ1)1ダウ1(1ドウ1)1ナウ1(1ノウ1)1どろ1,
瀾,,310,,96,17,20,+37120+,/lan2,1ラン1なみ1なみだつ1,
瀲,,311,,96,17,20,+38140+,/lian4,1レン1みぎは1(1みぎわ1)1うかぶ1,
灃,,310,,96,18,21,+32118+,/feng1,1ホウ1フ1,
灉,,310,,96,18,21,+30114+,/yong1,1ヨウ1ユ1,
灊,,310,,96,18,21,+31127+,/jian2,1セン1(1ゼン1)1シン1(1ジン1),
灋,法,310,284,96,18,21,+30131+,/fa3,1ハフ1(1ホウ1)1ホフ1のつとる1(1のっとる1)1のり1,
灌,,310,,96,18,21,+38114+,/guan4,1クワン1そそぐ1,
灏,灝,,310,96,18,21,+31182+,/hao4,1カウ1(1コウ1)1ガウ1(1ゴウ1)1ひろい1,
灑,洒,310,286,96,19,22,+31111+,/sa3,1サイ1セイ1サ1シヤ1(1シャ1)1あらふ1(1あらう1)1そそぐ1ちらす1,
灘,,310,,96,19,22,+30114+,/tan1,1タン1ダン1なだ1せ1はやせ1,
灝,,310,,96,21,24,+31186+,/hao4,1カウ1(1コウ1)1ガウ1(1ゴウ1)1ひろい1,
灞,,311,,96,21,24,+31127+,/ba4,1ハ1ヘ1,
灣,,311,,96,22,25,+32127+,/wan1,1ワン1,
灤,,311,,96,23,26,+32194+,/luan2,1ラン1,
灨,,311,,96,24,27,+37186+,/gan4,1カン1ゴウ1,
灩,澦,311,306,96,28,31,+34117+,/yan4,1エン1,
火,,311,,97,0,4,+90800+,/huo3,1クワ1(1カ1)1コ1ひ1ほ1やく1,
灰,,311,,97,2,6,+71289+,/hui1,1クワイ1(1カイ1)1ケ1はひ1(1はい1),
灯,燈,320,317,97,2,6,+91820+,/deng1/ding1,1トウ1ひ1あかり1とぼし1とぼす1ともし1ともしび1ともす1,
灸,,312,,97,3,7,+27809+,/jiu3,1キウ1(1キュウ1)1ク1やいと1,
灼,,312,,97,3,7,+97820+,/zhuo2,1シヤク1(1シャク1)1やく1あきらか1やいと1,
災,,312,,97,3,7,+22809+,/zai1,1サイ1わざはひ1(1わざわい1),
炀(1),煬,,316,97,3,7,+97827+,/yang4,1ヤウ1(1ヨウ1)1あぶる1やく1かわかす1,
炀(2),煬,,316,97,3,7,+97827+,/yang2,1ヤウ1(1ヨウ1)1とかす1,
灿,燦,,318,97,3,7,+92870+,/can4,1サン1あきらか1あざやか1,
灵,靈,320,608,97,3,7,+17809+,/ling2,1レイ1リヤウ1(1リョウ1)1たま1たましい1みこ1よい1,
灶,竈,320,382,97,3,7,+94810+,/zao4,1サウ1(1ソウ1)1かまど1,
灾,災,320,312,97,3,7,+30809+,/zai1,1サイ1わざはひ1(1わざわい1),
炁,氣,312,275,97,4,8,+10331+,/qi4,1キ1ケ1いき1,
炊,,312,,97,4,8,+97882+,/chui1,1スヰ1(1スイ1)1たく1かしぐ1,
炎(1),,312,,97,4,8,+90809+,/yan3,1エン1ほのほ1(1ほのお1)1もえる1,
炎(2),,312,,97,4,8,+90809+,/tan2,1タン1ダン1,
炒,,312,,97,4,8,+99820+,/chao3,1サウ1(1ソウ1)1セウ1(1ショウ1)1いる1,
炕,匟,312,051,97,4,8,+90817+,/kang4,1カウ1(1コウ1),
炙,,312,,97,4,8,+27809+,/zhi4,1セキ1シヤク1(1シャク1)1シヤ1(1シャ1)1あぶる1やく1したしむ1,
炉,爐,,319,97,4,8,+93877+,/lu2,1ロ1いろり1ひばち1,
炤(1),照,312,316,97,5,9,+97862+,/zhao4,1セウ1(1ショウ1)1てらす1てる1ひかる1,
炤(2),昭,312,244,97,5,9,+97862+,/zhao4,1セウ1(1ショウ1)1あきらか1,
炧,,312,,97,5,9,+98812+,/tuo3,1タ1ダ1シヤ1(1シャ1)1ジヤ1(1ジャ1),
炫,,312,,97,5,9,+90832+,/xuan4,1ケン1ゲン1あきらか1かがやき1かがやく1てらす1ひかる1,
炬,,312,,97,5,9,+91817+,/ju4,1キヨ1(1キョ1)1ゴ1かがり1かがりび1たいまつ1ともしび1やく1,
炭,,313,,97,5,9,+22289+,/tan4,1タン1すみ1,
炮(1),,313,,97,5,9,+97812+,/pao2,1ハウ1(1ホウ1)1ベウ1(1ビョウ1)1あぶる1やく1,
炮(2),礮,313,369,97,5,9,+97812+,/pao4,1ハウ1(1ホウ1)1ヘウ1(1ヒョウ1),
炮(3),炰,313,369,97,5,9,+97812+,/pao2/pao1,1ハウ1(1ホウ1)1ベウ1(1ビョウ1),
炯,,313,,97,5,9,+97820+,/jiong3,1ケイ1キヤウ1(1キョウ1)1あきらか1ひかる1,
炰,炮,313,369,97,5,9,+27331+,/pao2/pao1,1ハウ1(1ホウ1)1ベウ1(1ビョウ1),
炱,,313,,97,5,9,+23809+,/tai2,1タイ1ダイ1すす1,
炳,,313,,97,5,9,+91827+,/bing3,1ヘイ1ビヤウ1(1ビョウ1)1あきらか1いちじるしい1,
炷,,313,,97,5,9,+90814+,/zhu4,1シユ1(1シュ1)1たく1とうしん1ともしび1やく1,
炸(1),,313,,97,5,9,+98811+,/zha4,1サ1サク1さく1さける1はじける1,
炸(2),,313,,97,5,9,+98811+,/zha2,1カフ1(1コウ1)1あげる1,
炼(1),煉,,315,97,5,9,+95894+,/lian4,1レン1ねる1きたへる1(1きたえる1),
炼(2),錬,,584,97,5,9,+95894+,/lian4,1レン1ねる1,
炽,熾,,317,97,5,9,+96880+,/zhi4,1シ1さかん1おき1おこす1,
烁,爍,,319,97,5,9,+92894+,/shuo4,1シヤク1(1シャク1)1とかす1とける1ひかる1,
烂,爛,,319,97,5,9,+98811+,/lan4,1ラン1ただれる1あざやか1はなやか1,
為(1),爲,,320,97,5,9,+34027+,/wei2,1ヰ1(1イ1)1なす1つくる1をさめる1(1おさめる1)1なる1まなぶ1たり1,
為(2),爲,,320,97,5,9,+34027+,/wei4,1ヰ1(1イ1)1ため1ために1,
点,點,320,650,97,5,9,+21336+,/dian3,1テン1たてる1とぼす1とぼる1ともる1,
烈,,313,,97,6,10,+12330+,/lie4,1レツ1レチ1はげしい1,
烊,,313,,97,6,10,+98851+,/yang2,1ヤウ1(1ヨウ1)1とろかす1,
烏,,313,,97,6,10,+27327+,/wu1,1ヲ1(1オ1)1ウ1からす1くろい1いづくんぞ1(1いずくんぞ1),
烖,災,313,312,97,6,10,+43850+,/zai1,1サイ1わざはひ1(1わざわい1),
烘,,313,,97,6,10,+94881+,/hong1,1コウ1ク1,
烙,,314,,97,6,10,+97864+,/luo4/lao4,1ラク1カク1やく1あぶる1,
烝,蒸,314,467,97,6,10,+17331+,/zheng1,1シヨウ1(1ショウ1)1すすめる1まつり1むしあつい1むす1,
烤,,314,,97,6,10,+94827+,/kao3,1カウ1(1コウ1),
烦,煩,,316,97,6,10,+91882+,/fan2,1ハン1ボン1わづらふ1(1わずらう1)1わづらはしい1(1わずらわしい1)1わづらはす1(1わずらわす1)1うるさい1,
烊,煬,,316,97,6,10,+98851+,/yang2,1ヤウ1(1ヨウ1)1とかす1,
热,熱,,317,97,6,10,+55331+,/re4,1ゼツ1ネチ1ネツ1あつい1ほてる1,
烧(1),燒,,317,97,6,10,+95812+,/shao1,1セウ1(1ショウ1)1やく1やける1,
烧(2),燒,,317,97,6,10,+95812+,/shao4,1セウ1(1ショウ1),
烫,燙,,318,97,6,10,+37809+,/tang4,1タウ1(1トウ1)1ダウ1(1ドウ1)1あたためる1,
烛,燭,,319,97,6,10,+95836+,/zhu2,1シヨク1(1ショク1)1ソク1ともしび1,
烩,燴,,319,97,6,10,+98832+,/hui4,1クワイ1(1カイ1)1ヱ1(1エ1),
烬,燼,,319,97,6,10,+97833+,/jin4,1シン1ジン1のこり1もえさし1もえのこり1,
烨,爗,,319,97,6,10,+94841+,/ye4,1エウ1(1ヨウ1),
烟,煙,320,315,97,6,10,+96800+,/yan1,1エン1けぶる1けむり1けむい1けむたい1けむる1すす1,
烹,,314,,97,7,11,+00332+,/peng1,1ハウ1(1ホウ1)1ヒヤウ1(1ヒョウ1)1にる1,
烽,,314,,97,7,11,+97854+,/feng1,1ホウ1フ1のろし1,
焉(1),,314,,97,7,11,+10327+,/yan1,1エン1いづく1(1いずく1)1いづくんぞ1(1いずくんぞ1)1いづれ1(1いずれ1)1なに1,
焉(2),然,314,314,97,7,11,+10327+,/yan1,1エン1これ1ここに1,
焔,焰,,314,97,7,11,+97877+,/yan4/yan2,1エン1ほのほ1(1ほのお1)1もえる1,
焖,燜,,318,97,7,11,+97820+,/men4,1ボン1モン1,
焘,燾,,319,97,7,11,+50334+,/tao4/dao4,1タウ1(1トウ1)1ダウ1(1ドウ1)1おほふ1(1おおう1),
焙,,314,,97,8,12,+90861+,/bei4,1ハイ1(1バイ1)1ホウ1あぶる1,
焚,,314,,97,8,12,+44809+,/fen2,1フン1ブン1やく1やける1たく1,
焜,,314,,97,8,12,+96811+,/gun1,1コン1ゴン1かがやく1あきらか1,
焠,,314,,97,8,12,+90848+,/cui4,1サイ1そめる1にらぐ1やく1,
無,,314,,97,8,12,+80331+,/wu2/mo2,1ム1ない1,
焦,,314,,97,8,12,+20331+,/jiao1,1セウ1(1ショウ1)1こがす1こがれる1こげる1やく1あせる1じらす1じれる1,
焮,,314,,97,8,12,+97882+,/xin4,1キン1コン1やく1かがやく1てらす1,
焰,燄,314,317,97,8,12,+97877+,/yan4/yan2,1エン1ほのほ1(1ほのお1)1もえる1,
然,燃,314,318,97,8,12,+23333+,/ran2,1ゼン1ネン1もえる1しかり1しからば1しかるに1しかれども1しかし1しかして1しかも1,
焱,,315,,97,8,12,+90889+,/yan4,1エン1ほのほ1(1ほのお1),
颎,熲,,317,97,8,12,+21882+,/jiong3,1ケイ1キヤウ1(1キョウ1),
焼(1),燒,,317,97,8,12,+94811+,/shao1,1セウ1(1ショウ1)1やく1やける1,
焼(2),燒,,317,97,8,12,+94811+,/shao4,1セウ1(1ショウ1),
煅,鍛,315,585,97,9,13,+97847+,/duan4,1タン1きたへる1(1きたえる1),
煉,錬,315,584,97,9,13,+95896+,/lian4,1レン1ねる1きたへる1(1きたえる1),
煌,,315,,97,9,13,+96814+,/huang2,1クワウ1(1コウ1)1ワウ1(1オウ1)1かがやく1きらめく1あきらか1,
煎(1),,315,,97,9,13,+80332+,/jian1,1セン1いる1せまる1せんじる1にる1,
煎(2),,315,,97,9,13,+80332+,/jian4,1セン1,
煑,,315,,97,9,13,+44809+,/zhu3,1シヨ1(1ショ1)1シヤ1(1シャ1)1にる1にえる1,
煮,煑,,315,97,9,13,+44336+,/zhu3,1シヨ1(1ショ1)1シヤ1(1シャ1)1にる1にえる1,
煒,,315,,97,9,13,+94856+,/wei3,1ヰ1(1イ1)ひかる1ひかり1,
煕,,315,,97,9,13,+77331+,/xi1,1キ1ああ1たのしむ1ひかる1ひろい1やわらぐ1よろこぶ1,
煖(1),,315,,97,9,13,+92847+,/nuan3,1ダン1ナン1あたたか1あたたかい1あたためる1やはらかい1(1やわらかい1),
煖(2),,315,,97,9,13,+92847+,/xuan1,1ケン1クワン1(1カン1),
煙,,315,,97,9,13,+91814+,/yan1,1エン1けぶる1けむり1けむい1けむたい1けむる1すす1,
煜,,315,,97,9,13,+96818+,/yu4,1イク1ヲク1(1オク1)1イフ1(1ユウ1)かがやく1,
煞,殺,315,272,97,9,13,+28334+,/sha4,1サツ1サチ1ころす1,
煠,,315,,97,9,13,+94894+,/zha2,1サフ1(1ソウ1)1セフ1(1ショウ1)1あげる1やく1ゆでる1,
煢,,315,,97,9,13,+99417+,/qiong2,1ケイ1キヤウ1(1キョウ1)1ひとり1ひとりもの1うれへる1(1うれえる1),
煤,,315,,97,9,13,+94894+,/mei2,1バイ1マイ1すす1すすける1,
煥,,316,,97,9,13,+97834+,/huan4,1クワン1(1カン1)1あきらか1かがやく1,
煦,,316,,97,9,13,+67332+,/xu3,1ク1あたたかい1あたためる1めぐむ1ひかり1,
照,,316,,97,9,13,+67336+,/zhao4,1セウ1(1ショウ1)1てる1てらす1てれる1,
煨,,316,,97,9,13,+96832+,/wei1,1ワイ1ヱ1(1エ1),
煩,,316,,97,9,13,+91886+,/fan2,1ハン1ボン1わづらふ1(1わずらう1)1わづらはしい1(1わずらわしい1)1わづらはす1(1わずらわす1)1うるさい1,
煬(1),,316,,97,9,13,+96827+,/yang4,1ヤウ1(1ヨウ1)1あぶる1やく1かわかす1,
煬(2),,316,,97,9,13,+96827+,/yang2,1ヤウ1(1ヨウ1)1とかす1,
煏,,316,,97,9,13,+91866+,/bi4,1ヒヨク1(1ヒョク1)1ヒキ1フク1,
煇,輝,320,549,97,9,13,+97856+,/hui1,1キ1かがやく1てる1かがやき1かがやかしい1,
煗(1),煖,320,315,97,9,13,+91834+,/nuan3,1ダン1ナン1あたたか1あたたかい1あたためる1やはらかい1(1やわらかい1),
煗(2),煖,320,315,97,9,13,+91834+,/xuan1,1ケン1クワン1(1カン1),
煊,暄,320,226,97,9,13,+93816+,/xuan1,1ケン1クワン1(1カン1)1あたたかい1,
煽,,316,,97,10,14,+93827+,/shan1,1セン1あふり1(1あおり1)1あふる1(1あおる1)1あふぐ1(1あおぐ1)1おこる1おだてる1,
熄,,316,,97,10,14,+96830+,/xi2,1シヨク1(1ショク1)1ソキ1ソク1やむ1きえる1やすむ1やすまる1,
熇(1),,316,,97,10,14,+90827+,/he4,1コク1あつい1きびしい1ほのほ1(1ほのお1),
熇(2),,316,,97,10,14,+90827+,/kao3,1コク1あぶる1,
熊,,316,,97,10,14,+21331+22331+,/xiong2,1キウ1(1キュウ1)1グ1ユウ1くま1,
熏,,316,,97,10,14,+20331+,/xun1,1クン1いぶす1くすぶる1くすべる1くゆらす1ふすべる1やく1,
熒,,316,,97,10,14,+99809+,/ying2,1ケイ1ギヤウ1(1ギョウ1)1ともしび1ひかり1ひかる1まどふ1(1まどう1)1まどはす1(1まどわす1),
煼,炒,320,312,97,10,14,+97827+,/chao3,1サウ1(1ソウ1)1セウ1(1ショウ1)1いる1,
熔,鎔,320,585,97,10,14,+93868+,/rong2,1ヨウ1ユ1とかす1とける1いがた1,
熛,,317,,97,11,15,+91891+,/biao1,1ヘウ1(1ヒョウ1)1とびひ1はやい1はやて1,
熟,,317,,97,11,15,+05331+,/shu2/shou2,1シユク1(1シュク1)1ジユク1(1ジュク1)1うむ1うれる1こなす1こなれる1つらつら1なれる1にえる1にる1,
熠,,317,,97,11,15,+97862+,/yi4,1イフ1(1ユウ1)1シフ1(1シュウ1),
熨,,317,,97,11,15,+74809+,/yun4/yu4,1ウツ1ウチ1おさへる1(1おさえる1)1のし1のす1ひのし1,
熬,,317,,97,11,15,+58334+,/ao1/ao2,1ガウ1(1ゴウ1)1いる1いらだつ1うれへる1(1うれえる1)1なやむ1,
熯,,317,,97,11,15,+94834+,/han4,1カン1あぶる1もやす1やく1,
熱,,317,,97,11,15,+45331+,/re4,1ゼツ1ネチ1ネツ1あつい1ほてる1,
熲,,317,,97,11,15,+91886+,/jiong3,1ケイ1キヤウ1(1キョウ1),
19336,烽,320,314,97,11,15,+37809+,/feng1,1ホウ1フ1のろし1,
熹,,317,,97,12,16,+40336+,/xi1,1キ1あぶる1かすか1さかん1よろこぶ1,
熾,,317,,97,12,16,+93850+,/zhi4,1シ1さかん1おき1おこす1,
燄,,317,,97,12,16,+29789+,/yan4/yan2,1エン1ほのほ1(1ほのお1),
燈,鐙,317,588,97,12,16,+92818+,/deng1,1トウ1ひ1あかり1とぼし1とぼす1ともし1ともしび1ともす1,
燉,,317,,97,12,16,+98840+,/tun1/tun4,1トン1ドン1,
燎,,317,,97,12,16,+94896+,/liao4/liao3,1レウ1(1リョウ1)1かがりび1にはび1(1にわび1)1のび1まつり1やく1あぶる1,
燐,,317,,97,12,16,+99859+,/lin2,1リン1おにび1,
燒(1),,317,,97,12,16,+94811+,/shao1,1セウ1(1ショウ1)1やく1やける1,
燒(2),,317,,97,12,16,+94811+,/shao4,1セウ1(1ショウ1),
燔,,318,,97,12,16,+92869+,/fan2,1ハン1ボン1やく1あぶる1ひもろぎ1,
燕(1),,318,,97,12,16,+44331+,/yan4,1エン1つばめ1やすんずる1やすい1くつろぐ1さかもり1,
燕(2),,318,,97,12,16,+44331+,/yan1,1エン1,
燖,,318,,97,12,16,+97846+,/xun2,1シン1ジン1,
燙,,318,,97,12,16,+36809+,/tang4,1タウ1(1トウ1)1ダウ1(1ドウ1)1あたためる1,
燜,,318,,97,12,16,+97820+,/men4,1ボン1モン1,
燃,然,318,314,97,12,16,+93833+,/ran2,1ゼン1ネン1もえる1,
燁,爗,320,319,97,12,16,+94854+,/ye4,1エウ1(1ヨウ1),
營,,318,,97,13,17,+99606+,/ying2,1エイ1ヤウ1(1ヨウ1)1いとなむ1,
燠(1),,318,,97,13,17,+97834+,/yu4,1イク1ヲク1(1オク1)1あたたかい1あつい1おき1,
燠(2),,318,,97,13,17,+97834+,/yu4,1ウ1ヲ1(1オ1)1イウ1(1ユウ1),
燥,,318,,97,13,17,+96894+,/zao4,1サウ1(1ソウ1)1かわく1,
燦,,318,,97,13,17,+97894+,/can4,1サン1あきらか1あざやか1,
燧,,318,,97,13,17,+98833+,/sui4,1スヰ1(1スイ1)1ズヰ1(1ズイ1)1のろし1ひうち1,
燬,,319,,97,13,17,+97847+,/hui3,1キ1やく1やける1ひ1,
燭,,319,,97,13,17,+96827+,/zhu2,1シヨク1(1ショク1)1ソク1ともしび1,
燮,,319,,97,13,17,+99407+,/xie4,1セフ1(1ショウ1)1やはらげる1(1やわらげる1),
燴,,319,,97,13,17,+98866+,/hui4,1クワイ1(1カイ1)1ヱ1(1エ1),
燹,,319,,97,14,18,+11809+,/xian3,1セン1のび1へいか1,
燼,,319,,97,14,18,+95817+,/jin4,1シン1ジン1のこり1もえさし1もえのこり1,
燾,幬,319,146,97,14,18,+40334+,/tao4/dao4,1タウ1(1トウ1)1ダウ1(1ドウ1)1おほふ1(1おおう1),
燻,熏,320,316,97,14,18,+92831+,/xun1,1クン1いぶす1くすぶる1くすべる1くゆらす1ふすべる1やく1,
燿,耀,320,425,97,14,18,+97814+,/yao4/yue4,1エウ1(1ヨウ1)1かがやく1かがやかす1かがやき1,
爆,,319,,97,15,19,+96832+,/bao4,1ハウ1(1ホウ1)1バウ1(1ボウ1)1バク1さける1はぜる1はじける1,
爇,,319,,97,15,19,+44331+,/re4,1ゼツ1ネチ1やく1,
爍,鑠,319,,97,15,19,+92894+,/shuo4,1シヤク1(1シャク1)1とかす1とける1ひかる1,
爐,,319,,97,16,20,+91817+,/lu2,1ロ1いろり1ひばち1,
爗,,319,,97,16,20,+96854+,/ye4,1エウ1(1ヨウ1),
19424,燧,320,318,97,16,20,+78809+,/sui4,1スヰ1(1スイ1)1ズヰ1(1ズイ1)1のろし1ひうち1,
爛,,319,,97,17,21,+97820+,/lan4,1ラン1ただれる1あざやか1はなやか1,
爚,,319,,97,17,21,+98827+,/yue4,1ヤク1シヤク1(1シャク1),
爝,,319,,97,18,22,+92846+,/jue2,1シヤク1(1シャク1)1サク1セウ1(1ショウ1),
爥,燭,320,319,97,21,25,+97827+,/zhu2,1シヨク1(1ショク1)1ソク1ともしび1,
爨,,319,,97,25,29,+77809+,/cuan4,1サン1かしぐ1かまど1,
爪(1),,320,,98,0,4,+72230+,/zhao3,1サウ1(1ソウ1)1セウ1(1ショウ1)1つめ1つかむ1かく1,
爪(2),,320,,98,0,4,+72230+,/zhua3,1サウ1(1ソウ1)1セウ1(1ショウ1),
爬,,320,,98,4,8,+77231+,/pa2,1ハ1バ1かく1はふ1(1はう1),
爭(1),,320,,98,4,8,+20507+,/zheng1,1サウ1(1ソウ1)1シヤウ1(1ショウ1)1あらそふ1(1あらそう1)1いかでか1いかん1,
爭(2),諍,320,520,98,4,8,+20507+,/zheng4/zheng1,1サウ1(1ソウ1)1シヤウ1(1ショウ1)1いさめる1,
爰,,320,,98,5,9,+20447+,/yuan2,1ヱン1(1エン1)1ヲン1(1オン1)1ここ1ここに1,
爮,,320,,98,5,9,+77231+,/pao2,1ハウ1(1ホウ1),
爲(1),,320,,98,8,12,+20227+,/wei2,1ヰ1(1イ1)1なす1つくる1をさめる1(1おさめる1)1なる1まなぶ1たり1,
爲(2),,320,,98,8,12,+20227+,/wei4,1ヰ1(1イ1)1ため1ために1,
叆,靉,,609,98,10,14,+12747+,/ai4,1アイ1,
爵,雀,320,603,98,14,18,+20746+,/jue2,1シヤク1(1シャク1)1サク1さかづき1(1さかずき1),
父(1),,321,,99,0,4,+80400+,/fu4,1フ1ブ1ちち1,
父(2),甫,321,341,99,0,4,+80400+,/fu3,1フ1ブ1ホ1,
爷,爺,,321,99,2,6,+80227+,/ye2,1ヤ1ぢぢ1(1じじ1)1おやぢ1(1おやじ1),
爸,,321,,99,4,8,+80717+,/ba4,1ハ1ちち1,
爹,,321,,99,6,10,+80207+,/die1,1チヤ1(1チャ1)1シヤ1(1シャ1),
爺,,321,,99,9,13,+80127+,/ye2,1ヤ1ぢぢ1(1じじ1)1おやぢ1(1おやじ1),
爻,,321,,100,0,4,+40400+,/yao2,1カウ1(1コウ1)1ゲウ1(1ギョウ1)1まじはる1(1まじわる1),
19742(1),疏,,346,100,7,11,+47481+,/shu1/su1,1シヨ1(1ショ1)1ソ1とほる1(1とおる1)1あらい1うとい1うとむ1うとんじる1おろそか1まばら1さかん1,
19742(2),疏,,346,100,7,11,+47481+,/shu1/su1,1シヨ1(1ショ1)1ソ1,
爽,,321,,100,7,11,+40034+,/shuang3,1サウ1(1ソウ1)1あきらか1さはやか1(1さわやか1)1たがふ1(1たがう1),
19748,爽,321,321,100,9,13,+40801+,/shuang3,1サウ1(1ソウ1)1あきらか1さはやか1(1さわやか1)1たがふ1(1たがう1),
爾,,321,,100,10,14,+10227+,/er3,1ジ1ニ1なんぢ1(1なんじ1)1しかり1それ1その1のみ1ちかい1,
爿,,321,,101,0,4,+22200+,/qiang2/ban4,1シヤウ1(1ショウ1)1ザウ1(1ゾウ1),
牀,床,321,153,101,4,8,+24290+,/chuang2,1シヤウ1(1ショウ1)1ザウ1(1ゾウ1)1とこ1ゆか1こしかけ1ねどこ1,
牁,,321,,101,5,9,+21220+,/ge1,1カ1,
牂,,321,,101,6,10,+28251+,/zang1,1サウ1(1ソウ1),
牆,,322,,101,18,22,+24261+,/qiang2,1シヤウ1(1ショウ1)1ザウ1(1ゾウ1)1かき1へい1かこひ1(1かこい1),
片,,322,,102,0,4,+22027+,/pian4,1ヘン1かた1きれ1ひら1びら1わづか1(1わずか1)1ぺんす1,
版,板,322,237,102,4,8,+21047+22047+,/ban3,1ハン1ヘン1いた1ふだ1,
牋,箋,322,389,102,8,12,+23053+,/jian1,1セン1,
牌,,322,,102,8,12,+26040+,/pai2,1ハイ1ベ1ふだ1,
牍,牘,,322,102,8,12,+24084+,/du2,1トク1ドク1かきもの1てがみ1ふだ1ふみ1,
牏,,322,,102,9,13,+28021+,/tou2/yu2,1トウ1ヅ1(1ズ1)1チユ1(1チュ1)1ヂユ1(1ジュ1)1シユ1(1シュ1)1ユ1,
牐,閘,322,592,102,9,13,+22077+,/zha2,1サフ1(1ソウ1)1ザフ1(1ゾウ1),
牒,,322,,102,9,13,+24094+,/die2,1テフ1(1チョウ1)1デフ1(1ジョウ1)1ふだ1,
牓,,322,,102,10,14,+20027+,/bang3,1ハウ1(1ホウ1),
牖,,322,,102,11,15,+23027+,/you3,1イウ1(1ユウ1)1ユ1,
牕,窗,322,381,102,11,15,+26030+,/chuang1,1サウ1(1ソウ1)1まど1,
牘,,322,,102,15,19,+24086+,/du2,1トク1ドク1かきもの1てがみ1ふだ1ふみ1,
牙,,323,,103,0,4,+10240+,/ya2,1ガ1ゲ1きば1は1さいとり1,
牚,,323,,103,8,12,+90241+,/cheng4,1タウ1(1トウ1)1チヤウ1(1チョウ1),
牛,,323,,104,0,4,+25000+,/niu2,1ギウ1(1ギュウ1)1ゴ1うし1,
牝,,323,,104,2,6,+21510+22510+,/bin4,1ヒン1ビン1めす1,
牟,麰,323,648,104,2,6,+23500+,/mou2,1ボウ1ム1もとめる1むさぼる1,
牡,,323,,104,3,7,+24510+,/mu3/mou2,1ボウ1ム1をす1(1おす1),
牢,,323,,104,3,7,+30502+,/lao2,1ラウ1(1ロウ1)1ひとや1いけにへ1(1いけにえ1)1かたい1さびしい1,
牣,,323,,104,3,7,+27520+,/ren4,1ジン1ニン1,
牧,,323,,104,4,8,+28540+,/mu4,1ボク1モク1まき1まきば1かふ1(1かう1)1つかさ1やしなふ1(1やしなう1),
物,,323,,104,4,8,+27520+,/wu4,1ブツ1モチ1もの1,
牦,犛,325,325,104,4,8,+22514+,/mao2,1バウ1(1ボウ1)1メウ1(1ミョウ1)1やく1からうし1,
牮,,323,,104,5,9,+23504+,/jian4,1セン1,
牯,,324,,104,5,9,+24560+,/gu3,1コ1,
牲,,324,,104,5,9,+25510+,/sheng1,1セイ1シヤウ1(1ショウ1)1いけにへ1(1いけにえ1),
牴,抵,324,189,104,5,9,+22540+,/di3,1テイ1タイ1,
牵(1),牽,,324,104,5,9,+40502+,/qian1,1ケン1ひく1つらなる1,
牵(2),牽,,324,104,5,9,+40502+,/qian1,1ケン1ひく1,
荦,犖,,325,104,5,9,+44500+,/luo4,1ラク1まだらうし1あきらか1すぐれる1,
牷,,324,,104,6,10,+28514+,/quan2,1セン1ゼン1,
牸,,324,,104,6,10,+23547+,/zi4,1シ1ジ1めうし1めす1,
特,,324,,104,6,10,+24541+,/te4,1トク1ドク1をうし1(1おうし1)1ただ1ことに1とりわけ1ひとり1,
牺,犧,,325,104,6,10,+21564+,/xi1,1キ1ギ1いけにへ1(1いけにえ1),
牼,,324,,104,7,11,+21511+,/keng1,1カウ1(1コウ1),
牽(1),,324,,104,7,11,+00503+,/qian1,1ケン1ひく1つらなる1,
牽(2),,324,,104,7,11,+00503+,/qian1,1ケン1ひく1,
牾,忤,324,166,104,7,11,+21561+,/wu4,1ゴ1さからふ1(1さからう1),
牿,,324,,104,7,11,+24560+,/gu4,1コク1,
20044,牸,324,324,104,7,11,+24547+,/zi4,1シ1ジ1めうし1めす1,
犁(1),犂,325,324,104,7,11,+22500+,/li2,1レイ1ライ1からすき1くろい1しみ1すき1すく1まだらうし1,
犁(2),犂,325,324,104,7,11,+22500+,/liu2,1リウ1(1リュウ1)1ル1,
觕,粗,325,397,104,7,11,+27527+,/cu1,1ソ1あらい1あら1ほぼ1,
犀,,324,,104,8,12,+77251+,/xi1,1セイ1サイ1さい1かたい1するどい1,
犂(1),,324,,104,8,12,+27502+,/li2,1レイ1ライ1からすき1くろい1しみ1すき1すく1まだらうし1,
犂(2),,324,,104,8,12,+27502+,/liu2,1リウ1(1リュウ1)1ル1,
犊,犢,,325,104,8,12,+24584+,/du2,1トク1ドク1こうし1,
犇,奔,325,104,104,8,12,+50550+,/ben1/ben4,1ホン1はしる1にげる1,
犍,,324,,104,9,13,+25540+,/jian1,1ケン1コン1ゲン1きんきりうし1,
犎,,324,,104,9,13,+44500+,/feng1,1ホウ1,
犒,,325,,104,10,14,+20527+,/kao4,1カウ1(1コウ1)1ねぎらふ1(1ねぎらう1)1ねぎらひ1(1ねぎらい1),
犖,,325,,104,10,14,+99502+,/luo4,1ラク1まだらうし1あきらか1すぐれる1,
犛,,325,,104,11,15,+58251+,/mao2,1バウ1(1ボウ1)1メウ1(1ミョウ1)1やく1からうし1,
犢,,325,,104,15,19,+24586+,/du2,1トク1ドク1こうし1,
犧,,325,,104,16,20,+28553+,/xi1,1キ1ギ1いけにへ1(1いけにえ1),
犬,,325,,105,0,4,+43030+,/quan3,1ケン1いぬ1,
犯,,325,,105,2,5,+47212+,/fan4,1ハン1ボン1をかす1(1おかす1),
犴,,325,,105,3,6,+41240+,/an4,1カン1ガン1,
状,狀,,325,105,3,7,+33134+,/zhuang4,1サウ1(1ソウ1)1ジヤウ1(1ジョウ1)1すがた1かたち1かきつけ1,
犷,獷,,330,105,3,6,+40200+,/guang3,1クワウ1(1コウ1)1あらいぬ1あらあらしい1あらい1,
犺(1),,325,,105,4,7,+40217+,/kang4,1カウ1(1コウ1),
犺(2),,325,,105,4,7,+40217+,/kang3,1カウ1(1コウ1),
狀,,325,,105,4,8,+23234+,/zhuang4,1サウ1(1ソウ1)1ジヤウ1(1ジョウ1)1すがた1かたち1かきつけ1,
狁,,325,,105,4,7,+43210+,/yun3,1イン1,
狂,,325,,105,4,7,+41214+,/kuang2,1キヤウ1(1キョウ1)1ガウ1(1ゴウ1)1くるふ1(1くるう1)1くるほしい1(1くるおしい1)1ふれる1きちがひ1(1きちがい1)1くるひ1(1くるい1),
狃,,326,,105,4,7,+47215+,/niu3,1ヂウ1(1ジュウ1)1ニユ1(1ニュ1)1なれる1ならふ1(1ならう1),
狄,,326,,105,4,7,+49280+,/di2,1テキ1ヂヤク1(1ジャク1)1えびす1,
狆,忡,326,166,105,4,7,+45206+,/zhong4,1チユウ1(1チュウ1)1ちん1,
犹,猶,330,328,105,4,7,+43214+,/you2,1イウ1(1ユウ1)1ユ1さる1なほ1(1なお1)1ごとし1,
狉,,326,,105,5,8,+41219+,/pi1,1ヒ1ビ1,
狌(1),,326,,105,5,8,+45210+,/xing4,1セイ1シヤウ1(1ショウ1),
狌(2),猩,326,328,105,5,8,+45210+,/xing4,1セイ1シヤウ1(1ショウ1),
狎,,326,,105,5,8,+46250+,/xia2,1カフ1(1コウ1)1ガフ1(1ゴウ1)1なれる1ならす1あなどる1もてあそぶ1,
狐,,326,,105,5,8,+42230+,/hu2,1コ1ゴ1きつね1,
狒,,326,,105,5,8,+45227+,/fei4,1ヒ1ビ1ひひ1,
狓,,326,,105,5,8,+44247+,/pi1,1ヒ1,
狖,,326,,105,5,8,+43282+,/yu4,1イウ1(1ユウ1)1ユ1,
狗,,326,,105,5,8,+47220+,/gou3,1コウ1ク1いぬ1,
狙,,326,,105,5,8,+47210+,/ju1,1シヨ1(1ショ1)1ソ1さる1ねらふ1(1ね/らう1),
狚,,326,,105,5,8,+46210+,/dan4,1タン1,
狱,獄,,329,105,5,9,+43284+,/yu4,1ギヨク1(1ギョク1)1ゴク1ひとや1,
狝,獮,,329,105,5,8,+47292+,/xian3,1セン1かり1かる1ころす1,
狞,獰,,329,105,5,8,+43221+,/ning2,1ダウ1(1ドウ1)1ニヤウ1(1ニョウ1),
狐,,326,,105,6,9,+42230+,/hu2,1コ1ゴ1きつね1,
狠(1),,326,,105,6,9,+47232+,/wan2,1グワン1(1ガン1)1ゲン1,
狠(2),很,326,160,105,6,9,+47232+,/gen3,1コン1かむ1ねぢける1(1ねじける1)1はなはだ1もとる1,
狡,,326,,105,6,9,+40248+,/jiao3,1カウ1(1コウ1)1ケウ1(1キョウ1)1くるふ1(1くるう1)1すばやい1ずるい1わるがしこい1,
狨,,326,,105,6,9,+43250+,/rong2,1ジユウ1(1ジュウ1)1ニユ1(1ニュ1),
狩,,327,,105,6,9,+43242+,/shou4,1シウ1(1シュウ1)1シユ1(1シュ1)1かり1かる1,
狭,狹,,327,105,6,9,+45230+,/xia2,1カフ1(1コウ1)1ガフ1(1ゴウ1)1ケフ1(1キョウ1)1せまい1せばめる1せばまる1さ1,
狰,猙,,327,105,6,9,+47257+,/zheng1,1サウ1(1ソウ1)1シヤウ1(1ショウ1),
狮,獅,,329,105,6,9,+41227+,/shi1,1シ1しし1,
狯,獪,,329,105,6,9,+48232+,/kuai4,1クワイ1(1カイ1)1ケ1ずるい1わるがしこい1,
狥,徇,330,160,105,6,9,+47220+,/xun4,1シユン1(1シュン1)1ジユン(1ジュン1)1したがふ1(1したがう1)1めぐる1となへる1(1となえる1)1あまねし1はやい1しむ1,
独,獨,330,329,105,6,9,+45236+,/du2,1トク1ドク1ひとり1,
狴,犴,327,325,105,7,10,+41214+42214+,/bi4,1ヘイ1ハイ1,
狷,,327,,105,7,10,+46227+,/juan4,1ケン1かたいじ1せまい1,
狸,貍,327,529,105,7,10,+46214+,/li2,1リ1たぬき1ねこ1むじな1,
狹,,327,,105,7,10,+44238+,/xia2,1カフ1(1コウ1)1ガフ1(1ゴウ1)1ケフ1(1キョウ1)1せまい1せばめる1せばまる1さ1,
狺,,327,,105,7,10,+40261+,/yin2,1ギン1ゴン1,
狻,,327,,105,7,10,+43247+,/suan1,1サン1,
狼,,327,,105,7,10,+43232+,/lang2,1ラウ1(1ロウ1)1おほかみ1(1おおかみ1)1みだれる1,
狽,,327,,105,7,10,+46280+,/bei4,1ハイ1バイ1,
猁,猞,327,328,105,7,10,+42200+,/li4,1リ1,
猃,玁,,330,105,7,10,+48219+,/xian3,1ケン1,
猂,悍,330,171,105,7,10,+46241+,/han4,1カン1ガン1あらい1つよい1あらあらしい1,
猊,狻,327,327,105,8,11,+47217+,/ni2,1ゲイ1ガイ1しし1,
猓,,327,,105,8,11,+46294+,/guo3,1クワ1(1カ1),
猖,,327,,105,8,11,+46260+,/chang1,1シヤウ1(1ショウ1),
猗,,327,,105,8,11,+44221+,/yi1,1イ1ああ1うつくしい1たをやか1(1たおやか1)1うるはしい1(1うるわしい1)1なよやか1しごく1よる1,
猘,,327,,105,8,11,+42200+,/zhi4,1セイ1キ1あらい1,
猙,,327,,105,8,11,+42257+,/zheng1,1サウ1(1ソウ1)1シヤウ1(1ショウ1),
猛,,327,,105,8,11,+47217+,/meng3,1バウ1(1ボウ1)1ミヤウ1(1ミョウ1)1モウ1たける1たけし1たけだけしい1はげしい1,
猜,,328,,105,8,11,+45227+,/cai1,1サイ1そねむ1ねたむ1うたがふ1(1うたがう1),
猝,,328,,105,8,11,+40248+,/cu4,1ソツ1ソチ1にはか1(1にわか1)1すみやか1はやい1,
猞,,328,,105,8,11,+48264+,/she4,1シヤ1(1シャ1),
猟,獵,,330,105,8,11,+42217+,/lie4,1レフ1(1リョウ1)1かる1かり1あさる1,
猕,獼,,330,105,8,11,+47292+,/mi2,1ビ1ミ1おほざる1(1おおざる1)1さる1,
猢,,328,,105,9,12,+47220+,/hu2,1コ1,
猥,,328,,105,9,12,+46232+,/wei3,1ワイ1ヱ1(1エ1)1みだら1みだり1みだりに1みだれる1,
猨,猿,328,329,105,9,12,+42247+,/yuan2,1ヱン1(1エン1)1ヲン1(1オン1)1さる1,
猩,,328,,105,9,12,+46214+,/xing1,1セイ1シヤウ1(1ショウ1)1あかいろ1,
猱,,328,,105,9,12,+47294+,/nao2,1ダウ1(1ドウ1)1ナウ1(1ノウ1)1ジウ1(1ジュウ1)1ニユ1(1ニュ1)1さる1,
猴,猿,328,329,105,9,12,+47234+,/hou2,1コウ1ク1さる1ましら1,
猶,,328,,105,9,12,+48261+,/you2,1イウ1(1ユウ1)1ユ1さる1なほ1(1なお1)1ごとし1,
猷,,328,,105,9,13,+83634+,/you2,1イウ1(1ユウ1)1ユ1はかる1はかりごと1みち1,
猪,豬,328,528,105,9,12,+44260+,/zhu1,1チヨ1(1チョ1)1ゐ1(1い1)1ゐのしし1(1いのしし1),
猫,貓,328,529,105,9,12,+44260+,/mao1,1ベウ1(1ビョウ1)1メウ1(1ミョウ1)1ねこ1,
献,獻,330,330,105,9,12,+43234+,/xian4,1ケン1コン1たてまつる1ささげる1,
猬,蝟,330,489,105,9,12,+46227+,/wei4,1ヰ1(1イ1)1はりねずみ1むらがる1,
猺,,328,,105,10,13,+47272+,/yao2,1エウ1(1ヨウ1),
猻,猢,328,328,105,10,13,+42293+,/sun1,1ソン1,
猾,,328,,105,10,13,+47227+,/hua2,1クワツ1(1カツ1)1クワチ1(1カチ1)1みだす1みだれる1わるがしこい1,
猿,猨,329,328,105,10,13,+44232+,/yuan2,1ヱン1(1エン1)1ヲン1(1オン1)1さる1ましら1,
獀,,329,,105,10,13,+47247+,/sou1,1シウ1(1シュウ1)1シユ1(1シュ1)1ソウ1ス1,
獃,,329,,105,10,14,+23134+,/ai2/dai1,1ガイ1,
獄,,329,,105,10,14,+43234+,/yu4,1ギヨク1(1ギョク1)1ゴク1ひとや1,
獅,師,329,144,105,10,13,+41227+,/shi1,1シ1しし1,
獉,榛,330,256,105,10,13,+45294+,/zhen1,1シン1ジン1はしばみ1はりのき1はり1くさむら1,
獍,,329,,105,11,14,+40216+,/jing4,1ケイ1キヤウ1(1キョウ1),
獎,奬,329,105,105,11,15,+27434+,/jiang3,1シヤウ1(1ショウ1)1サウ1(1ソウ1)1すすめる1たすける1,
獒,,329,,105,11,15,+58804+,/ao2,1ガウ1(1ゴウ1),
獐,麞,330,647,105,11,25,+40246+,/zhang1,1シヤウ1(1ショウ1)1サウ1(1ソウ1)1くじか1のろ1,
獗,,329,,105,12,15,+51082+,/jue2,1ケツ1クワツ1(1カツ1)1くるふ1(1くるう1)1たける1,
獘,,329,,105,12,16,+98430+,/bi4,1ヘイ1ベイ1,
獞,,329,,105,12,15,+40214+,/tong2,1トウ1ドウ1,
獠,,329,,105,12,15,+44296+,/liao2,1ラウ1(1ロウ1)1レウ1(1リョウ1),
獣,獸,,330,105,12,16,+33634+,/shou4,1シウ1(1シュウ1)1シユ1(1シュ1)1ジウ1(1ジュウ1)1けもの1けだもの1,
獨,,329,,105,13,16,+46227+,/du2,1トク1ドク1ひとり1,
獧,狷,329,327,105,13,16,+46232+,/juan4,1ケン1,
獪,,329,,105,13,16,+48266+,/kuai4,1クワイ1(1カイ1)1ケ1ずるい1わるがしこい1,
獬,,329,,105,13,16,+47252+,/xie4,1カイ1ゲ1,
獭,獺,,330,105,13,16,+47282+,/ta4/ta3,1タツ1タチ1ダツ1かはうそ1(1かわうそ1),
獫,玁,,330,105,13,16,+48286+,/xian3,1ケン1,
獮,,329,,105,14,17,+41227+,/xian3,1セン1かり1かる1ころす1,
獯,,329,,105,14,17,+42231+,/xun1,1クン1,
獰,猙,329,327,105,14,17,+43221+,/ning2,1ダウ1(1ドウ1)1ニヤウ1(1ニョウ1),
獲,,330,,105,14,17,+44247+,/huo4,1クワク1(1カク1)1ワク1える1,
獵,,330,,105,15,18,+42216+,/lie4,1レフ1(1リョウ1)1かる1かり1あさる1,
獷,,330,,105,15,18,+40286+,/guang3,1クワウ1(1コウ1)1あらいぬ1あらあらしい1あらい1,
獸,,330,,105,15,19,+63634+,/shou4,1シウ1(1シュウ1)1シユ1(1シュ1)1ジウ1(1ジュウ1)1けもの1けだもの1,
獺,,330,,105,16,19,+47286+,/ta4/ta3,1タツ1タチ1ダツ1かはうそ1(1かわうそ1),
獻,,330,,105,16,20,+23234+,/xian4,1ケン1コン1たてまつる1ささげる1,
獼,,330,,105,17,20,+41227+,/mi2,1ビ1ミ1おほざる1(1おおざる1)1さる1,
獾,貛,330,529,105,18,21,+44214+,/huan1,1クワン1(1カン1)1グワン1(1ガン1)1まみ1,
玁,,330,,105,20,23,+46248+,/xian3,1ケン1,
玄,,331,,117,0,5,+00732+,/xuan2,1ケン1ゲン1くろ1くろい1くらい1,
玅,妙,331,107,117,4,9,+09720+,/miao4,1ベウ1(1ビョウ1)1メウ1(1ミョウ1)1たへ1(1たえ1)1わかい1,
玆(1),茲,331,455,117,5,10,+00732+,/zi1,1シ1ジ1しげる1ますます1とし1ここ1ここに1これ1この1すなはち1(1すなわち1),
玆(2),茲,331,455,117,5,10,+00732+,/ci2,1シ1ジ1,
率(1),,331,,117,6,11,+00403+,/shuo4,1シユツ1(1シュツ1)1シユチ1(1シュチ1)1ソツ1したがふ1(1したがう1)1ひきゐる1(1ひきいる1),
率(2),帥,331,143,117,6,11,+00403+,/shuai4,1スヰ1(1スイ1)1をさ1(1おさ1)1かしら1,
率(3),,331,,117,6,11,+00403+,/lv4,1リツ1わりあひ1(1わりあい1),
玉,,331,,118,0,5,+10103+,/yu4,1ギヨク1(1ギョク1)1ゴク1たま1,
王(1),,331,,118,0,4,+10104+,/wang2,1ワウ1(1オウ1)1きみ1,
王(2),,331,,118,0,4,+10104+,/wang4,1ワウ1(1オウ1),
玑,璣,,337,118,2,6,+17110+,/ji1,1キ1ケ1ギ1たま1,
玕,,331,,118,3,7,+11140+,/gan1,1カン1,
玖,,331,,118,3,7,+17180+,/jiu3,1キウ1(1キュウ1)1ク1,
玗,,332,,118,3,7,+11140+,/yu2,1ウ1,
玛,瑪,,336,118,3,7,+17127+,/ma3,1バ1メ1,
玙,璵,,337,118,3,7,+11127+,/yu2,1ヨ1,
玞,砆,332,370,118,4,8,+15130+,/fu1,1フ1,
玦,,332,,118,4,8,+15130+,/jue2,1ケツ1ケチ1ゆがけ1,
玨,,332,,118,4,8,+11114+,/jue2,1カク1,
玩,,332,,118,4,8,+11111+,/wan4/wan2,1グワン1(1ガン1)1もてあそぶ1あぢはふ1(1あじわう1),
玫,,332,,118,4,8,+18140+,/mei2,1バイ1マイ1,
玱,瑲,,336,118,4,8,+18112+,/qiang1,1シヤウ1(1ショウ1)1サウ1(1ソウ1),
环,環,,337,118,4,8,+11190+,/huan2,1クワン1(1カン1)1ゲン1たまき1わ1めぐる1めぐらす1まはる1(1まわる1),
玟,珉,338,332,118,4,8,+10140+,/min2,1ビン1ミン1,
现,現見,,333509,118,4,8,+17112+,/xian4,1ケン1ゲン1あらはす1(1あらわす1)1あらはれる1(1あらわれる1)1うつつ1,
玲,,332,,118,5,9,+18137+,/ling2,1レイ1リヤウ1(1リョウ1),
玳,,332,,118,5,9,+13140+,/dai4,1タイ1ダイ1,
玷,,332,,118,5,9,+11160+,/dian4,1テン1かける1きず1,
玻,,332,,118,5,9,+14147+,/bo1,1ハ1,
珀,,332,,118,5,9,+16100+,/po4,1ハク1ヒヤク1(1ヒャク1),
珂,,332,,118,5,9,+11120+,/ke1,1カ1,
珉,,332,,118,5,9,+17147+,/min2,1ビン1ミン1,
珊,,332,,118,5,9,+17140+,/shan1,1サン1さんち1,
珍,,333,,118,5,9,+18122+,/zhen1,1チン1めづらしい1(1めずらしい1),
珎,珍,,333,118,5,9,+17192+,/zhen1,1チン1めづらしい1(1めずらしい1),
莹,瑩,,336,118,5,10,+44103+,/ying2,1エイ1ヤウ1(1ヨウ1)1ひかり1あきらか1つややか1みがく1,
玺,璽,,337,118,5,10,+27103+,/xi3,1シ1ジ1しるし1,
珑,瓏,,338,118,5,9,+13114+,/long2,1ロウ1ル1,
珐,琺,338,335,118,5,9,+14131+,/fa3,1ハフ1(1ホウ1),
珙,,333,,118,6,10,+14181+,/gong3,1キヨウ1(1キョウ1)1ク1,
珞,,333,,118,6,10,+17164+,/luo4,1ラク1,
珠,,333,,118,6,10,+15190+,/zhu1,1シユ1(1シュ1)1ジユ1(1ジュ1)1たま1,
珥,,333,,118,6,10,+11140+,/er3,1ジ1ニ1みみだま1つば1さしはさむ1,
珧,,333,,118,6,10,+12113+,/yao2,1エウ1(1ヨウ1),
珩,,333,,118,6,10,+11121+,/heng2,1カウ1(1コウ1)1キヤウ1(1キョウ1),
班,,333,,118,6,10,+11114+,/ban1,1ハン1ヘン1わける1わかつ1しく1かへす1(1かえす1)かへる1(1かえる1),
珪,圭,333,088,118,6,10,+14114+,/gui1,1ケイ1ケ1かど1かどだつ1たま1,
珲,琿,,336,118,6,10,+17154+,/hun2,1コン1ゴン1,
珰,璫,,337,118,6,10,+59077+,/dang1,1タウ1(1トウ1)1たま1みみだま1,
珱,瓔,,338,118,6,10,+19144+,/ying1,1エイ1ヤウ1(1ヨウ1)1アウ1(1オウ1)1くびかざり1,
珮,佩,338,017,118,6,10,+17110+,/pei4,1ハイ1ベ1おびる1おびだま1はく1,
現,見,333,509,118,7,11,+16110+,/xian4,1ケン1ゲン1あらはす1(1あらわす1)1あらはれる1(1あらわれる1)1うつつ1,
球,,333,,118,7,11,+13132+,/qiu2,1キウ1(1キュウ1)1グ1たま1,
琅,,333,,118,7,11,+13132+,/lang2,1ラウ1(1ロウ1),
理,,333,,118,7,11,+16114+,/li3,1リ1ことわり1をさまる1(1おさまる1)1をさめる1(1おさめる1)1さとる1すぢ1(1すじ1)1きめ1,
琇,,334,,118,7,11,+12127+,/xiu4,1シウ1(1シュウ1)1シユ1(1シュ1),
琉,,334,,118,7,11,+10113+,/liu2,1リウ1(1リュウ1)1ル1,
琊,邪,334,564,118,7,11,+17127+,/ye2,1ヤ1エ1,
琐,瑣,,336,118,7,11,+19182+,/suo3,1サ1くさり1ちいさい1つらなる1わづらはしい1(1わずらわしい1),
琏,璉,,337,118,7,11,+14135+,/lian3,1レン1,
琖,,334,,118,8,12,+13153+,/zhan3,1サン1セン1,
琚,,334,,118,8,12,+17164+,/ju1,1キヨ1(1キョ1)1コ1,
琛,,334,,118,8,12,+17194+,/zhen1,1チン1シン1,
琢,,334,,118,8,12,+11132+,/zhuo2,1タク1チヨク1(1チョク1)1みがく1たたく1えらぶ1,
琤,,334,,118,8,12,+12157+,/zheng1,1サウ1(1ソウ1)1シヤウ1(1ショウ1),
琥,,334,,118,8,12,+11117+,/hu3,1コ1ク1,
琦,,334,,118,8,12,+14121+,/qi2,1キ1ギ1すぐれた1めづらしい1(1めずらしい1),
琨,,334,,118,8,12,+16111+,/kun1,1コン1,
琪,,334,,118,8,12,+14181+,/qi2,1キ1ギ1,
琬,,334,,118,8,12,+13112+,/wan3,1ヱン1(1エン1)1ヲン1(1オン1),
琮,,335,,118,8,12,+13191+,/cong2,1ソウ1ス1,
琯,,335,,118,8,12,+13177+,/guan3,1クワン1(1カン1),
琰,,335,,118,8,12,+19189+,/yan3,1エン1,
琺,,335,,118,8,12,+14131+,/fa3,1ハフ1(1ホウ1),
琲,,335,,118,8,12,+11111+,/pei4,1ハイ1ベ1つらぬく1,
琳,,335,,118,8,12,+14190+,/lin2,1リン1,
琴,,335,,118,8,12,+11207+,/qin2,1キン1ゴン1こと1,
琵,,335,,118,8,12,+11711+11712+,/pi2,1ヒ1ビ1,
珷,玞,335,332,118,8,12,+13140+,/wu3,1ブ1ム1,
琶,琵,335,335,118,8,12,+11717+,/pa2,1ハ1ベ1,
琼,瓊,,338,118,8,12,+10196+,/qiong2,1ケイ1キヤウ1(1キョウ1)1たま1に1うつくしい1,
璎,瓔,,338,118,8,12,+17144+,/ying1,1エイ1ヤウ1(1ヨウ1)1アウ1(1オウ1)1くびかざり1,
琹,琴,338,335,118,8,12,+11904+,/qin2,1キン1ゴン1こと1,
瑀,,335,,118,9,13,+12127+,/yu3,1ウ1,
瑁(1),,335,,118,9,13,+16160+,/mao4,1バウ1(1ボウ1)1マウ1(1モウ1),
瑁(2),玳,335,332,118,9,13,+16160+,/mei4,1バイ1マイ1,
瑋,瑰,335,336,118,9,13,+14156+,/wei3,1ヰ1(1イ1),
瑑,,335,,118,9,13,+17132+,/zhuan4,1テン1デン1,
瑕,,335,,118,9,13,+17147+,/xia2,1カ1ゲ1きず1とが1あやまち1なんぞ1,
瑗,,335,,118,9,13,+12147+,/yuan4,1エン1,
瑙,瑪,335,336,118,9,13,+12163+,/nao3,1ダウ1(1ドウ1)1ナウ1(1ノウ1),
瑚,珊,335,332,118,9,13,+17120+,/hu2,1コ1ゴ1,
瑛,,336,,118,9,13,+14134+,/ying1,1エイ1ヤウ1(1ヨウ1),
瑜,,336,,118,9,13,+18121+,/yu2,1ユ1,
瑞,,336,,118,9,13,+12127+,/rui4/shui4,1スヰ1(1スイ1)1ズヰ1(1ズイ1)1しるし1めでたい1みづ1(1みず1),
瑟,,336,,118,9,13,+11331+,/se4/she4,1シツ1シチ1おほごと1(1おおごと1),
琿,,336,,118,9,13,+17156+,/hun2,1コン1ゴン1,
瑄,,336,,118,9,13,+13116+,/xuan1,1セン1,
瑶,瑤,,336,118,9,13,+17172+,/yao2,1エウ1(1ヨウ1)1たま1うつくしい1,
瑉,珉,338,332,118,9,13,+17164+,/min2,1ビン1ミン1,
瑇,玳,338,332,118,9,13,+15157+,/dai4,1タイ1ダイ1,
瑣,鎖,336,585,118,10,14,+19186+,/suo3,1サ1くさり1ちいさい1つらなる1わづらはしい1(1わずらわしい1),
瑤,,336,,118,10,14,+17172+,/yao2,1エウ1(1ヨウ1)1たま1うつくしい1,
瑩,,336,,118,10,15,+99103+,/ying2,1エイ1ヤウ1(1ヨウ1)1ひかり1あきらか1つややか1みがく1,
瑪,瑙,336,335,118,10,14,+11127+,/ma3,1バ1メ1,
瑯,琅,336,333,118,10,14,+17127+,/lang2,1ラウ1(1ロウ1),
瑱(1),,336,,118,10,14,+11181+,/dian4,1テン1みみだま1,
瑱(2),,336,,118,10,14,+11181+,/zhen4,1チン1,
瑲,,336,,118,10,14,+18167+,/qiang1,1シヤウ1(1ショウ1)1サウ1(1ソウ1),
瑳,,336,,118,10,14,+18111+,/cuo3,1サ1みがく1,
瑰,玫,336,332,118,10,14,+16113+,/gui1,1クワイ1(1カイ1)1ケ1ヱ1(1エ1)1おほきい1(1おおきい1)1すぐれる1めづらしい1(1めずらしい1),
瑽,,336,,118,11,15,+18181+,/cong1,1シヨウ1(1ショウ1)1ス1,
瑾,,336,,118,11,15,+14114+,/jin3/jin4,1キン1ゴン1,
璀,,336,,118,11,15,+12114+,/cui3,1サイ1セ1,
璃,琉,337,334,118,11,15,+10127+,/li2,1リ1,
璆,球,337,333,118,11,15,+17122+,/qiu2,1キウ1(1キュウ1)1グ1イウ1(1ユウ1)1ユ1たま1,
璇,,337,,118,11,15,+18181+,/xuan2,1セン1ゼン1たま1,
璈,,337,,118,11,15,+18140+,/ao2,1ガウ1(1ゴウ1),
璉,瑚,337,332,118,11,15,+15130+,/lian3,1レン1,
璋,,337,,118,11,15,+10146+,/zhang1,1シヤウ1(1ショウ1)1たま1ひしやく1(1ひしゃく1),
璅,瑣,338,336,118,11,15,+12194+,/suo3,1サ1くさり1ちいさい1つらなる1わづらはしい1(1わずらわしい1),
璜,,337,,118,12,16,+14186+,/huang2,1クワウ1(1コウ1)1ワウ1(1オウ1),
璞,,337,,118,12,16,+12134+,/pu2,1ハク1ホク1あらたま1,
璠,璵,337,337,118,12,16,+12169+,/fan2,1ハン1ホン1,
璣,,337,,118,12,16,+12153+,/ji1,1キ1ケ1ギ1たま1,
璢,琉,338,334,118,12,16,+11167+,/liu2,1リウ1(1リュウ1)1ル1,
璧,,337,,118,13,18,+70103+,/bi4,1ヘキ1たま1,
璨,璀,337,336,118,13,17,+17194+,/can4,1サン1,
璫,,337,,118,13,17,+19166+,/dang1,1タウ1(1トウ1)1たま1みみだま1,
環,,337,,118,13,17,+16132+,/huan2,1クワン1(1カン1)1ゲン1たまき1わ1めぐる1めぐらす1まはる1(1まわる1),
璐,,337,,118,13,17,+17164+,/lu4,1ロ1,
璩,,337,,118,13,17,+11132+,/ju2,1キヨ1(1キョ1),
璵,璠,337,337,118,14,18,+17181+,/yu2,1ヨ1,
璽,,337,,118,14,19,+10103+,/xi3,1シ1ジ1しるし1,
璿,璇,337,337,118,14,18,+11168+,/xuan2,1セン1ゼン1,
瓀,,338,,118,14,18,+11127+,/ruan2/ruan3,1ゼン1ネン1,
瓊,,338,,118,15,19,+17147+,/qiong2,1ケイ1キヤウ1(1キョウ1)1たま1に1うつくしい1,
瓉,瓚,,338,118,15,19,+15186+,/zan4,1サン1ザン1,
瓈,璃,338,337,118,15,19,+17132+,/li2,1リ1,
瓌,瑰,338,332,118,16,20,+10132+,/gui1,1クワイ1(1カイ1)1ケ1ヱ1(1エ1)1おほきい1(1おおきい1)1すぐれる1めづらしい1(1めずらしい1),
瓏,玲,338,332,118,16,20,+11111+,/long2,1ロウ1ル1,
瓒,瓚,,338,118,16,20,+14182+,/zan4,1サン1ザン1,
瓔,珞,338,333,118,17,21,+16144+,/ying1,1エイ1ヤウ1(1ヨウ1)1アウ1(1オウ1)1くびかざり1,
瓚,,338,,118,19,23,+14186+,/zan4,1サン1ザン1,
瓜,,338,,119,0,6,+72230+,/gua1,1クワ1(1カ1)1ケ1うり1,
瓞,,338,,119,5,10,+75233+,/die2,1テツ1デチ1,
瓠(1),,338,,119,6,11,+42230+,/hu4,1コ1ゴ1ひさご1ふくべ1,
瓠(2),,338,,119,6,11,+42230+,/guo1,1クワク1(1カク1),
瓢,,338,,119,11,16,+12930+,/piao2,1ヘウ1(1ヒョウ1)1ベウ1(1ビョウ1)1ひさご1ふくべ1,
瓣,,339,,119,14,19,+00441+,/ban4,1ヘン1ベン1かんむり1わける1わかつ1わきまへる1(1わきまえる1)1うりのなかご1さね1はなびら1,
瓤,,339,,119,17,22,+02730+,/rang2,1ジヤウ1(1ジョウ1)1ニヤウ1(1ニョウ1),
瓦,,339,,120,0,5,+10717+,/wa3,1グワ1(1ガ1)1ゲ1ガ1かはら1(1かわら1),
瓯,甌,,339,120,4,8,+71717+,/ou1,1オウ1ウ1ほとぎ1かめ1はち1,
瓴,,339,,120,5,10,+81317+,/ling2,1レイ1リヤウ1(1リョウ1),
21477,盌,340,356,120,5,10,+27717+,/wan3,1ワン1こばち1はち1,
21474,盎,340,356,120,5,10,+50717+,/ang4,1アウ1(1オウ1)1はち1ほとぎ1みちあふれる1,
瓷,,339,,120,6,11,+37717+,/ci2,1シ1ジ1いしやき1かめ1,
瓶,甁,340,339,120,6,11,+81417+,/ping2,1ヘイ1ビヤウ1(1ビョウ1)1かめ1びん1,
瓻,,339,,120,7,12,+41217+,/chi1,1チ1,
瓿,,339,,120,8,13,+01617+,/pou3,1ホウ1ブ1フ1ホ1かめ1,
甁,,339,,120,8,13,+81417+,/ping2,1ヘイ1ビヤウ1(1ビョウ1)1かめ1びん1,
甃,,339,,120,9,14,+29717+,/zhou4,1シウ1(1シュウ1)1シユ1(1シュ1)1いしだたみ1しきがはら1(1しきがわら1),
甄,,339,,120,9,14,+11117+,/zhen1,1シン1ケン1しらべる1つくる1みわける1すえ1,
甆,瓷,340,339,120,10,15,+44717+,/ci2,1シ1ジ1いしやき1かめ1,
甌,,339,,120,11,16,+71717+,/ou1,1オウ1ウ1ほとぎ1かめ1はち1,
甍,,340,,120,11,16,+44717+,/meng2,1バウ1(1ボウ1)1ミヤウ1(1ミョウ1)1いらか1,
甎,塼,340,099,120,11,16,+51317+,/zhuan1,1セン1かはら1(1かわら1)1しきがはら1(1しきがわら1),
甑,,340,,120,12,17,+81617+,/zeng4,1シヨウ1(1ショウ1)1ソウ1ジヨウ1(1ジョウ1)1こしき1,
甒,,340,,120,12,17,+81317+,/wu3,1ブ1ム1,
甓,,340,,120,13,18,+70717+,/bi4,1ヘキ1ビヤク1(1ビャク1)1かはら1(1かわら1)1しきがはら1(1しきがわら1),
甕,,340,,120,13,18,+00717+,/weng4,1ヲウ1(1オウ1)1ウ1かめ1みか1もたい1,
甖,罌,340,418,120,14,19,+66717+,/ying1,1アウ1(1オウ1)1ヤウ1(1ヨウ1)1かめ1もたい1,
甗,,340,,120,16,21,+21217+,/yan3,1ゲン1ケン1,
甘,,340,,121,0,5,+44770+,/gan1,1カン1あまい1あまえる1あまやかす1あまんじる1うまい1,
甚(1),,340,,121,4,9,+44711+,/shen4,1シン1ジン1はなはだ1はなはだしい1,
甚(2),什,340,011,121,4,9,+44711+,/shen2,1シン1ジン1ソ1,
甜,,340,,121,6,11,+24670+,/tian2,1テン1デン1あまい1うまい1,
生,,340,,122,0,5,+25100+,/sheng1,1セイ1シヤウ1(1ショウ1)1いきる1いかす1いける1うまれる1うむ1おう1はえる1はやす1き1なま1うぶ1なる1なす1いのち1,
甡,,341,,122,5,10,+25110+,/shen1,1シン1,
產,,341,,122,6,11,+00214+,/chan3,1サン1セン1うむ1うまれる1うぶ1,
産,產,,341,122,6,11,+00214+,/chan3,1サン1セン1うむ1うまれる1うぶ1,
甥,,341,,122,7,12,+26127+,/sheng1,1サウ1(1ソウ1)1シヤウ1(1ショウ1)1セイ1,
甦,蘇,341,478,122,7,12,+15501+,/su1,1ソ1ス1よみがへる1(1よみがえる1),
用,,341,,123,0,5,+77220+,/yong4,1ヨウ1ユ1もちいる1もつて1(1もって1)1はたらき1,
甩,,341,,123,0,5,+77712+,/shuai3,1クワツ1(1カツ1),
甪,,341,,123,1,6,+27220+,/lu4,1ロク1,
甫,,341,,123,2,7,+53227+,/fu3,1フ1ホ1はじめ1おほきい1(1おおきい1)1すけ1,
甬,,341,,123,7,12,+17227+,/yong3,1ヨウ1ユ1,
甯(1),,341,,123,7,12,+30227+,/ning4,1デイ1ニヤウ1(1ニョウ1),
甯(2),寧,341,126,123,7,12,+30227+,/ning2,1デイ1ニヤウ1(1ニョウ1)1ネイ1やすらか1やすい1やすんずる1むしろ1なんぞ1いづくんぞ1(1いずくんぞ1),
田,,341,,124,0,5,+60400+,/tian2,1テン1デン1た1かり1かる1,
由,,342,,124,0,5,+50600+,/you2,1イウ1(1ユウ1)1ユ1よし1よる1より1なほ1(1なお1)1ごとし1,
甲,,342,,124,0,5,+60500+,/jia3,1カフ1(1コウ1)1カン1きのえ1かぶと1よろひ1(1よろい1)1つめ1,
申,,342,,124,0,5,+50006+,/shen1,1シン1さる1かさねる1のびる1のべる1まうす1(1もうす1),
男,,342,,124,2,7,+60427+,/nan2,1ダン1ナン1をとこ1(1おとこ1)1をのこ1(1おのこ1),
甸,,342,,124,2,7,+27620+,/dian4,1テン1デン1をさめる1(1おさめる1)1かり1かる1,
町,,342,,124,2,7,+61020+,/ting3,1テイ1チヤウ1(1チョウ1)1まち1あぜ1あぜみち1,
甿,,342,,124,3,8,+60010+,/meng2,1バウ1(1ボウ1)1ミヤウ1(1ミョウ1),
畀,,342,,124,3,8,+60221+,/bi4,1ヒ1,
画(1),畫,346,344,124,3,8,+10772+,/hua4,1クワイ1(1カイ1)1ヱ1(1エ1)1ゑ1(1え1)1ゑがく1(1えがく1)かく1,
画(2),畫劃,346,344044,124,3,8,+10772+,/huo4,1クワク1(1カク1)1ギヤク1(1ギャク1)1かぎる1はかる1はかりごと1,
畋,,342,,124,4,9,+68040+,/tian2,1テン1デン1かり1かる1たがやす1,
界,,342,,124,4,9,+60228+,/jie4,1カイ1さかひ1(1さかい1),
畎,,343,,124,4,9,+63034+,/quan3,1ケン1みぞ1,
畏,,343,,124,4,9,+60732+,/wei4,1ヰ1(1イ1)1おそれる1おそれ1かしこい1かしこまる1,
畊,耕,346,427,124,4,9,+65000+,/geng1/jing1,1カウ1(1コウ1)1キヤウ1(1キョウ1)1たがやす1,
畆,畝,346,343,124,4,9,+02630+,/mou3/mu3,1ボウ1モ1せ1うね1,
畔,,343,,124,5,10,+69050+,/pan4,1ハン1バン1あぜ1くろ1そむく1ほとり1,
留,畱,343,344,124,5,10,+77602+,/liu2,1リユウ1(1リュウ1)1ル1とめる1とまる1とどめる1とどまる1,
畚,,343,,124,5,10,+23603+,/ben3,1ホン1ふご1いしみ1もつこ1(1もっこ1),
畛,,343,,124,5,10,+68022+,/zhen3,1シン1あぜ1さかひ1(1さかい1),
畜(1),,343,,124,5,10,+00603+,/chu4,1チク1たくはへる1(1たくわえる1)1かふ1(1かう1),
畜(2),,343,,124,5,10,+00603+,/xu4,1キク1チク1やしなふ1(1やしなう1),
畝,,343,,124,5,10,+07680+,/mou3/mu3,1ボウ1モ1せ1うね1,
畞,畝,346,343,124,5,10,+40687+,/mou3/mu3,1ボウ1モ1せ1うね1,
畢,,343,,124,6,11,+60507+,/bi4,1ヒツ1ヒチ1をはる1(1おわる1)1をへる1(1おえる1)1つくす1ことごとく1あみ1,
畤,,343,,124,6,11,+64041+,/zhi4,1シ1ヂ1(1ジ1),
略,,343,,124,6,11,+67064+,/lve4,1リヤク1(1リャク1)1をさめる1(1おさめる1)1はかる1はかりごと1ほぼ1はぶく1をかす1(1おかす1),
畦,,344,,124,6,11,+64014+,/xi1/qi2,1ケイ1ヱ1(1エ1)1ケ1あぜ1うね1くろ1,
02739,卑,346,053,124,6,11,+60400+,/bi1/bei1,1ヒ1いやしい1いやしむ1いやしめる1ひくい1,
畣,答,346,388,124,6,11,+80606+,/da2/da1,1タフ1(1トウ1)1こたへる1(1こたえる1)1こたへ1(1こたえ1),
21856,畱,346,344,124,6,11,+66600+,/liu2,1リユウ1(1リュウ1)1ル1とめる1とまる1とどめる1とどまる1,
畨(1),番,346,344,124,6,11,+90609+,/fan1,1バン1つがひ1(1つがい1)1つがふ1(1つがう1)1つがへる1(1つがえる1),
畨(2),番,346,344,124,6,11,+90609+,/pan1,1ハン1,
番(1),,344,,124,7,12,+20609+,/fan1,1バン1つがひ1(1つがい1)1つがふ1(1つがう1)1つがへる1(1つがえる1),
番(2),,344,,124,7,12,+20609+,/pan1,1ハン1,
畫(1),,344,,124,7,12,+50106+,/hua4,1クワイ1(1カイ1)1ヱ1(1エ1)1ゑ1(1え1)1ゑがく1(1えがく1)かく1,
畫(2),,344,,124,7,12,+50106+,/huo4,1クワク1(1カク1)1ギヤク1(1ギャク1)1かぎる1はかる1はかりごと1,
畬,,344,,124,7,12,+80609+,/yu2,1ヨ1あらた1やきはた1,
畯,,344,,124,7,12,+63047+,/jun4,1シユン1(1シュン1),
異,,344,,124,7,12,+60801+,/yi4,1イ1こと1ことなる1あやしい1あやしむ1,
畱,留,344,343,124,7,12,+10607+,/liu2,1リユウ1(1リュウ1)1ル1とめる1とまる1とどめる1とどまる1,
畴,疇,,345,124,7,12,+65044+,/chou2,1チウ1(1チュウ1)1ヂユ1(1ジュ1)1はたけ1うね1さきに1たぐひ1(1たぐい1)1たれ1だれ1ひとしい1むかし1むくいる1,
畳,疊,,346,124,7,12,+60107+,/die2,1テフ1(1チョウ1)1デフ1(1ジョウ1)1たたむ1たたみ1かさなる1かさねる1,
畮,畝,346,343,124,7,12,+68057+,/mou3/mu3,1ボウ1モ1せ1うね1,
當(1),,345,,124,8,13,+90606+,/dang1,1タウ1(1トウ1)1あたる1あてる1まさに1べし1,
當(2),,345,,124,8,13,+90606+,/dang4,1タウ1(1トウ1)1あたる1,
畷,,345,,124,8,13,+67047+,/zhui4,1テツ1テチ1セツ1セチ1テイ1テ1セイ1セ1なはて1(1なわて1),
畸,,345,,124,8,13,+64021+,/ji1,1キ1あまり1のこり1めずらしい1,
畹,,345,,124,8,13,+63012+,/wan3,1ヱン1(1エン1)1ヲン1(1オン1),
畺,,345,,124,8,13,+10106+,/jiang1,1キヤウ1(1キョウ1)1カウ1(1コウ1)1さかひ1(1さかい1),
畽,,345,,124,9,14,+62014+,/tuan3,1タン1,
畿,,345,,124,10,15,+22653+,/ji1/qi2,1キ1ゲ1みやこ1,
疄,,345,,124,12,17,+69058+,/lin2,1リン1,
疆,,345,,124,14,19,+11116+,/qiang1,1キヤウ1(1キョウ1)1カウ1(1コウ1)1さかひ1(1さかい1)1かぎる1かぎり1,
疇,,345,,124,14,19,+64041+,/chou2,1チウ1(1チュウ1)1ヂユ1(1ジュ1)1はたけ1うね1さきに1たぐひ1(1たぐい1)1たれ1だれ1ひとしい1むかし1むくいる1,
疊,,346,,124,17,22,+60107+,/die2,1テフ1(1チョウ1)1デフ1(1ジョウ1)1たたむ1たたみ1かさなる1かさねる1,
疉,疊,,346,124,17,22,+60107+,/die2,1テフ1(1チョウ1)1デフ1(1ジョウ1)1たたむ1たたみ1かさなる1かさねる1,
疋(1),,346,,125,0,5,+17801+,/shu1,1シヨ1(1ショ1)1ソ1あし1,
疋(2),,346,,125,0,5,+17801+,/ya3,1ガ1ゲ1,
疋(3),,346,,125,0,5,+17801+,/pi3,1ヒツ1ヒチ1ヒキ1,
疏(1),,346,,125,7,12,+10113+,/shu1/su1,1シヨ1(1ショ1)1ソ1とほる1(1とおる1)1あらい1うとい1うとむ1うとんじる1おろそか1まばら1さかん1,
疏(2),,346,,125,7,12,+10113+,/shu1/su1,1シヨ1(1ショ1)1ソ1,
疎(1),疏,,346,125,7,12,+15196+,/shu1/su1,1シヨ1(1ショ1)1ソ1とほる1(1とおる1)1あらい1うとい1うとむ1うとんじる1おろそか1まばら1さかん1,
疎(2),疏,,346,125,7,12,+15196+,/shu1/su1,1シヨ1(1ショ1)1ソ1,
疐,,346,,125,9,14,+40801+,/zhi4,1チ1つまづく1(1つまずく1)1ひきとめる1たふれる1(1たおれる1),
疑,,346,,125,9,14,+27481+,/yi2,1ギ1うたがふ1(1うたがう1)1うたがひ1(1うたがい1)1うたがはしい1(1うたがわしい1),
疒,,347,,126,0,5,+00120+,/chuang2,1ダク1ニヤク1(1ニャク1)1やまひ1やまひだれ1やむ1,
疔,,347,,126,2,7,+00121+,/ding1,1テイ1チヤウ1(1チョウ1)1かさ1できもの1,
疖,癤,,352,126,2,7,+00127+,/jie1,1セツ1セチ1かたね1ねぶと1,
疗,療,,351,126,2,7,+00127+,/liao2,1レウ1(1リョウ1)1いやす1,
疙,,347,,126,3,8,+00117+,/ge1,1キツ1ゴチ1キ1ケ1,
疚,,347,,126,3,8,+00187+00137+,/jiu4,1キウ1(1キュウ1)1ク1なやむ1やむ1やましい1,
疝,,347,,126,3,8,+00172+,/shan4,1サン1セン1,
疠,癘,,352,126,3,8,+00127+,/li4,1レイ1えやみ1ころす1,
疘,肛,353,431,126,3,8,+00111+,/gang1,1カウ1(1コウ1)1しりのあな1はれる1,
疢,,347,,126,4,9,+00189+,/zhen4,1チン1,
疣,,347,,126,4,9,+00114+,/you2,1イウ1(1ユウ1)1ユ1いぼ1,
疤,,347,,126,4,9,+00117+,/ba1,1ハ1,
疥,,347,,126,4,9,+00128+,/jie4,1カイ1ケ1おこり1はたけ1ひぜん1,
疫,痎,347,348,126,4,9,+00147+,/yi4,1エキ1ヤク1えやみ1,
疯,瘋,,350,126,4,9,+00117+,/feng1,1フウ1フ1,
疡,瘍,,350,126,4,9,+00127+,/yang2,1ヤウ1(1ヨウ1)1かさ1できもの1,
疮,瘡,,350,126,4,9,+00112+,/chuang1,1シヤウ1(1ショウ1)1サウ1(1ソウ1)1かさ1きず1,
疭,瘲,,351,126,4,9,+00180+,/zong4,1シヨウ1(1ショウ1)1シユ1(1シュ1),
疬,癧,,352,126,4,9,+00127+,/li4,1レキ1リヤク1(1リャク1),
疲,,347,,126,5,10,+00147+,/pi2,1ヒ1ビ1つかれ1つかれる1つからす1,
疳,,347,,126,5,10,+00175+,/gan1,1カン1,
疴,,347,,126,5,10,+00121+,/ke4/e1,1ア1やまひ1(1やまい1)1ながやみ1ながわづらひ1(1ながわずらい1),
疵,,347,,126,5,10,+00111+,/ci1/ci2,1きず1そしる1やまひ1(1やまい1),
疸,,347,,126,5,10,+00116+,/dan3,1タン1,
疹,,347,,126,5,10,+00122+,/zhen3,1シン1はしか1やむ1やまひ1(1やまい1),
疼,,347,,126,5,10,+00133+00113+,/teng2,1トウ1ヅ1ドウ1いたむ1うづき1(1うずき1)1うづく1(1うずく1),
疽,癰,347,352,126,5,10,+00117+,/ju1,1シヨ1(1ショ1)1ソ1,
疾,,347,,126,5,10,+00134+00184+,/ji2,1シツ1シチ1やまひ1(1やまい1)1やむ1くるしむ1にくむ1はやい1,
痀,,348,,126,5,10,+00127+,/ju1,1ク1グ1,
痁,,348,,126,5,10,+00161+,/dian4,1セン1テン1,
痂,瘡,348,350,126,5,10,+00160+,/jia1,1カ1ケ1かさぶた1,
痃,,348,,126,5,10,+00132+,/xian2,1ケン1ゲン1,
痄,,348,,126,5,10,+00111+,/zha3,1サ1セ1,
病,,348,,126,5,10,+00127+,/bing4,1ヘイ1ビヤウ1(1ビョウ1)1やむ1やまひ1(1やまい1)1うれひ1(1うれい1)1くるしむ1くるしめる1,
症(1),證,348,523,126,5,10,+00111+,/zheng4,1シヤウ1(1ショウ1)1セイ1しるし1,
症(2),癥,,352,126,5,10,+00111+,/zheng1,1チヨウ1(1チョウ1),
疰,,348,,126,5,10,+00114+,/zhu4,1シユ1(1シュ1)1チユ1(1チュ1),
痉,痙,,348,126,5,10,+00112+,/jing4,1ケイ1ギヤウ1(1ギョウ1)1ひきつる1ひきつけ1,
痈,癰,,352,126,5,10,+00127+,/yong1,1ヨウ1ユ1はれもの1,
疿(1),痱,353,349,126,5,10,+00127+,/fei4,1ヒ1ビ1ハイ1バイ1,
疿(2),痱,353,349,126,5,10,+00127+,/fei4,1ヒ1ビ1,
痊,,348,,126,6,11,+00114+,/quan2,1セン1いえる1いやす1,
痌,,348,,126,6,11,+00127+,/tong1,1トウ1,
痍,,348,,126,6,11,+00132+00182+,/yi2,1イ1きず1きずつく1きずつける1,
痎,,348,,126,6,11,+00182+,/jie1,1カイ1おこり1,
痏,,348,,126,6,11,+00127+,/wei3,1ヰ1(1イ1),
痒,癢,348,352,126,6,11,+00151+,/yang2,1シヤウ1(1ショウ1)1サウ1(1ソウ1)1かさ1かゆい1やまい1やむ1,
痔,,348,,126,6,11,+00141+,/zhi4,1チ1ヂ1(1ジ1)1しもがさ1,
痕,,348,,126,6,11,+00132+,/hen2,1コン1ゴン1あと1,
痘,,348,,126,7,12,+00118+,/dou4,1トウ1ヅ1(1ズ1)1もがさ1,
痙,,348,,126,7,12,+00111+,/jing4,1ケイ1ギヤウ1(1ギョウ1)1ひきつる1ひきつけ1,
痛,,349,,126,7,12,+00127+,/tong4,1トウ1ツ1ツウ1いたい1いたく1いたみ1いたむ1いためる1いたはしい1(1いたわしい1),
痞,,349,,126,7,12,+00169+,/pi3,1ヒ1ビ1つかへ1(1つかえ1)1つかへる1(1つかえる1),
痠,,349,,126,7,12,+00147+,/suan1,1サン1,
痡,,349,,126,7,12,+00127+,/pu1,1ホ1フ1,
痢,,349,,126,7,12,+00120+,/li4,1リ1はらくだし1,
痣,,349,,126,7,12,+00131+,/zhi4,1シ1ほくろ1あざ1,
痧,,349,,126,7,12,+00129+,/sha1,1サ1シヤ1(1シャ1),
痪,瘓,,350,126,7,12,+00184+,/tuan3/huan4,1タン1,
痩,瘦,,351,126,7,12,+00147+,/shou4,1シウ1(1シュウ1)1シユ1(1シュ1)1サウ1(1ソウ1)1やせる1ほそい1,
痨,癆,,351,126,7,12,+00127+,/lao2,1ラウ1(1ロウ1)1いたむ1かぶれ1,
痫,癇,,352,126,7,12,+00127+,/xian2,1カン1ゲン1ひきつけ1,
痰,,349,,126,8,13,+00189+,/tan2,1タン1ダン1,
痲,,349,,126,8,13,+00114+,/ma2,1バ1マ1しびれる1しびれ1,
痳,淋,349,291,126,8,13,+00194+00114+,/lin2/lin4,1リン1そそぐ1したたる1さびしい1,
痹,,349,,126,8,13,+00146+00121+,/bi4,1ヒ1しびれる1しびれ1,
痼,,349,,126,8,13,+00160+,/gu4,1コ1しこり1ながやみ1ながわづらひ1(1ながわずらい1),
痾,疴,349,347,126,8,13,+00121+,/ke4/e1,1ア1やまひ1(1やまい1)1ながやみ1ながわづらひ1(1ながわずらい1),
痿,痹,349,349,126,8,13,+00144+,/wei3,1ズヰ1(1ズイ1)1ヌヰ1(1ヌイ1)1ヰ1(1イ1)1しびれる1なえる1,
瘀,,349,,126,8,13,+00133+,/yu1,1ヨ1オ1,
痱(1),,349,,126,8,13,+00111+,/fei4,1ヒ1ビ1ハイ1バイ1,
痱(2),,349,,126,8,13,+00111+,/fei4,1ヒ1ビ1,
瘁,,350,,126,8,13,+00148+,/cui4,1スヰ1(1スイ1)1ズヰ1(1ズイ1)1やむ1つかれる1くづれる1(1くずれる1)1やつれる1,
瘃,,350,,126,8,13,+00132+,/zhu4,1チヨク1(1チョク1)1トク1しもやけ1,
痴,癡,350,352,126,8,13,+00160+,/chi1/chi2,1チ1おろか1しれる1たはけ1(1たわけ1),
瘅(1),癉,,351,126,8,13,+00156+,/dan4,1タン1つかれる1,
瘅(2),癉,,351,126,8,13,+00156+,/dan1,1タン1,
瘈,,350,,126,9,14,+00134+00184+,/zhi4,1ケイ1カイ1セイ1くるふ1(1くるう1),
瘉,,350,,126,9,14,+00121+,/yu4,1ユ1ヨ1いえる1いやす1,
瘊,,350,,126,9,14,+00134+00184+,/hou2,1コウ1グ1,
瘋,,350,,126,9,14,+00117+,/feng1,1フウ1フ1,
瘌,癩,350,352,126,9,14,+00120+,/la4,1ラツ1ラチ1,
瘍,,350,,126,9,14,+00127+,/yang2,1ヤウ1(1ヨウ1)1かさ1できもの1,
瘏,,350,,126,9,14,+00164+,/tu2,1ト1ヅ1(1ズ1),
瘝,,350,,126,9,14,+00132+,/guan1,1クワン1(1カン1),
瘐,,350,,126,9,14,+00137+00187+,/yu3,1ユ1,
瘓,,350,,126,9,14,+00134+00184+,/tuan3/huan4,1タン1,
瘕,,350,,126,9,14,+00147+,/jia3,1カ1ケ1きず1,
瘖,,350,,126,9,14,+00161+,/yin1,1イン1オン1,
瘘(1),瘻,,351,126,9,14,+00144+,/lou4,1ロウ1ル1こぶ1はれもの1,
瘘(2),瘻,,351,126,9,14,+00144+,/lv2,1ル1せむし1,
瘛,,350,,126,10,15,+00132+,/chi4,1セイ1セツ1セチ1,
瘞,,350,,126,10,15,+00114+,/yi4,1エイ1アイ1,
瘟,,350,,126,10,15,+00117+,/wen1,1ヲン1(1オン1)1えやみ1はやりやまひ1(1はやりやまい1),
瘠,,350,,126,10,15,+00127+,/ji2,1セキ1ジヤク1(1ジャク1)1やせる1,
瘡,,350,,126,10,15,+00167+,/chuang1,1シヤウ1(1ショウ1)1サウ1(1ソウ1)1かさ1きず1,
瘢,,351,,126,10,15,+00147+,/ban1,1ハン1バン1きず1きずあと1しみ1そばかす1,
瘥(1),,351,,126,10,15,+00111+,/chai4,1サイ1セ1いえる1,
瘥(2),,351,,126,10,15,+00111+,/cuo2,1サ1ザ1シヤ1(1シャ1),
瘦,,351,,126,10,15,+00147+,/shou4,1シウ1(1シュウ1)1シユ1(1シュ1)1サウ1(1ソウ1)1やせる1ほそい1,
瘧,,351,,126,10,15,+00114+,/nve4/yao4,1ギヤク1(1ギャク1)1おこり1,
瘩,疙,351,347,126,10,15,+00161+,/da2,1タフ1(1トウ1),
瘤,癅,,351,126,10,15,+00162+,/liu2,1リウ1(1リュウ1)1ル1こぶ1しこり1,
瘪,癟,,352,126,10,15,+00112+,/bie3/bi4,1ベツ1ヒツ1,
瘫,癱,,352,126,10,15,+00115+,/tan1,1タン1,
瘭,,351,,126,11,16,+00191+,/piao4,1ヘウ1(1ヒョウ1),
瘰,,351,,126,11,16,+00193+,/luo3,1ライ1ルヰ1(1ルイ1),
瘲,瘛,351,350,126,11,16,+00181+,/zong4,1シヨウ1(1ショウ1)1シユ1(1シュ1),
瘳,,351,,126,11,16,+00122+,/chou1,1チウ1(1チュウ1)1チユ1(1チュ1)1いえる1,
瘴,,351,,126,11,16,+00146+,/zhang4,1シヤウ1(1ショウ1),
瘵,,351,,126,11,16,+00191+,/zhai4,1サイ1,
瘸,,351,,126,11,16,+00127+,/que2,1カ1,
瘻(1),,351,,126,11,16,+00144+,/lou4,1ロウ1ル1こぶ1はれもの1,
瘻(2),,351,,126,11,16,+00144+,/lv2,1ル1せむし1,
瘼,,351,,126,11,16,+00134+00184+,/mo4,1バク1マク1,
瘿,癭,,352,126,11,16,+00144+,/ying3,1エイ1ヤウ1(1ヨウ1)1こぶ1,
療,,351,,126,12,17,+00196+,/liao2,1レウ1(1リョウ1)1いやす1,
癃,,351,,126,12,17,+00114+,/long2,1リユウ1(1リュウ1)1リユ1(1リュ1)1つかれる1やむ1,
癅,,351,,126,12,17,+00167+,/liu2,1リウ1(1リュウ1)1ル1こぶ1しこり1,
癆,,351,,126,12,17,+00127+,/lao2,1ラウ1(1ロウ1)1いたむ1かぶれ1,
癉(1),,351,,126,12,17,+00156+,/dan4,1タン1つかれる1,
癉(2),,351,,126,12,17,+00156+,/dan1,1タン1,
癇,,352,,126,12,17,+00127+,/xian2,1カン1ゲン1ひきつけ1,
癌,,352,,126,12,17,+00172+,/yan2,1ガン1,
癈,廢,353,152,126,12,17,+00147+,/fei4,1ハイ1すたれる1すたる1やめる1,
癖,,352,,126,13,18,+00141+,/pi3,1ヘキ1ヒヤク1(1ヒャク1)1くせ1,
癘,癩,352,352,126,13,18,+00127+,/li4,1レイ1えやみ1ころす1,
癜,,352,,126,13,18,+00147+,/dian4,1テン1デン1なまづ1(1なまず1),
癒,愈,352,174,126,13,18,+00132+00133+,/yu4,1ユ1いえる1いやす1,
癗,,352,,126,13,18,+00163+,/lei3,1ルヰ1(1ルイ1),
癞,癩,,352,126,13,18,+00182+,/lai4,1ライ1,
癣,癬,,352,126,13,18,+00151+,/xian3/xuan3,1セン1たむし1ひぜん1ぜにがさ1,
癟,,352,,126,14,19,+00127+,/bie3/bi4,1ベツ1ヒツ1,
癡,,352,,126,14,19,+00181+,/chi1/chi2,1チ1おろか1たはけ1(1たわけ1)1しれる1,
癤,,352,,126,15,20,+00127+,/jie1,1セツ1セチ1かたね1ねぶと1,
癢,,352,,126,15,20,+00132+,/yang3,1ヤウ1(1ヨウ1)1かゆい1はがゆい1もだえる1,
癥,瘕,352,350,126,15,20,+00148+,/zheng1,1チヨウ1(1チョウ1),
癧,瘰,352,351,126,16,21,+00111+,/li4,1レキ1リヤク1(1リャク1),
癩,癘,352,352,126,16,21,+00186+,/lai4,1ライ1,
癫,癲,,353,126,16,21,+00182+,/dian1,1テン1くるふ1(1くるう1),
癬,,352,,126,17,22,+00151+,/xian3/xuan3,1セン1たむし1ひぜん1ぜにがさ1,
癭,,352,,126,17,22,+00144+,/ying3,1エイ1ヤウ1(1ヨウ1)1こぶ1,
癰,,352,,126,18,23,+00114+,/yong1,1ヨウ1ユ1はれもの1,
癯,臞,352,440,126,18,23,+00114+,/qu2,1ク1グ1,
癱,,352,,126,19,24,+00114+,/tan1,1タン1,
癲,,353,,126,19,24,+00186+,/dian1,1テン1くるふ1(1くるう1),
癶,,353,,127,0,5,+12232+,/bo1,1ハツ1ハチ1そむく1はねる1はつがしら1,
癸,,353,,127,4,9,+12430+,/gui3,1キ1みづのと1(1みずのと1)1はかる1,
発,發,,353,127,4,9,+12415+,/fa1,1ハツ1ホチ1ホツ1はなつ1おこる1おこす1ひらく1あばく1たつ1,
登,,353,,127,7,12,+12108+,/deng1,1トウ1ト1のぼる1のる1みのる1,
發,,353,,127,7,12,+12247+,/fa1,1ハツ1ホチ1ホツ1はなつ1おこる1おこす1ひらく1あばく1たつ1,
白,,353,,128,0,5,+26000+,/bo2/bai2,1ハク1ビヤク1(1ビャク1)1あきらか1しら1しらげる1しらむ1しろ1しろい1せりふ1まうす1(1もうす1),
百,,354,,128,1,6,+10600+,/bo2/bai3,1ヒン1ヒヤク1(1ヒャク1)1もも1ももたび1はげむ1,
皁,,354,,128,2,7,+26400+,/zao4,1サウ1(1ソウ1)1ザウ1(1ゾウ1)1うまや1かひばをけ1(1かいばおけ1)1くろ1くろぎぬ1くろい1しもべ1どんぐり1,
皂,皁,355,354,128,2,7,+26712+,/zao4,1サウ1(1ソウ1)1ザウ1(1ゾウ1)1うまや1かひばをけ1(1かいばおけ1)1くろ1くろぎぬ1くろい1しもべ1どんぐり1,
皃(1),貌,355,529,128,2,7,+26210+,/mao4,1バウ1(1ボウ1)1メウ1(1ミョウ1)1かほ1(1かお1)1かたち1すがた1,
皃(2),貌,355,529,128,2,7,+26210+,/mao4,1バク1マク1かたどる1,
的,,354,,128,3,8,+27620+,/di4/di2/de5,1テキ1チヤク1(1チャク1)1あきらか1まと1,
皆,,354,,128,4,9,+21601+22601+,/jie1,1カイ1ケイ1みな1,
皇,,354,,128,4,9,+26104+,/huang2,1クワウ1(1コウ1)1ワウ1(1オウ1)1きみ1かみ1おほきい1(1おおきい1)1おほい1(1おおい1)1すめらぎ1すべらぎ1すめら1,
皈,歸,354,269,128,4,9,+21647+,/gui1,1キ1おくる1かえす1かえる1とつぐ1,
皋,皐,355,354,128,5,10,+26403+,/gao1,1カウ1(1コウ1)1さは1(1さわ1)1きし1ああ1たかい1さつき1,
皐,,354,,128,6,11,+26401+,/gao1,1カウ1(1コウ1)1さは1(1さわ1)1きし1ああ1たかい1さつき1,
皎,,354,,128,6,11,+20648+,/jiao3,1ケウ1(1キョウ1)1カウ1(1コウ1)1しろい1きよい1あかるい1,
皓,,354,,128,7,12,+24661+,/hao4,1カウ1(1コウ1)1ガウ1(1ゴウ1)1しろい1きよい1ひかる1,
皕,,354,,128,7,12,+11660+,/bi4,1ヒヨク1(1ヒョク1)1ヒキ1,
皖,,354,,128,7,12,+23611+,/wan3/huan3,1クワン1(1カン1)1ゲン1あきらか1,
皙,晳,354,226,128,8,13,+42602+,/xi1,1セキ1シヤク1(1シャク1)1しろい1なつめ1,
皚,,354,,128,10,15,+22618+,/ai2,1ガイ1ギ1ゲ1しろい1,
皛,,355,,128,10,15,+26660+,/yao3,1ケウ1(1キョウ1)1ゲウ1(1ギョウ1)1しろい1,
皜,,355,,128,10,15,+20627+,/hao4,1カウ1(1コウ1)1ガウ1(1ゴウ1)1しろい1,
皡,,355,,128,11,16,+22643+,/hao4,1カウ1(1コウ1)1ガウ1(1ゴウ1)1しろい1,
皤,,355,,128,12,17,+22669+,/po2,1ハ1バ1,
皦,,355,,128,13,18,+28640+,/jiao3,1ケウ1(1キョウ1)1カウ1(1コウ1)1しろい1,
皭,,355,,128,18,23,+22646+,/jiao4,1シヤク1(1シャク1)1ザク1セウ1(1ショウ1),
皮,,355,,129,0,5,+40247+,/pi2,1ヒ1ビ1かは1(1かわ1)1けがは1(1けがわ1)1ひのかは1(1ひのかわ1),
皰,,355,,129,5,10,+47212+,/pao4,1ハウ1(1ホウ1)1ベウ1(1ビョウ1)1にきび1もがさ1,
皱,皺,,355,129,5,10,+24147+,/zhou4,1シウ1(1シュウ1)1ス1しわ1しわむ1,
皲,皸,,355,129,6,11,+34547+,/jun1,1クン1ひび1あかぎれ1,
皴,,355,,129,7,12,+24447+,/cun1,1シユン1(1シュン1)1ひび1あかぎれ1しわ1,
皸,,355,,129,9,14,+34547+,/jun1,1クン1ひび1あかぎれ1,
皷,鼓,355,652,129,9,14,+44147+,/gu3,1コ1ク1つづみ1うつ1つづみうつ1,
皺,,355,,129,10,15,+24447+,/zhou4,1シウ1(1シュウ1)1ス1しわ1しわむ1,
皻,,355,,129,11,16,+24247+,/zha1,1サ1シヤ1(1シャ1),
皿,,355,,130,0,5,+77100+,/min3/ming3,1ベイ1ミヤウ1(1ミョウ1)1さら1,
盂,,355,,130,3,8,+10107+,/yu2,1ウ1はち1わん1,
盃,杯,357,236,130,3,8,+10107+,/bei1,1ハイ1さかづき1(1さかずき1),
盇,盍,357,356,130,3,8,+40107+,/he2,1カフ1(1コウ1)1ガフ1(1ゴウ1)1ふた1あふ1(1あう1)1おほふ1(1おおう1)1なんぞ1ざる1,
盅,,355,,130,4,9,+50107+,/zhong1,1チユウ1(1チュウ1)1ヂユ1(1ジュ1)1むなしい1,
盆,,355,,130,4,9,+80107+,/pen2,1ホン1ボン1はち1,
盈,,356,,130,4,9,+17107+,/ying2,1エイ1ヤウ1(1ヨウ1)1みちる1みたす1あまる1,
益,,356,,130,5,10,+80107+,/yi2/yi4,1エキ1ヤク1ます1ますます1,
盌,,356,,130,5,10,+27710+,/wan3,1ワン1こばち1はち1,
盍,曷,356,230,130,5,10,+40107+,/he2,1カフ1(1コウ1)1ガフ1(1ゴウ1)1ふた1あふ1(1あう1)1おほふ1(1おおう1)1なんぞ1ざる1,
盎,,356,,130,5,10,+50102+,/ang4,1アウ1(1オウ1)1はち1ほとぎ1みちあふれる1,
盏,盞,,356,130,5,10,+53102+,/zhan3,1サン1セン1さかづき1(1さかずき1),
监(1),監,,356,130,5,10,+28102+,/jian1,1カン1ケン1みる1しらべる1かんがみる1,
监(2),監,,356,130,5,10,+28102+,/jian4,1カン1ケン1,
盐,鹽,,646,130,5,10,+43102+,/yan2,1エン1しほ1(1しお1),
盒,,356,,130,6,11,+80107+,/he2,1カフ1(1コウ1)1ガフ1(1ゴウ1)1ふた1さら1ふたもの1,
盔,,356,,130,6,11,+71107+,/kui1,1クワイ1(1カイ1)1ケ1かぶと1,
盗,盜,,356,130,6,11,+37107+,/dao4,1タウ1(1トウ1)1ダウ1(1ドウ1)1ぬすむ1ぬすみ1,
盘,盤,,357,130,6,11,+27102+,/pan2,1ハン1バン1おほざら1(1おおざら1)1たらひ1(1たらい1)1まがる1めぐる1わだかまる1,
盖(1),蓋,357,468,130,6,11,+80107+,/gai4,1カイ1(1ガイ1)1おほふ1(1おおう1)1ふた1かさ1けだし1,
盖(2),蓋,357,468,130,6,11,+80107+,/he2,1カフ1(1コウ1)1なんぞ1ざる1,
盖(3),蓋,357,468,130,6,11,+80107+,/ge3,1カフ1(1コウ1),
盛(1),,356,,130,7,12,+53107+,/cheng2,1セイ1ジヤウ1(1ジョウ1)1もる1,
盛(2),,356,,130,7,12,+53107+,/sheng4,1セイ1ジヤウ1(1ジョウ1)1さかり1さかる1さかん1,
盜,,356,,130,7,12,+37107+,/dao4,1タウ1(1トウ1)1ダウ1(1ドウ1)1ぬすむ1ぬすみ1,
盞,琖,356,334,130,8,13,+53107+,/zhan3,1サン1セン1さかづき1(1さかずき1),
盟,,356,,130,8,13,+67107+,/meng2,1バウ1(1ボウ1)1ミヤウ1(1ミョウ1)1メイ1ちかふ1(1ちかう1)1ちかひ1(1ちかい1),
葢(1),蓋,,468,130,8,13,+44107+,/gai4,1カイ1(1ガイ1)1おほふ1(1おおう1)1ふた1かさ1けだし1,
葢(2),蓋,,468,130,8,13,+44107+,/he2,1カフ1(1コウ1)1なんぞ1ざる1,
葢(3),蓋,,468,130,8,13,+44107+,/ge3,1カフ1(1コウ1),
塩,鹽,357,646,130,8,13,+48117+,/yan2,1エン1しほ1(1しお1),
盡,,356,,130,9,14,+50107+,/jin4,1シン1ジン1ことごとく1つかす1つきる1つくす1,
監(1),,356,,130,9,14,+78107+,/jian1,1カン1ケン1みる1しらべる1かんがみる1,
監(2),,356,,130,9,14,+78107+,/jian4,1カン1ケン1,
盤,,357,,130,10,15,+27107+,/pan2,1ハン1バン1おほざら1(1おおざら1)1たらひ1(1たらい1)1まがる1めぐる1わだかまる1,
盥,,357,,130,11,16,+77107+,/guan4,1クワン1(1カン1)1すすぐ1そそぐ1たらひ1(1たらい1),
盦,庵,357,150,130,11,16,+80102+,/an1,1アン1オン1,
盧,,357,,130,11,16,+21217+,/lu2,1ロ1くろい1つぼ1めしびつ1ひとみ1あし1,
盩,,357,,130,12,17,+48107+,/zhou1,1チウ1(1チュウ1)1チユ1(1チュ1),
盪,,357,,130,12,17,+36107+,/dang4,1タウ1(1トウ1)1ダウ1(1ドウ1)1あらひきよめる1(1あらいきよめる1)1あらふ1(1あらう1)1うごかす1うごく1ほしいままにする1,
盬,,357,,130,13,18,+78107+,/gu3,1コ1ク1あらしほ1(1あらしお1)1しほ1(1しお1)1しほいけ1(1しおいけ1)1もろい1,
目,,358,,131,0,5,+60101+,/mu4,1ボク1モク1かなめ1さかん1な1ま1まなこ1め1,
盱,,358,,131,3,8,+61040+,/xu1,1ク1,
盲,,358,,131,3,8,+00601+,/meng2,1バウ1(1ボウ1)1ミヤウ1(1ミョウ1)1マウ1(1モウ1)1めくら1めしひ1(1めしい1)1くらい1,
直,,358,,131,3,8,+40716+,/zhi2,1チヨク1(1チョク1)1ヂキ1(1ジキ1)1なほい1(1なおい1)1なほす1(1なおす1)1なほる1(1なおる1)1あたひ1(1あたい1)1あたる1すぐ1ただ1ただちに1ひた1,
相(1),,358,,131,4,9,+46900+,/xiang1,1シヤウ1(1ショウ1)1サウ1(1ソウ1)1あひ1(1あい1),
相(2),,358,,131,4,9,+46900+,/xiang4,1シヤウ1(1ショウ1)1サウ1(1ソウ1)1みる1ありさま1うらなふ1(1うらなう1)1たすける1,
盹,,358,,131,4,9,+65017+,/dun3,1シユン1(1シュン1)1ジユン1(1ジュン1),
盻,,359,,131,4,9,+68027+,/xi4,1ケイ1ガイ1にらむ1かへりみる1(1かえりみる1),
盼,,359,,131,4,9,+68027+,/pan4,1ハン1ヘン1,
盾(1),,359,,131,4,9,+72264+,/shun3,1シユン1(1シュン1)1ジユン1(1ジュン1)1たて1,
盾(2),,359,,131,4,9,+72264+,/dun3,1トン1ドン1,
省(1),,359,,131,4,9,+90602+,/xing3,1セイ1シヤウ1(1ショウ1)1かへりみる1(1かえりみる1)1みる1はぶく1,
省(2),,359,,131,4,9,+90602+,/sheng3,1セイ1シヤウ1(1ショウ1),
眄,,359,,131,4,9,+61027+,/mian3,1ベン1メン1みる1かへりみる1(1かえりみる1)1ながしめ1ながめる1,
眇,,359,,131,4,9,+69020+,/miao3,1ベウ1(1ビョウ1)1メウ1(1ミョウ1)1おくぶかい1かすか1すがめ1すがめる1ちいさい1はるか1,
眈,,359,,131,4,9,+64012+,/dan1,1タン1トン1にらむ1,
眉,,359,,131,4,9,+77267+,/mei2,1ビ1ミ1まゆ1ふち1としより1,
眊,耄,359,426,131,4,9,+62014+,/mao4,1バウ1(1ボウ1)1マウ1(1モウ1)1バク1マク1おいぼれ1くらい1,
看,,359,,131,4,9,+20604+,/kan4/kan1,1カン1みる1みなす1みすみす1,
県,縣,,413,131,4,9,+26901+,/xian4,1ケン1ゲン1あがた1,
眙(1),,359,,131,5,10,+63060+,/chi4,1チ1,
眙(2),,359,,131,5,10,+63060+,/yi2,1イ1,
眚,,359,,131,5,10,+25601+,/sheng3,1セイ1シヤウ1(1ショウ1)1あやまち1あやしい1はぶく1へらす1わざはひ1(1わざわい1),
眛,,360,,131,5,10,+65090+,/mei4,1バイ1マイ1くらい1,
眨,,360,,131,5,10,+62037+,/zha3,1サフ1(1ソウ1),
眞,,360,,131,5,10,+21801+22801+,/zhen1,1シン1ま1まこと1まことに1,
真,眞,,360,131,5,10,+40801+,/zhen1,1シン1ま1まこと1まことに1,
眠,,360,,131,5,10,+67047+,/mian2,1ベン1メン1ミン1ねむい1ねむり1ねむる1,
眢,,360,,131,5,10,+27601+,/yuan1,1ワン1ヱン1(1エン1)1ヲン1(1オン1),
眥(1),,360,,131,5,10,+21601+22601+,/zi4,1セイ1ザイ1ジ1にらむ1まなじり1,
眥(2),,360,,131,5,10,+21601+22601+,/zi4,1サイ1ゼ1,
眦(1),眥,,360,131,5,10,+61011+62011+,/zi4,1セイ1ザイ1ジ1にらむ1まなじり1,
眦(2),眥,,360,131,5,10,+61011+62011+,/zi4,1サイ1ゼ1,
眩,幻,360,148,131,5,10,+60032+,/xuan4,1ケン1ゲン1くらます1くらむ1くるめく1まどふ1(1まどう1)1まばゆい1まぶしい1めまひ1(1めまい1),
眡,視,363,509,131,5,10,+62040+,/shi4,1シ1ジ1みる1なぞらへる1(1なぞらえる1),
眎,視,363,509,131,5,10,+61091+,/shi4,1シ1ジ1みる1なぞらへる1(1なぞらえる1),
眘,愼,363,176,131,5,10,+40603+,/shen4,1シン1ジン1つつしむ1つつしみ1,
眵,,360,,131,6,11,+67027+,/chi1,1シ1,
眶,,360,,131,6,11,+61011+,/kuang4,1キヤウ1(1キョウ1)1カウ1(1コウ1)1まぶた1,
眷,,360,,131,6,11,+90603+,/juan4,1ケン1クワン1(1カン1)1かへりみる1(1かえりみる1)1こひしたふ1(1こいしたう1)1なさけ1みうち1めぐみ1,
眸,,360,,131,6,11,+63050+,/mou2,1ボウ1ム1ひとみ1,
眺,,360,,131,6,11,+62013+,/tiao4,1テウ1(1チョウ1)1ながめる1,
眼,,360,,131,6,11,+67032+,/yan3,1ガン1ゲン1まなこ1め1,
眽,,360,,131,6,11,+62032+,/mo4,1バク1ミヤク1ミャク1,
眾,,361,,131,6,11,+60880+,/zhong4,1シユウ1(1シュウ1)1シユ1(1シュ1)1おほい1(1おおい1),
眱,,361,,131,6,11,+65032+,/yi2,1イ1,
睁(1),睜,,361,131,6,11,+67057+,/jing1,1セイ1ジヤウ1(1ジョウ1),
睁(2),睜,,361,131,6,11,+67057+,/zheng1,1サウ1(1ソウ1)1シヤウ1(1ショウ1),
眯,瞇,363,362,131,6,11,+69094+,/mi1,1ビ1ミ1,
睆,,361,,131,7,12,+63011+,/huan3,1カン1ゲン1,
睅,,361,,131,7,12,+66041+,/han4,1カン1ガン1,
睇,,361,,131,7,12,+68027+,/di4,1テイ1ダイ1,
睊,,361,,131,7,12,+66027+,/zhuan4,1ケン1,
睍,睆,361,361,131,7,12,+66010+,/xian3,1ケン1ゲン1,
睏,,361,,131,7,12,+66000+,/kun4,1コン1,
睐,睞,,361,131,7,12,+65090+,/lai4,1ライ1,
睑,瞼,,363,131,7,12,+68019+,/jian3,1ケン1まぶた1,
睂,眉,364,359,131,7,12,+82601+,/mei2,1ビ1ミ1まゆ1ふち1としより1,
睚,眥,361,360,131,8,13,+61014+,/ai2,1ガイ1ゲ1にらむ1まなじり1まぶた1,
睛,,361,,131,8,13,+65027+,/jing1,1セイ1シヤウ1(1ショウ1)1ひとみ1,
睜(1),,361,,131,8,13,+62057+,/jing1,1セイ1ジヤウ1(1ジョウ1),
睜(2),,361,,131,8,13,+62057+,/zheng1,1サウ1(1ソウ1)1シヤウ1(1ショウ1),
睞,,361,,131,8,13,+64098+,/lai4,1ライ1,
睡,,361,,131,8,13,+62014+,/shui4,1スヰ1(1スイ1)1ズヰ1(1ズイ1)1ねむり1ねむる1,
睢,,361,,131,8,13,+60014+,/sui1,1スヰ1(1スイ1)1ほしいまま1みあげる1,
督,,361,,131,8,13,+27604+,/du1,1トク1みる1うながす1かしら1かみ1ただす1ひきゐる1(1ひきいる1),
睦,,361,,131,8,13,+64014+,/mu4,1ボク1モク1むつまじい1むつぶ1むつむ1,
睨,,361,,131,8,13,+67017+,/ni4,1ゲイ1ガイ1にらむ1うかがふ1(1うかがう1)1かたむく1,
睪,睾,361,362,131,8,13,+60401+,/yi4,1エイ1ヤク1やぶれる1,
睫,,361,,131,8,13,+65081+,/jie2,1セフ1(1ショウ1)1まつげ1またたく1,
睬,,362,,131,8,13,+62094+,/cai3,1サイ1,
睟,,362,,131,8,13,+60048+,/sui4,1スヰ1(1スイ1),
睥,,362,,131,8,13,+66040+,/bi4,1ヘイ1ハイ1にらむ1ながしめ1,
睽,,362,,131,9,14,+62034+,/kui2,1ケイ1そむく1,
睾,皐,362,354,131,9,14,+26401+,/gao1,1カウ1(1コウ1)1さは1(1さわ1)1きんたま1おほきい1(1おおきい1)1たかい1ひろい1,
睿,,362,,131,9,14,+21608+,/rui4,1エイ1さとい1かしこい1,
睹,覩,362,509,131,9,14,+64060+,/du3,1ト1ヅ1(1ズ1)1みる1,
瞀,,362,,131,9,14,+18604+,/mao4/mou4,1ボウ1モ1ブ1ム1バク1マク1くらい1まどふ1(1まどう1)1みだれる1めまひ1(1めまい1),
瞄,,362,,131,9,14,+64060+,/miao2,1ベウ1(1ビョウ1)1メウ1(1ミョウ1),
瞆,瞶,,363,131,9,14,+65082+,/kui4,1キ1,
瞋,,362,,131,10,15,+61081+62081+,/chen1,1シン1いかる1いからす1,
瞌,,362,,131,10,15,+64017+,/ke1,1カフ1コフ1(1コウ1),
瞍,,362,,131,10,15,+67047+,/sou3,1ソウ1ス1,
瞎,,362,,131,10,15,+63061+,/xia1,1カツ1ケツ1かため1でたらめ1,
瞑(1),,362,,131,10,15,+67080+,/ming2,1ベイ1ミヤウ1(1ミョウ1)1くらい1つぶる1ねむる1,
瞑(2),,362,,131,10,15,+67080+,/mian4,1ベン1メン1くらむ1,
瞇,,362,,131,10,15,+69039+,/mi1,1ビ1ミ1,
瞒,瞞,,362,131,10,15,+64027+,/man2,1バン1マン1だます1あざむく1くらます1はぢる1(1はじる1),
瞖,,362,,131,11,16,+77604+,/yi4,1エイ1,
瞞,,362,,131,11,16,+64027+,/man2,1バン1マン1だます1あざむく1くらます1はぢる1(1はじる1),
瞠,,362,,131,11,16,+69014+,/cheng1,1タウ1(1トウ1)1チヤウ1(1チョウ1)1ダウ1(1ドウ1)1みはる1みつめる1,
瞢,夢,362,101,131,11,16,+44602+,/meng2,1ボウ1ム1モウ1くらい1はぢる1(1はじる1),
瞥,,363,,131,12,17,+98604+,/pie1/pie4,1ヘツ1ヘチ1ベツ1みる1,
瞧,,363,,131,12,17,+60031+,/qiao2,1セウ1(1ショウ1)1ゼウ1(1ジョウ1),
瞪,,363,,131,12,17,+62018+,/deng4,1タウ1(1トウ1)1チヤウ1(1チョウ1)1みつめる1みはる1,
瞬,,363,,131,12,17,+62052+,/shun4,1シユン1(1シュン1)1しばたく1またたき1またたく1,
瞯,,363,,131,12,17,+67020+,/jian4,1カン1ゲン1,
瞰,,363,,131,12,17,+68040+,/kan4,1カン1みる1みおろす1のぞむ1,
瞳,,363,,131,12,17,+60014+,/tong2,1トウ1ヅ1(1ズ1)1ドウ1ひとみ1くらい1,
瞶,,363,,131,12,17,+65086+,/kui4,1キ1,
瞭,,363,,131,12,17,+64096+,/liao3,1レウ1(1リョウ1)1あきらか1,
瞩,矚,,363,131,12,17,+67027+,/zhu3,1シヨク1(1ショク1)1ソク1みる1つける1,
瞻,,363,,131,13,18,+67061+,/zhan1,1セン1みる1,
瞼,,363,,131,13,18,+68086+,/jian3,1ケン1まぶた1,
瞽,,363,,131,13,18,+44604+,/gu3,1コ1ク1めしひ1(1めしい1)1おろか1くらい1,
瞾,照,363,316,131,13,18,+66101+,/zhao4,1セウ1(1ショウ1)1てる1てらす1てれる1,
瞿,,363,,131,13,18,+66214+,/ju4/qu1/qu2,1ク1おそれる1みる1,
矇,,363,,131,13,18,+64032+,/meng2,1ボウ1モウ1めしひ1(1めしい1)1くらい1,
矉,顰,363,617,131,13,18,+63086+,/pin2,1ヒン1,
矍,,363,,131,15,20,+66407+,/jue2,1クワク1(1カク1)1あわてる1いさむ1はやる1みまはす1(1みまわす1),
矑,盧,363,357,131,16,21,+61017+,/lu2,1ロ1,
矗,,363,,131,19,24,+40716+,/chu4,1チク1シユク1(1シュク1)1なほい1(1なおい1)1そびえる1そばだつ1,
矙,,363,,131,20,25,+67020+,/kan4,1カン1,
矚,,363,,131,21,26,+67027+,/zhu3,1シヨク1(1ショク1)1ソク1みる1つける1,
矛,,364,,132,0,5,+17222+,/mao2,1ボウ1ム1ほこ1,
矜,,364,,132,4,9,+18227+,/jin1/jing1,1キヨウ1(1キョウ1)1キン1コン1あはれむ1(1あわれむ1)1つつしむ1ほこる1やもを1(1やもお1),
矞,,364,,132,7,12,+17227+,/yu4,1イツ1イチ1,
矢,,364,,133,0,5,+80430+,/shi3,1シ1や1ちかふ1(1ちかう1)1つらねる1,
矣,,364,,133,2,7,+23430+,/yi3,1イ1,
知(1),,364,,133,3,8,+86400+,/zhi1,1チ1しる1しらせる1,
知(2),智,364,226,133,3,8,+86400+,/zhi4,1チ1,
矧,,364,,133,4,9,+82400+,/shen3,1シン1いはんや1(1いわんや1)1はぎ1はぐ1,
矦,侯,365,019,133,4,9,+27234+,/hou2,1コウ1グ1きみ1まと1,
矩,,364,,133,5,10,+81417+,/ju3,1ク1かねざし1さしがね1のり1,
矫,矯,,364,133,6,11,+82828+,/jiao3,1ケウ1(1キョウ1)1ためる1まげる1いつはる1(1いつわる1)1あげる1,
短,,364,,133,7,12,+81418+,/duan3,1タン1みじかい1そしる1,
矮,,364,,133,8,13,+82444+,/ai3,1アイ1ア1ワイ1ひくい1みじかい1,
矯,,364,,133,12,17,+82427+,/jiao3,1ケウ1(1キョウ1)1ためる1まげる1いつはる1(1いつわる1)1あげる1,
矰,,365,,133,12,17,+88466+,/zeng1,1ソウ1,
矱,,365,,133,14,19,+84447+,/huo4/wo4,1ワク1,
石,,365,,134,0,5,+10600+,/shi2,1セキ1ジヤク1(1ジャク1)1シヤク1(1シャク1)1いし1,
矴,碇,365,366,134,2,7,+11620+,/ding4,1テイ1,
矶,磯,,369,134,2,7,+17610+,/ji1,1キ1ケ1いそ1,
矻,,365,,134,3,8,+18617+,/ku1,1コツ1コチ1,
矼,杠,365,236,134,3,8,+11610+,/gang1,1カウ1(1コウ1),
矽,,365,,134,3,8,+17620+,/xi4,1セキ1,
砀,碭,,367,134,3,8,+17627+,/dang4,1タウ1(1トウ1)1ダウ1(1ドウ1)1あふれる1おほきい1(1おおきい1)1すぎる1つく1,
码,碼,,367,134,3,8,+17627+,/ma3,1バ1メ1やーど1やーる1,
矿,礦鑛,,369589,134,3,8,+10600+,/gong3/kuang4,1カウ1(1コウ1)1キヤウ1(1キョウ1)1クワウ1ワウ1(1オウ1)1あらがね1,
矾,礬,,369,134,3,8,+17610+,/fan2,1ハン1ボン1,
砂,沙,365,281,134,4,9,+19620+,/sha1,1サ1シヤ1(1シャ1)1すな1いさご1,
砌,,365,,134,4,9,+17620+,/qi4,1セイ1サイ1みぎり1,
砍,,365,,134,4,9,+17682+,/kan3,1カン1コン1きる1,
砑,,365,,134,4,9,+11640+,/ya4,1ガ1,
砒,,365,,134,4,9,+11610+12610+,/pi1,1ヘイ1ハイ1ヒ1,
砉,,365,,134,4,9,+56601+,/huo4,1ケキ1クワク1(1カク1),
研(1),硏,,366,134,4,9,+11640+,/yan2,1ゲン1ケン1とく1みがく1,
研(2),硏硯,,366366,134,4,9,+11640+,/yan4,1ゲン1ケン1,
砗,硨,,366,134,4,9,+14650+,/che1,1シヤ1(1シャ1),
砕,碎,,367,134,4,9,+14641+,/sui4,1サイ1くだく1くだける1,
砆,玞,370,332,134,4,9,+15630+,/fu1,1フ1,
砝(1),,365,,134,5,10,+14631+,/jie4,1ケフ1(1キョウ1)1コフ1(1コウ1),
砝(2),,365,,134,5,10,+14631+,/fa2,1ハウ1(1ホウ1),
砥,,365,,134,5,10,+12640+,/zhi3/di3,1シ1ケイ1タイ1と1といし1とぐ1みがく1,
砦,,365,,134,5,10,+21601+22601+,/zhai4,1サイ1ザイ1とりで1,
砧,,366,,134,5,10,+11660+,/zhen1,1チン1きぬた1,
砭,,366,,134,5,10,+12637+,/bian1,1ヘン1いしばり1いましめ1,
砮,,366,,134,5,10,+47601+,/nu3,1ド1ヌ1,
破,,366,,134,5,10,+14647+,/po4,1ハ1やぶる1やぶれる1われる1わる1,
砷,,366,,134,5,10,+15606+,/shen1,1シン1,
硁,硜,,366,134,5,10,+17612+,/keng1,1カウ1(1コウ1)1キヤウ1(1キョウ1),
砿,礦,,369,134,5,10,+10686+,/gong3/kuang4,1カウ1(1コウ1)1キヤウ1(1キョウ1)1クワウ1ワウ1(1オウ1)1あらがね1,
砺,礪,,369,134,5,10,+11627+,/li4,1レイ1あらと1と1とぐ1みがく1はげむ1,
砾,礫,,369,134,5,10,+12694+,/li4,1レキ1リヤク1(1リャク1)1いしころ1こいし1つぶて1,
砻,礱,,370,134,5,10,+43602+,/long2,1ロウ1ル1,
砲,礮,370,369,134,5,10,+17612+,/pao4,1ハウ1(1ホウ1)1ヘウ1(1ヒョウ1)1おほづつ1(1おおづつ1),
硃,,366,,134,6,11,+15690+,/zhu1,1シユ1(1シュ1)1ス1,
硇,,366,,134,6,11,+16600+,/nao2,1ダウ1(1ドウ1)1ナウ1(1ノウ1),
硏(1),,366,,134,6,11,+11640+,/yan2,1ゲン1ケン1とく1みがく1,
硏(2),硯,366,366,134,6,11,+11640+,/yan4,1ゲン1ケン1,
硎,硎,,367,134,6,11,+12600+,/xing2,1ケイ1ギヤウ1(1ギョウ1),
硕,碩,,367,134,6,11,+11682+,/shi2/shuo4,1セキ1ジヤク1(1ジャク1)おほきい1(1おおきい1),
硙(1),磑,,368,134,6,11,+12617+,/wei4,1ガイ1いしうす1うす1ひきうす1,
硙(2),磑,,368,134,6,11,+12617+,/gai1,1ガイ1,
硗,磽,,369,134,6,11,+15612+,/qiao1,1カウ1(1コウ1)1ケウ1(1キョウ1)1やせち1,
硜,,366,,134,7,12,+11611+,/keng1,1カウ1(1コウ1)1キヤウ1(1キョウ1),
硝,,366,,134,7,12,+19627+,/xiao1,1セウ1(1ショウ1),
硨,,366,,134,7,12,+15606+,/che1,1シヤ1(1シャ1),
硫,,366,,134,7,12,+10613+,/liu2,1リウ1(1リュウ1)1ル1,
硬,,366,,134,7,12,+11646+,/ying4,1カウ1(1コウ1)1ギヤウ1(1ギョウ1)1かたい1,
硯,,366,,134,7,12,+16610+,/yan4,1ゲン1ケン1すずり1,
确,確,370,367,134,7,12,+17627+,/que4,1カク1かたい1たしか1たしかめる1しかと1,
硼,,366,,134,8,13,+17620+,/peng2,1ハウ1(1ホウ1)1ヒヤウ1(1ヒョウ1),
硾,,366,,134,8,13,+12614+,/chui4,1ツヰ1(1ツイ1)1ヅヰ1(1ズイ1),
碁,棋,366,249,134,8,13,+44601+,/qi2,1キ1ギ1ゴ1,
碇,,366,,134,8,13,+13681+,/ding4,1テイ1チヤウ1(1チョウ1)1いかり1,
碉,,367,,134,8,13,+17620+,/diao1,1テウ1(1チョウ1),
碌,,367,,134,8,13,+17632+,/lu4,1ロク1,
碎,,367,,134,8,13,+10648+,/sui4,1サイ1くだく1くだける1,
碑,,367,,134,8,13,+16640+,/bei1,1ヒ1いしぶみ1たていし1,
硎,,367,,134,8,13,+12600+,/xing2,1ケイ1ギヤウ1(1ギョウ1),
碓,,367,,134,8,13,+10614+,/dui4,1タイ1うす1,
碘,,367,,134,8,13,+15681+,/dian3,1テン1,
碰,掽,367,198,134,8,13,+18617+,/peng4,1ハウ1(1ホウ1)1つく1はえ1,
碛,磧,,368,134,8,13,+15682+,/qi4,1セキ1シヤク1(1シャク1)1かはら1(1かわら1)1さばく1,
碍,礙,370,369,134,8,13,+16641+,/ai4,1ガイ1ゲ1さえぎる1ささえる1さまたげる1さまたげ1,
24290,碑,370,367,134,8,13,+16640+,/bei1,1ヒ1いしぶみ1たていし1,
碗,盌,370,356,134,8,13,+13612+,/wan3,1ワン1こばち1はち1,
碔,珷,370,335,134,8,13,+13640+,/wu3,1ブ1ム1,
碞,巖,367,139,134,9,14,+60601+,/yan2,1ガン1,
碟,,367,,134,9,14,+14694+,/die2,1テフ1(1チョウ1),
碡,碌,367,367,134,9,14,+15657+,/du2,1トク1ドク1,
碣,,367,,134,9,14,+16627+,/jie2,1ケツ1ゲチ1いしぶみ1,
碧,,367,,134,9,14,+16601+,/bi4,1ヘキ1ヒヤク1(1ヒャク1)1あを1(1あお1)1あをい1(1あおい1)1みどり1,
碩,,367,,134,9,14,+11686+,/shi2/shuo4,1セキ1ジヤク1(1ジャク1)1おほきい1(1おおきい1),
碭,,367,,134,9,14,+16627+,/dang4,1タウ1(1トウ1)1ダウ1(1ドウ1)1あふれる1おほきい1(1おおきい1)1すぎる1つく1,
碱,鹼,370,646,134,9,14,+13650+,/jian3,1ゲン1ケン1あく1しほけ1(1しおけ1),
碯,瑙,370,335,134,9,14,+12663+,/nao3,1ダウ1(1ドウ1)1ナウ1(1ノウ1),
碪,砧,370,366,134,9,14,+14611+,/zhen1,1チン1きぬた1,
確,,367,,134,10,15,+14614+,/que4,1カク1かたい1たしか1たしかめる1しかと1,
碼,,367,,134,10,15,+11627+,/ma3,1バ1メ1やーど1やーる1,
碾,,368,,134,10,15,+17632+,/nian3,1デン1ネン1うす1ひく1,
磁,,368,,134,10,15,+18632+,/ci2,1シ1ジ1やきもの1,
磅,,368,,134,10,15,+10627+,/peng4,1ハウ1(1ホウ1)1バウ1(1ボウ1)1ぽんど1,
磉,,368,,134,10,15,+17694+,/sang3,1サウ1(1ソウ1),
磊,,368,,134,10,15,+10661+,/lei3,1ライ1,
磋,,368,,134,10,15,+18611+,/cuo1,1サ1みがく1,
磐,,368,,134,10,15,+27601+,/pan2,1ハン1バン1いは1(1いわ1)1わだかまる1,
磑(1),,368,,134,10,15,+12618+,/wei4,1ガイ1いしうす1うす1ひきうす1,
磑(2),,368,,134,10,15,+12618+,/gai1,1ガイ1,
磔,,368,,134,10,15,+15694+,/zhe2,1タク1チヤク1(1チャク1)1はりつけ1さく1,
磕,,368,,134,10,15,+14617+,/ke1,1カイ1カフ1(1コウ1),
碻,確,370,367,134,10,15,+10627+,/que4,1カク1かたい1たしか1たしかめる1しかと1,
磧,,368,,134,11,16,+15686+,/qi4,1セキ1シヤク1(1シャク1)1かはら1(1かわら1)1さばく1,
磨,,368,,134,11,16,+00261+,/mo2,1バ1マ1みがく1する1とぐ1,
磬,,368,,134,11,16,+47601+,/qing4,1ケイ1キヤウ1(1キョウ1)1うちいし1はせる1くびる1,
磠,硇,369,366,134,11,16,+11660+,/lu3,1ロ1ル1,
磚,甎,370,340,134,11,16,+15643+,/zhuan1,1セン1かはら1(1かわら1)1しきがはら1(1しきがわら1),
磯,,369,,134,12,17,+12653+,/ji1,1キ1ケ1いそ1,
磲,硨,369,366,134,12,17,+11694+,/qu2,1キヨ1(1キョ1)1ゴ1,
磴,,369,,134,12,17,+12618+,/deng4,1トウ1いしざか1いしだん1いしばし1,
磷(1),,369,,134,12,17,+19659+,/lin2,1リン1きらら1,
磷(2),,369,,134,12,17,+19659+,/lin4,1リン1うすい1うすらぐ1,
磺,礦,369,369,134,12,17,+14686+,/huang2,1カウ1(1コウ1),
磻,,369,,134,12,17,+12669+,/pan2,1ハン1バン1,
磽,,369,,134,12,17,+14611+,/qiao1,1カウ1(1コウ1)1ケウ1(1キョウ1)1やせち1,
礁,,369,,134,12,17,+10631+,/jiao1,1セウ1(1ショウ1)1かくれいは1(1かくれいわ1),
礎,,369,,134,13,18,+14681+,/chu3,1シヨ1(1ショ1)1ソ1いしずゑ1(1いしずえ1),
礌,礧,370,369,134,13,18,+11663+,/lei2,1ライ1,
礙,,369,,134,14,19,+17681+,/ai4,1ガイ1ゲ1さえぎる1ささえる1さまたげる1さまたげ1,
礜,,369,,134,14,19,+77601+,/yu4,1ヨ1,
礞,,369,,134,14,19,+14632+,/meng2,1ボウ1モウ1,
礟,礮,370,369,134,14,19,+14640+,/pao4,1ハウ1(1ホウ1)1ヘウ1(1ヒョウ1)1おほづつ1(1おおづつ1),
礦,,369,,134,15,20,+10632+,/gong3/kuang4,1カウ1(1コウ1)1キヤウ1(1キョウ1)1クワウ1ワウ1(1オウ1)1あらがね1,
礪,,369,,134,15,20,+11627+,/li4,1レイ1あらと1と1とぐ1みがく1はげむ1,
礫,,369,,134,15,20,+12694+,/li4,1レキ1リヤク1(1リャク1)1いしころ1こいし1つぶて1,
礬,,369,,134,15,20,+44601+,/fan2,1ハン1ボン1,
礧,,369,,134,15,20,+16660+,/lei2,1ライ1,
礮,,369,,134,16,21,+10648+,/pao4,1ハウ1(1ホウ1)1ヘウ1(1ヒョウ1)1おほづつ1(1おおづつ1),
礱,,370,,134,16,21,+01601+,/long2,1ロウ1ル1,
礴,旁,370,217,134,17,22,+14642+,/bo2,1ハク1バク1,
24612,磨,370,368,134,17,22,+10611+,/mo2,1バ1マ1みがく1する1とぐ1,
示(1),祇,370,370,135,0,5,+10901+,/qi2,1キ1ギ1くにつかみ1,
示(2),,370,,135,0,5,+10901+,/shi4,1シ1ジ1しめす1しめし1,
礼,禮,373,373,135,1,6,+32210+,/li3,1レイ1ライ1うやまふ1(1うやまう1)1あや1ゐや1(1いや1)1のり1,
礽,,370,,135,2,7,+37227+,/reng2,1ジヨウ1(1ジョウ1)1ニヨウ1(1ニョウ1),
社,,370,,135,3,8,+34210+,/she4,1シヤ1(1シャ1)1ジヤ1(1ジャ1)1やしろ1こそ1,
礿,,370,,135,3,8,+37220+,/yue4,1ヤク1,
祀,,370,,135,3,8,+37217+,/si4,1シ1ジ1まつる1まつり1とし1,
祁,,370,,135,3,8,+37227+,/qi2,1キ1ギ1おほきい1(1おおきい1)1おほいに1(1おおいに1)1さかんに1,
祃,禡,,373,135,3,7,+37227+,/ma4,1バ1メ1,
祅,妖,370,107,135,4,9,+32234+,/yao1,1エウ1(1ヨウ1)1わざはひ1(1わざわい1),
祆,,370,,135,4,9,+31234+,/xian1,1ケン1,
祇(1),,370,,135,4,9,+32240+,/qi2,1キ1ギ1くにつかみ1,
祇(2),,370,,135,4,9,+32240+,/ji1,1シ1ただ1まさに1,
祈,,371,,135,4,9,+32221+,/qi2,1キ1ゲ1いのる1いのり1,
祉,,371,,135,4,9,+31210+,/zhi3,1チ1シ1さいはひ1(1さいわい1),
祊,,371,,135,4,9,+30227+,/beng1,1ハウ1(1ホウ1)1ヒヤウ1(1ヒョウ1),
祢,禰,,373,135,4,8,+38290+,/ni3,1デイ1ナイ1ネ1ネイ1かたしろ1みたまや1,
祏,,371,,135,5,10,+31260+,/shi2,1セイ1ジヤク1(1ジャク1),
祐,,371,,135,5,10,+34260+,/you4,1イウ1(1ユウ1)1ユ1たすける1たすけ1じよう1(1じょう1),
祓,,371,,135,5,10,+33247+,/fu2,1フツ1ホチ1ハイ1ヘ1,
祔,,371,,135,5,10,+34200+,/fu4,1フ1ブ1,
祕,秘,371,375,135,5,10,+33200+,/pi4/mi4,1ヒ1かくす1ひそか1ひめる1,
祖,,371,,135,5,10,+37210+,/zu3,1ソ1ぢぢ1(1じじ1)1おや1はじめ1,
祗,,371,,135,5,10,+32240+,/zhi1,1シ1つつしむ1うやまふ1(1うやまう1)1ただ1まさに1,
祚,,371,,135,5,10,+38211+,/zuo4,1ソ1ゾ1さいはひ1(1さいわい1)1とし1くらい1,
祛,,371,,135,5,10,+34231+,/qu1,1キヨ1(1キョ1)1コ1おふ1(1おう1)1さる1ちらす1はらふ1(1はらう1)1やる1,
祜,,371,,135,5,10,+34260+,/hu4,1コ1ゴ1さいはひ1(1さいわい1),
祝,,371,,135,5,10,+36210+,/zhu4,1シユク1(1シュク1)1いはひ1(1いわい1)1いはふ1(1いわう1)1たつ1のろふ1(1のろう1)1のる1ほぐ1のりと1,
神,,371,,135,5,10,+35206+,/shen2,1シン1ジン1かみ1かん1こう1たましひ1(1たましい1),
祟,,371,,135,5,10,+22901+,/sui4,1スヰ1(1スイ1)1たたる1たたり1,
祠,,371,,135,5,10,+37220+,/cu2,1シ1ジ1ほこら1まつる1,
祘(1),算,373,390,135,5,10,+11991+,/suan4,1サン1かず1,
祘(2),算,373,390,135,5,10,+11991+,/suan4,1サン1かぞへる1(1かぞえる1),
祥,,372,,135,6,11,+38251+,/xiang2,1シヤウ1(1ショウ1)1ジヤウ1(1ジョウ1)1きざし1さいはひ1(1さいわい1)1さち1,
祧,,372,,135,6,11,+32213+,/tiao1,1テウ1(1チョウ1),
票,,372,,135,6,11,+10901+,/piao4,1ヘウ1(1ヒョウ1)1ふだ1,
祫,,372,,135,6,11,+38261+,/xia4,1カフ1(1コウ1)1ガフ1(1ゴウ1),
祭(1),,372,,135,6,11,+27901+,/ji4,1セイ1サイ1まつり1まつる1,
祭(2),,372,,135,6,11,+27901+,/zhai4,1サイ1セ1,
祯,禎,,372,135,6,10,+31282+,/zhen1,1テイ1チヤウ1(1チョウ1)1さいはひ1(1さいわい1),
祲,,372,,135,7,12,+37247+,/jin1,1シン1,
祷,禱,,373,135,7,11,+34241+,/dao3,1タウ1(1トウ1)1いのる1いのり1まつる1,
祺,,372,,135,8,13,+34281+,/qi2,1キ1ギ1さいはひ1(1さいわい1)1やすらか1,
祼,,372,,135,8,13,+36294+,/guan4,1クワン1(1カン1),
祿,,372,,135,8,13,+37232+,/lu4,1ロク1さいはひ1(1さいわい1)1ふち1,
禄,祿,373,372,135,8,13,+37232+,/lu4,1ロク1さいはひ1(1さいわい1)1ふち1,
禁(1),,372,,135,8,13,+44901+,/jin4,1キン1コン1ふさぐ1とどめる1おきて1いましめ1,
禁(2),,372,,135,8,13,+44901+,/jin1,1キン1コン1,
禀,稟,373,377,135,8,13,+00901+,/bing3/bin3,1ヒン1ホン1リン1うける1さづかる1(1さずかる1)1さづける1(1さずける1)1まうす1(1もうす1)1こめぐら1ふち1,
禅(1),禪,,373,135,8,12,+39256+,/shan4,1セン1ゼン1ゆずる1ゆずり1,
禅(2),禪,,373,135,8,12,+39256+,/chan2,1セン1ゼン1,
禊,,372,,135,9,14,+37234+,/xi4,1ケイ1ガイ1みそぎ1はらふ1(1はらう1),
禋,,372,,135,9,14,+31214+,/yin1,1イン1,
禍,,372,,135,9,14,+37227+,/huo4,1クワ1(1カ1)1グワ1(1ガ1)1わざはひ1(1わざわい1),
禖,,372,,135,9,14,+34294+,/mei2,1バイ1マイ1,
禎,,372,,135,9,14,+31286+,/zhen1,1テイ1チヤウ1(1チョウ1)1さいはひ1(1さいわい1),
福,,373,,135,9,14,+31266+,/fu2,1フク1ホク1さいはひ1(1さいわい1),
禔,,373,,135,9,14,+36281+,/ti2,1シ1ジ1テイ1ダイ1,
禕,,373,,135,9,14,+34256+,/yi1,1イ1,
禘,,373,,135,9,14,+30227+,/ti4,1シ1ジ1テイ1ダイ1,
禅(1),禪,,373,135,9,13,+39256+,/shan4,1セン1ゼン1ゆずる1ゆずり1,
禅(2),禪,,373,135,9,13,+39256+,/chan2,1セン1ゼン1,
禡,,373,,135,10,15,+31227+,/ma4,1バ1メ1,
禦,,373,,135,11,16,+27901+,/yu4,1ギヨ1(1ギョ1)1ゴ1ふせぐ1つよい1,
頴,穎,,379,135,11,16,+21986+,/ying3,1エイ1ヤウ1(1ヨウ1)1すぐれる1ほさき1,
禧,,373,,135,12,17,+34265+,/xi1/xi3,1キ1さいはひ1(1さいわい1)1めでたい1よろこび1,
禪(1),,373,,135,12,17,+36256+,/shan4,1セン1ゼン1ゆずる1ゆずり1,
禪(2),,373,,135,12,17,+36256+,/chan2,1セン1ゼン1,
禫,,373,,135,12,17,+31246+,/tan3,1タン1ドン1,
禩,祀,373,370,135,12,17,+36281+,/si4,1シ1ジ1まつる1まつり1とし1,
禮,,373,,135,13,18,+35218+,/li3,1レイ1ライ1うやまふ1(1うやまう1)1あや1ゐや1(1いや1)1のり1,
禰,,373,,135,14,19,+31227+,/ni3,1デイ1ナイ1ネ1ネイ1かたしろ1みたまや1,
禱,,373,,135,14,19,+34241+,/dao3,1タウ1(1トウ1)1いのる1いのり1まつる1,
禳,,373,,135,17,22,+30232+,/rang2,1ジヤウ1(1ジョウ1)1ナウ1(1ノウ1)1はらひ1(1はらふ1),
禴,礿,373,370,135,17,22,+38227+,/yue4,1ヤク1,
禸,,374,,136,0,4,+40227+,/rou2,1ジウ1(1ジュウ1)1ニユ1(1ニュ1)1ヂウ1じうのあし1(1じゅうのrnaあし1),
禹,,374,,136,4,9,+20427+,/yu3,1ウ1,
禺,,374,,136,4,9,+60427+,/yu2,1グ1をながざる1(1おながざる1)1すみ1でく1,
禽,擒,374,206,136,8,12,+80427+,/qin2,1キン1ゴン1いけどり1とらへる1(1とらえる1)1とり1とりこ1,
禾,,374,,137,0,5,+20904+,/he2,1クワ1(1カ1)1ワ1いね1のぎ1のぎへん1,
禿,,374,,137,2,7,+20217+,/tu1,1トク1はげ1はげる1かぶろ1かむろ1,
秀,,374,,137,2,7,+20227+,/xiu4,1シウ1(1シュウ1)1シユ1(1シュ1)1ひいでる1ひで1,
私,,374,,137,2,7,+22930+,/si1,1シ1ひそか1ひそかに1わたくし1わたし1,
秈,,374,,137,3,8,+22970+,/xian1,1セン1うるち1,
秉,,374,,137,3,8,+20907+,/bing3,1ヘイ1ヒヤウ1(1ヒョウ1)1とる1まもる1いねたば1え1,
秊,年,379,147,137,3,8,+20402+,/nian2,1デン1ネン1とし1とせ1よはひ1(1よわい1)1みのり1,
秆,稈,379,376,137,3,8,+21940+,/gan3,1カン1わら1,
秋,,374,,137,4,9,+29980+,/qiu1,1シウ1(1シュウ1)1シユ1(1シュ1)1あき1とき1,
科,,374,,137,4,9,+24900+,/ke1,1クワ1(1カ1)1しな1とが1あな1しぐさ1,
秒,,375,,137,4,9,+29920+,/miao3,1ベウ1(1ビョウ1)1メウ1(1ミョウ1)1のぎ1,
秔,粳,375,400,137,4,9,+20917+,/geng1/jing1,1カウ1(1コウ1)1うるち1,
秕,,375,,137,4,9,+21910+22910+,/bi3,1ヒ1しひな1(1しいな1)1くづごめ1(1くずごめ1)1わるい1,
种(1),種,,377,137,4,9,+25906+,/zhong3,1シヨウ1(1ショウ1)1シユ1(1シュ1)1くさ1たね1,
种(2),種,,377,137,4,9,+25906+,/zhong4,1シヨウ1(1ショウ1)1シユ1(1シュ1)1うゑる1(1うえる1),
秘,祕,375,371,137,5,10,+23900+,/bi4/mi4,1ヒ1かくす1ひそか1ひめる1,
租,,375,,137,5,10,+27910+,/zi1,1ソ1みつぎ1かりる1,
秣,,375,,137,5,10,+25990+,/mo4,1バイ1マイ1バツ1マチ1マツ1まぐさ1まぐさかふ1(1まぐさかう1),
秦,,375,,137,5,10,+50904+,/qin2,1シン1ジン1はた1,
秧,,375,,137,5,10,+25930+,/yang1,1アウ1(1オウ1)1なへ1(1なえ1)1うゑる1(1うえる1),
秩,,375,,137,5,10,+25930+,/zhi4,1チツ1ヂツ1(1ジツ1)1ふち1ついで1,
秫,,375,,137,5,10,+23994+,/shu2,1シユツ1(1シュツ1)1ジユチ1(1ジュチ1)1ジユツ1(1ジュツ1)1きび1はり1もちあは1(1もちあわ1)1もちごめ1,
秬,,376,,137,5,10,+21917+,/ju4,1キヨ1(1キョ1)1ゴ1くろきび1,
秭,,376,,137,5,10,+25927+,/zi3,1シ1,
秤,稱,376,377,137,5,10,+21949+,/cheng4,1シヨウ1(1ショウ1)1はかり1はかる1,
称(1),稱,,377,137,5,10,+28990+,/cheng1,1シヨウ1(1ショウ1)1はかる1となへる1(1となえる1)1となへ1(1となえ1)1ほめる1たたへる1(1たたえる1)1あげる1,
称(2),稱,,377,137,5,10,+28990+,/cheng4,1シヨウ1(1ショウ1)1はかり1かなふ1(1かなう1),
积(1),積,,378,137,5,10,+26980+,/ji1,1セキ1シヤク1(1シャク1)1たくはへる1(1たくわえる1)1つむ1つもる1,
积(2),積,,378,137,5,10,+26980+,/zi4,1セキ1シヤク1(1シャク1),
秪(1),祇,379,370,137,5,10,+22940+,/qi2,1キ1ギ1くにつかみ1,
秪(2),祇,379,370,137,5,10,+22940+,/ji1,1シ1ただ1まさに1,
秸,,376,,137,6,11,+24961+,/jie1,1カツ1ケチ1,
移,,376,,137,6,11,+27927+,/yi2,1イ1うつる1うつす1,
秾,穠,,379,137,6,11,+24932+,/nong1/nong2,1ヂヨウ1ジヨウ1(1ジョウ1)1ニユ1(1ニュ1),
秽,穢,,379,137,6,11,+22927+,/hui4/wei4,1ワイ1ヱ1(1エ1)1アイ1あれる1けがす1けがれ1けがれる1わるい1,
稀,,376,,137,7,12,+24927+,/xi1,1キ1ケ1うすい1まばら1まれ1,
稂,,376,,137,7,12,+23932+,/lang2,1ラウ1(1ロウ1),
稃,,376,,137,7,12,+22947+,/fu1,1フ1ヒウ1(1ヒュウ1)1ブ1,
税,,376,,137,7,12,+28916+,/shui4,1セイ1ゼイ1みつぎ1とく1ぬく1,
稈,,376,,137,7,12,+26941+,/gan3,1カン1わら1,
稊,,376,,137,7,12,+28927+,/ti2,1テイ1ダイ1,
程,,376,,137,7,12,+26914+,/cheng2,1テイ1チヤウ1(1チョウ1)1ほど1のり1みちのり1はかる1,
稌,,376,,137,7,12,+28994+,/tu2,1ト1ヅ1(1ズ1),
稍,,376,,137,7,12,+29927+,/shao1,1サウ1(1ソウ1)1セウ1(1ショウ1)1やや1やうやく1(1ようやく1)1すこし1ちいさい1ふち1,
稔,,376,,137,8,13,+28932+,/ren3,1ジン1ニン1ネン1みのる1つむ1とし1,
稗,,376,,137,8,13,+26940+,/bai4,1ハイ1ベ1ひえ1こまかい1,
稚,,377,,137,8,13,+20914+,/zhi4,1チ1ヂ1(1ジ1)1いとけない1をさない1(1おさない1)1わかい1,
稜(1),棱,377,265,137,8,13,+24947+,/leng2,1ロウ1リヨウ1(1リョウ1)1かど1いきほひ1(1いきおい1),
稜(2),棱,377,265,137,8,13,+24947+,/leng2,1ロウ1リヨウ1(1リョウ1),
稞,,377,,137,8,13,+26994+,/ke1,1クワ1(1カ1),
稟,,377,,137,8,13,+00904+,/bing3/bin3,1ヒン1ホン1リン1うける1さづかる1(1さずかる1)1さづける1(1さずける1)1まうす1(1もうす1)1こめぐら1ふち1,
稠,,377,,137,8,13,+27920+,/chou2,1チウ1(1チュウ1)1ヂユ1(1ジュ1)1テウ1(1チョウ1)1おほい1(1おおい1)1こい1しげる1,
稘,朞期,232,232232,137,8,13,+24981+,/qi1,1キ1ひとまはり1(1ひとまわり1)1ひとめぐり1,
稭,,377,,137,9,14,+21961+22961+,/jie1,1カツ1ケチ1カイ1ケ1みご1みごわら1,
種(1),,377,,137,9,14,+22914+,/zhong3,1シヨウ1(1ショウ1)1シユ1(1シュ1)1くさ1たね1,
種(2),,377,,137,9,14,+22914+,/zhong4,1シヨウ1(1ショウ1)1シユ1(1シュ1)1うゑる1(1うえる1),
稱(1),,377,,137,9,14,+22957+,/cheng1,1シヨウ1(1ショウ1)1はかる1となへる1(1となえる1)1となへ1(1となえ1)1ほめる1たたへる1(1たたえる1)1あげる1,
稱(2),,377,,137,9,14,+22957+,/cheng4,1シヨウ1(1ショウ1)1はかり1かなふ1(1かなう1),
稲,稻,,377,137,9,14,+22963+,/dao4,1タウ1(1トウ1)1ダウ1(1ドウ1)1いね1いな1,
稳,穩,,379,137,9,14,+27937+,/wen3,1ヲン1(1オン1)1おだやか1やすらか1,
稬,糯,,399,137,9,14,+21984+,/nuo4,1ダ1ナ1もちごめ1うるち1いね1,
稷,,377,,137,10,15,+26947+,/ji4,1シヨク1(1ショク1)1シキ1きび1,
稺,稚,377,377,137,10,15,+27941+,/zhi4,1チ1ヂ1(1ジ1)1いとけない1をさない1(1おさない1)1わかい1,
稻,,377,,137,10,15,+22977+,/dao4,1タウ1(1トウ1)1ダウ1(1ドウ1)1いね1いな1,
稼,,378,,137,10,15,+23932+,/jia4,1カ1ケ1かせぐ1うゑる1(1うえる1)1みのり1かせぎ1,
稽(1),,378,,137,10,15,+23961+,/ji1,1ケイ1かんがへる1(1かんがえる1)1くらべる1,
稽(2),,378,,137,10,15,+23961+,/qi3,1ケイ1とどまる1とどめる1とどこほる1(1とどこおる1),
稿,藁,378,475,137,10,15,+20927+,/gao3,1カウ1(1コウ1)1したがき1わら1,
穀,,378,,137,10,15,+47947+,/gu3,1コク1よくする1よい1やしなふ1(1やしなう1)1いきる1,
穂,穗,,379,137,10,15,+25936+,/sui4,1スヰ1(1スイ1)1ズヰ1(1ズイ1)1ほ1,
稾,稿,379,378,137,10,15,+00904+,/gao3,1カウ1(1コウ1)1したがき1わら1,
穄,,378,,137,11,16,+27991+,/ji4,1セイ1,
穆,,378,,137,11,16,+26922+,/mu4,1ボク1モク1やはらぐ1(1やわらぐ1),
穇,,378,,137,11,16,+23922+,/shan1,1サン1,
穈,,378,,137,11,16,+00294+,/men2,1ボン1モン1,
穌,蘇,378,478,137,11,16,+22394+,/su1,1ソ1,
積(1),,378,,137,11,16,+25986+,/ji1,1セキ1シヤク1(1シャク1)1たくはへる1(1たくわえる1)1つむ1つもる1,
積(2),,378,,137,11,16,+25986+,/zi4,1セキ1シヤク1(1シャク1),
穎,,379,,137,11,16,+21986+,/ying3,1エイ1ヤウ1(1ヨウ1)1すぐれる1ほさき1,
穉,稺,379,377,137,11,16,+27951+,/zhi4,1チ1ヂ1(1ジ1)1いとけない1をさない1(1おさない1)1わかい1,
穑,穡,,379,137,11,16,+24961+,/se4,1シヨク1(1ショク1)1シキ1とりいれ1とりいれる1をしむ1(1おしむ1),
穏,穩,,379,137,11,16,+22937+,/wen3,1ヲン1(1オン1)1おだやか1やすらか1,
穅,糠,379,399,137,11,16,+20932+,/kang1,1カウ1(1コウ1)1ぬか1,
穗,,379,,137,12,17,+25933+,/sui4,1スヰ1(1スイ1)1ズヰ1(1ズイ1)1ほ1,
穠,,379,,137,13,18,+25932+,/nong1,1ヂヨウ1ジヨウ1(1ジョウ1)1ニユ1(1ニュ1),
穡,,379,,137,13,18,+24961+,/se4,1シヨク1(1ショク1)1シキ1とりいれ1とりいれる1をしむ1(1おしむ1),
穢,,379,,137,13,18,+21953+,/hui4/wei4,1ワイ1ヱ1(1エ1)1アイ1あれる1けがす1けがれ1けがれる1わるい1,
穣(1),穰,,379,137,13,18,+20932+,/rang2,1ジヤウ1(1ジョウ1)1ニヤウ1(1ニョウ1)1みのる1ゆたか1,
穣(2),穰,,379,137,13,18,+20932+,/rang3,1ジヤウ1(1ジョウ1)1ニヤウ1(1ニョウ1),
穩,,379,,137,14,19,+22937+,/wen3,1ヲン1(1オン1)1おだやか1やすらか1,
穫,,379,,137,14,19,+24947+,/huo4,1クワク1(1カク1)1ワク1かる1とる1とりいれる1,
穤,糯,379,399,137,14,19,+21927+,/nuo4,1ダ1ナ1もちごめ1うるち1いね1,
穨,頹,379,616,137,14,19,+25286+,/tui2,1タイ1デ1くづれる1(1くずれる1),
穰(1),,379,,137,17,22,+20932+,/rang2,1ジヤウ1(1ジョウ1)1ニヤウ1(1ニョウ1)1みのる1ゆたか1,
穰(2),浩,379,288,137,17,22,+20932+,/rang3,1ジヤウ1(1ジョウ1)1ニヤウ1(1ニョウ1),
穴,,379,,138,0,5,+30802+,/xue4,1ケツ1ケチ1あな1ほらあな1,
穵,挖,382,193,138,1,6,+30717+,/wa1,1アツ1,
究,,379,,138,2,7,+30417+,/jiu4/jiu1,1キウ1(1キュウ1)1ク1きはまる1(1きわまる1)1きはめる1(1きわめる1)1きはみ1(1きわみ1),
穷,窮,,381,138,2,7,+30427+,/qiong2,1キユウ1(1キュウ1)1ク1きはめる1(1きわめる1)1きはまる1(1きわまる1),
穸,窀,380,380,138,3,8,+30207+,/xi4,1セキ1ジヤク1(1ジャク1),
穹,,380,,138,3,8,+30207+,/qiong1/qiong2,1キユウ1(1キュウ1)1ク1あな1あめ1おほぞり1(1おおぞり1)1おほきい1(1おおきい1)1そら1たかい1ふかい1ゆみがた1,
空(1),,380,,138,3,8,+30101+,/kong1,1コウ1ク1クウ1そら1あく1あける1から1むなしい1むなしく1あな1すく1,
空(2),,380,,138,3,8,+30101+,/kong4,1コウ1ク1クウ1うつろ1うろ1,
穽,,380,,138,4,9,+30558+,/jing4,1セイ1ジヤウ1(1ジョウ1)1おとしあな1,
穿,,380,,138,4,9,+30241+,/chuan1,1セン1うがつ1つらぬく1はく1,
窀,,380,,138,4,9,+30717+,/zhun1,1チユン1(1チュン1),
突,,380,,138,4,9,+30430+,/tu2,1トツ1トチ1つく1つき1,
窃,竊,,382,138,4,9,+30727+,/qie4,1セツ1セチ1ぬすむ1ぬすみ1ひそか1ひそかに1,
窄,,380,,138,5,10,+30211+,/ze2/zhai3,1サク1シヤク1(1シャク1)1せまい1せばまる1すぼむ1つぼむ1,
窅,,380,,138,5,10,+30608+,/yao3,1エウ1(1ヨウ1),
窆,,380,,138,5,10,+30307+,/bian3,1ヘン1,
窈,,380,,138,5,10,+30727+,/yao3,1エウ1(1ヨウ1)1あでやか1おくぶかい1おくゆかしい1かすか1くろい1のびやか1,
窎,窵,,381,138,5,10,+30127+,/diao4,1テウ1(1チョウ1),
窍,竅,,382,138,5,10,+30127+,/qiao4,1ケウ1(1キョウ1)1あな1うがつ1,
窊,窪,382,381,138,5,10,+30232+,/wa1,1ワ1くぼ1くぼむ1,
窒,,380,,138,6,11,+30104+,/zhi4,1チツ1チチ1,
窔,,380,,138,6,11,+30408+,/yao3/yao4,1エウ1(1ヨウ1),
窕,,381,,138,6,11,+30113+,/tiao3,1テウ1(1チョウ1)1デウ1(1ジョウ1)1あでやか1おくゆかしい1ふかい1,
窑,窯,382,381,138,6,11,+30772+,/yao2,1エウ1(1ヨウ1)1かま1,
窓,窗,382,381,138,6,11,+30333+,/chuang1,1サウ1(1ソウ1)1まど1,
窖,,381,,138,7,12,+30601+,/jiao4,1カウ1(1コウ1)1ケウ1(1キョウ1)1あな1あなぐら1ふかい1むろ1,
窗,,381,,138,7,12,+30608+,/chuang1,1サウ1(1ソウ1)1まど1,
窘,,381,,138,7,12,+30607+,/jun3/jiong3,1キン1ギン1あわただしい1きはまる1(1きわまる1)1くるしむ1せまる1たしなめる1,
窜,竄,,382,138,7,12,+30506+,/cuan4,1サン1ザン1もぐる1のがれる1かくれる1あらためる1にげる1はなす1,
窞,,381,,138,8,13,+30777+,/tan3,1タン1ダン1,
窟,,381,,138,8,13,+30272+,/ku1,1コツ1コチ1クツ1いはや1(1いわや1)1ほら1あな1ほらあな1,
窠,,381,,138,8,13,+30904+,/ke1,1クツ1あな1くぼみ1す1,
窣,,381,,138,8,13,+30408+,/su4,1ソツ1ソチ1,
窥,窺,,382,138,8,13,+30812+,/kui1,1キ1うかがひ1(1うかがい1)1うかがふ1(1うかがう1)1のぞく1,
窦,竇,,382,138,8,13,+30804+,/dou4,1トウ1ヅ1(1ズ1)1あな1あなぐら1くぐり1みぞ1,
窨,,381,,138,9,14,+30601+,/yin4,1イン1,
窩,,381,,138,9,14,+30227+,/wo1,1ワ1クワ1(1カ1)1あな1いはや1(1いわや1)1かくまふ1(1かくまう1)1かくす1むろ1,
窬,,381,,138,9,14,+30221+,/yu2,1ユ1トウ1ヅ1(1ズ1)1うがつ1くぐりど1,
窪,,381,,138,9,14,+30114+,/wa1,1ワ1くぼ1くぼむ1,
窭,窶,,381,138,9,14,+30404+,/ju4,1ク1グ1をか1(1おか1)1つか1まづしい1(1まずしい1)1やつす1やつれる1,
窮,,381,,138,10,15,+30227+,/qiong2,1キユウ1(1キュウ1)1ク1きはめる1(1きわめる1)1きはまる1(1きわまる1),
窯,,381,,138,10,15,+30331+,/yao2,1エウ1(1ヨウ1)1かま1,
窰,窯,382,381,138,10,15,+30772+,/yao2,1エウ1(1ヨウ1)1かま1,
窳,,381,,138,11,16,+30232+,/yu3,1ユ1いびつ1おこたる1ひくい1ゆがむ1,
窵,,381,,138,11,16,+30327+,/diao4,1テウ1(1チョウ1),
窶,,381,,138,11,16,+30404+,/ju4,1ク1グ1をか1(1おか1)1つか1まづしい1(1まずしい1)1やつす1やつれる1,
窸,窣,382,381,138,11,16,+30339+,/xi1,1シツ1シチ1,
窺,,382,,138,11,16,+30516+,/kui1,1キ1うかがひ1(1うかがい1)1うかがふ1(1うかがう1)1のぞく1,
窾,,382,,138,12,17,+30982+,/kuan3,1クワン1(1カン1)1むなしい1,
窿,,382,,138,12,17,+30214+,/long2,1リユウ1(1リュウ1)1リユ1(1リュ1)1ゆみがた1,
竄,,382,,138,13,18,+30717+,/cuan4,1サン1ザン1もぐる1のがれる1かくれる1あらためる1にげる1はなす1,
竅,,382,,138,13,18,+30248+,/qiao4,1ケウ1(1キョウ1)1あな1うがつ1,
竇,,382,,138,15,20,+30806+,/dou4,1トウ1ヅ1(1ズ1)1あな1あなぐら1くぐり1みぞ1,
竈,,382,,138,16,21,+30716+,/zao4,1サウ1(1ソウ1)1かまど1,
竊,,382,,138,18,23,+30927+,/qie4,1セツ1セチ1ぬすむ1ぬすみ1ひそか1ひそかに1,
立,,382,,139,0,5,+00108+,/li4,1リフ1(1リュウ1)1リツ1たつ1たてる1りつとる1(1りっとる1),
产,產,,341,139,1,6,+00201+,/chan3,1サン1セン1うむ1うまれる1うぶ1,
亲(1),親,,509,139,4,9,+00904+,/qin1,1シン1おや1したしい1したしむ1ちかい1みづから1(1みずから1),
亲(2),親,,509,139,4,9,+00904+,/qin4,1シン1,
竖,豎,,527,139,4,9,+27108+,/shu4,1シユ1(1シュ1)1ジユ1(1ジュ1)1たつ1たてる1たて1こども1こもの1,
站,,382,,139,5,10,+01160+,/zhan4,1タン1うまつぎ1えき1たたずむ1たつ1,
竚,,383,,139,5,10,+03121+,/zhu4,1チヨ1(1チョ1)1たたずむ1たちどまる1まつ1,
竞,競,,384,139,5,10,+00212+,/jing4,1ケイ1ギヤウ1(1ギョウ1)1キヤウ1(1キョウ1)1きそふ1(1きそう1)1きほふ1(1きおう1)1くらべる1せる1,
竝,並,384,003,139,5,10,+00118+,/bing4,1ヘイ1なみ1ならびに1ならぶ1ならべる1,
竟,,383,,139,6,11,+00216+,/jing4,1ケイ1キヤウ1(1キョウ1)1をへる1(1おえる1)1をはる1(1おわる1)1つきる1わたる1ついに1さかひ1(1さかい1),
章,,383,,139,6,11,+00406+,/zhang1,1シヤウ1(1ショウ1)1あや1しるし1あきらか1ふみ1,
竣,,383,,139,7,12,+03147+,/jun4,1シユン1(1シュン1)1セン1をはる1(1おわる1),
童,,383,,139,7,12,+00104+,/tong2,1トウ1ヅ1(1ズ1)1ドウ1わらべ1わらは1(1わらわ1)1はげる1,
竦,,383,,139,7,12,+05196+,/song3,1シヨウ1(1ショウ1)1そばだつ1すくむ1つつしむ1おそれる11そびえる1そびやかす1つまだつ1,
竫,靜,383,609,139,8,13,+02157+,/jing4,1セイ1ジヤウ1(1ジョウ1),
竭,,383,,139,9,14,+06127+,/jie2,1ケツ1ゲチ1つきる1つくす1かれる1ことごとく1,
端,,383,,139,9,14,+02127+,/duan1,1タン1ただしい1は1はし1はじめ1はた1はな1まさに1,
竪,豎,384,527,139,9,14,+77108+,/shu4,1シユ1(1シュ1)1ジユ1(1ジュ1)1たつ1たてる1たて1こども1こもの1,
競,,384,,139,15,20,+00216+,/jing4,1ケイ1ギヤウ1(1ギョウ1)1キヤウ1(1キョウ1)1きそふ1(1きそう1)1きほふ1(1きおう1)1くらべる1せる1,
竸,競,384,384,139,17,22,+00216+,/jing4,1ケイ1ギヤウ1(1ギョウ1)1キヤウ1(1キョウ1)1きそふ1(1きそう1)1きほふ1(1きおう1)1くらべる1せる1,
业,業,,254,140,0,5,+32100+,/ye4,1ゲフ1(1ギョウ1)1ゴフ1(1ゴウ1)1わざ1なりはひ1(1なりわい1)1すでに1,
竹,,385,,148,0,6,+88220+,/zhu2,1チク1トク1たけ1,
竺(1),,385,,148,2,8,+88101+,/zhu2,1チク1ヂク1(1ジク1)1たけ1,
竺(2),篤,385,392,148,2,8,+88101+,/du3,1トク1あつい1,
竽,,385,,148,3,9,+88401+,/yu2,1ウ1ふえ1,
竿,,385,,148,3,9,+88401+,/gan1,1カン1さを1(1さお1)1ふだ1,
笃,篤,,392,148,3,9,+88127+,/du3,1トク1あつい1,
竾,篪,396,393,148,3,9,+88712+,/chi2,1チ1ヂ1(1ジ1),
笆,,385,,148,4,10,+88717+,/ba1,1ハ1ベ1いばらだけ1たけがき1,
笈,,385,,148,4,10,+88247+,/ji2,1ケフ1(1キョウ1)1ゴフ1(1ゴウ1)1キフ1(1キュウ1)1ギフ1(1ギュウ1)1おひ1(1おい1),
笊,,385,,148,4,10,+88232+,/zhao4,1サウ1(1ソウ1)1セウ1(1ショウ1)1ざる1す1,
笋,筍,385,387,148,4,10,+88507+,/sun3,1シユン1(1シュン1)1ジユン1(1ジュン1)1たけのこ1ほぞ1かけざを1(1かけざお1),
笏,,385,,148,4,10,+88227+,/hu4,1コツ1コチ1しやく1(1しゃく1),
笑,,385,,148,4,10,+88432+,/xiao4,1セウ1(1ショウ1)1わらふ1(1わらう1)1わらひ1(1わらい1)1ゑむ1(1えむ1),
笔,筆,,387,148,4,10,+88715+,/bi3,1ヒツ1ヒチ1ふで1,
笙,,386,,148,5,11,+88104+,/sheng1,1サウ1(1ソウ1)1シヤウ1(1ショウ1)1ふえ1,
笛,,386,,148,5,11,+88603+,/di2,1テキ1ヂヤク1(1ジャク1)1ふえ1,
笞,,386,,148,5,11,+88603+,/chi1,1チ1むち1むちうつ1,
笠,,386,,148,5,11,+88108+,/li4,1リフ1(1リュウ1)1リツ1かさ1,
笥,,386,,148,5,11,+88627+,/si4,1シ1ス1はこ1け1,
符,,386,,148,5,11,+88243+,/fu2,1フ1ブ1わりふ1しるし1ふだ1,
笨,,386,,148,5,11,+88234+,/ben4,1ホン1ボン1あらい1おろか1そまつ1,
笪,,386,,148,5,11,+88106+,/da2,1タツ1タチ1ダツ1うつ1,
笫,,386,,148,5,11,+88227+,/zi3,1シ1,
第,,386,,148,5,11,+88227+,/di4,1テイ1ダイ1ついで1やしき1ただ1,
笱,,386,,148,5,11,+88627+,/gou3,1コウ1グ1やな1,
笳,,387,,148,5,11,+88463+,/jia1,1カ1ケ1あしぶえ1,
笵,,387,,148,5,11,+88112+,/fan4,1ハン1ボン1いがた1のり1,
笺,箋,,389,148,5,11,+88503+,/jian1,1セン1かきもの1てがみ1ときあかし1なふだ1はりふだ1ふだ1,
笼,籠,,396,148,5,11,+88414+,/long2,1ロウ1ル1かご1えびら1こめる1こもる1,
笾,籩,,396,148,5,11,+88302+,/bian1,1ヘン1,
筅,,387,,148,6,12,+88211+,/xian3,1セン1ささら1,
筆,,387,,148,6,12,+88507+,/bi3,1ヒツ1ヒチ1ふで1,
筇,,387,,148,6,12,+88127+,/qiong2,1キヨウ1(1キョウ1)1グ1つゑ1(1つえ1),
筈,,387,,148,6,12,+88604+,/gua1,1クワツ1(1カツ1)1クワチ1(1カチ1)1やはず1はず1,
等,,387,,148,6,12,+88341+,/deng3,1トウ1ひとしい1など1たぐひ1(1たぐい1)1ら1なに1まつ1,
筋,,387,,148,6,12,+88227+,/jin1,1キン1コン1すぢ1(1すじ1),
筌,,387,,148,6,12,+88104+,/quan2,1セン1うへ1(1うえ1)1ふせご1,
筍,,387,,148,6,12,+88627+,/sun3,1シユン1(1シュン1)1ジユン1(1ジュン1)1たけのこ1ほぞ1かけざを1(1かけざお1),
筐,,387,,148,6,12,+88711+,/kuang1,1キヤウ1(1キョウ1)1カウ1(1コウ1)1かご1,
筏,,388,,148,6,12,+88253+,/fa2,1ハツ1バチ1バツ1いかだ1,
筑,,388,,148,6,12,+88117+,/zhu2,1チク1ツク1,
筒,,388,,148,6,12,+88227+,/tong2/tong3,1トウ1ヅ1(1ズ1)1つつ1,
筓,,388,,148,6,12,+88441+,/ji1,1ケイ1ゲイ1かんざし1かうがい1(1こうがい1),
答,,388,,148,6,12,+88601+,/da2/da1,1タフ1(1トウ1)1こたへる1(1こたえる1)1こたへ1(1こたえ1),
策,,388,,148,6,12,+88902+,/ce4,1サク1シヤク1(1シャク1)1ふだ1ふみ1はかりごと1むち1むちうつ1つゑ1(1つえ1)1かずとり1,
筝,箏,,389,148,6,12,+88507+,/zheng1,1サウ1(1ソウ1)1シヤウ1(1ショウ1)1こと1,
筛,篩,,392,148,6,12,+88227+,/shi1/shai1,1シ1サイ1ふるひ1(1ふるい1)1ふるふ1(1ふるう1),
筚,篳,,393,148,6,12,+88401+,/bi4,1ヒツ1ヒチ1いばら1しば1まがき1,
筜,簹,,394,148,6,12,+88177+,/dang1,1タウ1(1トウ1),
筠,,388,,148,7,13,+88127+,/yun2,1ヰン1(1イン1)1たけ1,
筤,,388,,148,7,13,+88732+,/lang2,1ラウ1(1ロウ1),
筥,,388,,148,7,13,+88606+,/ju3,1キヨ1(1キョ1)1ゴ1はこ1いねたば1いなたば1,
筧,,388,,148,7,13,+88216+,/jian3,1ケン1ゲン1かけひ1(1かけい1),
筩,筒,388,388,148,7,13,+88227+,/tong3,1トウ1ヅ1(1ズ1)1ながい1,
筭,算,388,390,148,7,13,+88441+,/suan4,1サン1かぞへる1(1かぞえる1),
筮,,388,,148,7,13,+88108+,/shi4,1セイ1ゼイ1うらなひ1(1うらない1)1うらなふ1(1うらなう1)1めどぎ1,
筰,,389,,148,7,13,+88211+,/zuo2,1サク1ザク1たけなは1(1たけなわ1),
筱,小,389,130,148,7,13,+88248+,/xiao3,1セウ1(1ショウ1)1しの1しのだけ1,
筲,,389,,148,7,13,+88227+,/shao1,1サウ1(1ソウ1)1セウ1(1ショウ1)1かご1ふご1めしびつ1,
筳,,389,,148,7,13,+88401+,/ting2,1テイ1チヤウ1(1チョウ1),
筴,策,389,388,148,7,13,+88438+,/ce4,1サク1シヤク1(1シャク1)1はかりごと1はさむ1はし1めどき1めどぎ1,
筵,,389,,148,7,13,+88401+,/yan2,1エン1せき1むしろ1,
筷,,389,,148,7,13,+88934+,/kuai4,1クワイ1(1カイ1),
筸,,389,,148,7,13,+88401+,/gan1,1カン1,
筢,,389,,148,7,13,+88517+,/pa2,1ハ1,
節(1),26243,396,391,148,7,13,+88727+,/jie2/jie1,1セツ1セチ1ふし1みさを1(1みさお1)1のつと1(1のっと1),
節(2),26243,396,391,148,7,13,+88727+,/jie2,1セツ1セチ1,
筼,篔,,392,148,7,13,+88802+,/yun2/yuan2,1ウン1ヱン1(1エン1),
简,簡,,394,148,7,13,+88227+,/jian3,1カン1ケン1ふだ1えらぶ1おほきい1(1おおきい1),
签(1),簽,,394,148,7,13,+88109+,/qian1,1セン1かご1しるす1はりふだ1ふだ1みだし1,
签(2),籤,,396,148,7,13,+88109+,/qian1,1セン1くじ1うらなふ1(1うらなう1)1くし1ひご1,
筹,籌,,395,148,7,13,+88345+,/chou2,1チウ1(1チュウ1)1ヂユ1(1ジュ1)1かずとり1はかりごと1はかる1や1くじ1,
筞,策,396,388,148,7,13,+88904+,/ce4,1サク1シヤク1(1シャク1)1ふだ1ふみ1はかりごと1むち1むちうつ1つゑ1(1つえ1)1かずとり1,
筯,箸,397,391,148,7,13,+88127+,/zhu4,1チヨ1(1チョ1)1ド1はし1あらはす1(1あらわす1)1きる1つく1,
筦,管,396,390,148,8,14,+88211+,/guan3,1クワン1(1カン1)1ふえ1くだ1つかさどる1,
箇,个,389,003,148,8,14,+88603+,/ge4,1カ1コ1,
箋,,389,,148,8,14,+88503+,/jian1,1セン1かきもの1てがみ1ときあかし1なふだ1はりふだ1ふだ1,
箍,,389,,148,8,14,+88512+,/gu1,1コ1ク1たが1,
箏,,389,,148,8,14,+88507+,/zheng1,1サウ1(1ソウ1)1シヤウ1(1ショウ1)1こと1,
箑,,389,,148,8,14,+88801+,/sha4,1セフ1(1ショウ1)1ゼフ1(1ジョウ1)1サフ1(1ソウ1)1あふぎ1(1おうぎ1),
箔,,389,,148,8,14,+88163+,/bo2,1ハク1バク1すだれ1のべがね1まぶし1,
箕,,390,,148,8,14,+88801+,/ji1,1キ1み1みぼし1ちりとり1,
算(1),,390,,148,8,14,+88446+,/suan4,1サン1かず1,
算(2),,390,,148,8,14,+88446+,/suan4,1サン1かぞへる1(1かぞえる1),
箙,,390,,148,8,14,+88247+,/fu2,1フク1ブク1えびら1やなぐひ1(1やなぐい1),
箚,,390,,148,8,14,+88623+,/zha2,1タフ1(1トウ1)1サツ1さす1しるす1まうしぶみ1(1もうしぶみ1),
箜,,390,,148,8,14,+88101+,/kong1,1コウ1ク1,
箝,,390,,148,8,14,+88575+,/qian2,1ケン1ゲン1カン1くびかせ1つぐむ1とざす1はさむ1,
箠,,390,,148,8,14,+88104+,/chui2,1ツヰ1(1ツイ1),
管,,390,,148,8,14,+88777+,/guan3,1クワン1(1カン1)1ふえ1くだ1つかさどる1,
箫,簫,,394,148,8,14,+88227+,/xiao1,1セウ1(1ショウ1)1ふえ1ゆはず1,
箓,籙,,395,148,8,14,+88909+,/lu4,1リヨク1(1リョク1)1ロク1,
箨,籜,,396,148,8,14,+88554+,/tuo4,1タク1,
箩,籮,,396,148,8,14,+88207+,/luo2,1ラ1したみ1み1,
箆,篦,397,392,148,8,14,+88711+,/bi4,1ヘイ1ハイ1くし1かんざし1すきぐし1の1へら1,
箒,帚,397,143,148,8,14,+88227+,/zhou3,1シウ1(1シュウ1)1シユ1(1シュ1)1サウ1(1ソウ1)1はうき1(1ほうき1)1はく1,
箬,,391,,148,9,15,+88604+,/ruo4,1ジヤク1(1ジャク1)1ニヤク1(1ニャク1),
箭,,391,,148,9,15,+88221+,/jian4,1セン1や1やだけ1,
箯,,391,,148,9,15,+88246+,/bian1/pian2,1ヘン1ベン1あをだ1(1あおだ1)1あんだ1,
箱,,391,,148,9,15,+88963+,/xiang1,1シヤウ1(1ショウ1)1サウ1(1ソウ1)1はこ1,
箲,筅,391,387,148,9,15,+88111+,/xian3,1セン1ささら1,
箴,,391,,148,9,15,+88253+,/zhen1,1シン1はり1いしばり1いましめ1いましめる1,
箸,著,391,464,148,9,15,+88604+,/zhu4,1チヨ1(1チョ1)1ド1はし1あらはす1(1あらわす1)1きる1つく1,
26243(1),,391,,148,9,15,+88727+,/jie2,1セツ1セチ1ふし1みさを1(1みさお1)1のつと1(1のっと1),
26243(2),,391,,148,9,15,+88727+,/jie2,1セツ1セチ1,
篁,,391,,148,9,15,+88104+,/huang2,1クワウ1(1コウ1)1ワウ1(1オウ1)1たかむら1たけ1たけやぶ1,
範,,391,,148,9,15,+88512+,/fan4,1ハン1ボン1いがた1わく1さかひ1(1さかい1)1かた1のり1,
篆,,392,,148,9,15,+88232+,/zhuan4,1テン1デン1,
篇,,392,,148,9,15,+88227+,/pian1,1ヘン1ふだ1ふみ1まき1,
篋,,392,,148,9,15,+88713+,/qie4,1ケフ1(1キョウ1)1はこ1,
篌,箜,392,390,148,9,15,+88234+,/gou2,1コウ1グ1,
篓,簍,,393,148,9,15,+88404+,/lou3,1ロウ1ル1ロ1たけかご1,
箪,簞,,393,148,9,15,+88506+,/dan1,1タン1はこ1ひさご1わりご1,
篑,簣,,394,148,9,15,+88802+,/kui4,1キ1ギ1クワイ1(1カイ1)1ケ1あじか1もつこ1(1もっこ1),
築,,392,,148,10,16,+88904+,/zhu2,1チク1トク1きづく1(1きずく1)1つく1,
篔,,392,,148,10,16,+88806+,/yun2/yuan2,1ウン1ヱン1(1エン1),
篙,,392,,148,10,16,+88227+,/gao1,1カウ1(1コウ1)1さを1(1さお1),
篚,,392,,148,10,16,+88711+,/fei3,1ヒ1かたみ1,
篝,,392,,148,10,16,+88557+,/gou1,1コウ1ク1かがり1かご1ふせご1,
篡,,392,,148,10,16,+88732+,/cuan4,1サン1セン1うばふ1(1うばう1),
篠,,392,,148,10,16,+88294+,/xiao3,1セウ1(1ショウ1)1しの1,
篤,,392,,148,10,16,+88327+,/du3,1トク1あつい1,
篥,觱,392,512,148,10,16,+88904+,/li4,1リツ1リチ1リキ1,
篦,,392,,148,10,16,+88711+,/bi4,1ヘイ1ハイ1くし1かんざし1すきぐし1の1へら1,
篨,,392,,148,10,16,+88294+,/chu2,1チヨ1(1チョ1)1ヂヨ1(1ジョ1),
篩,,392,,148,10,16,+88727+,/shi1/shai1,1シ1サイ1ふるひ1(1ふるい1)1ふるふ1(1ふるう1),
篪,竾,393,396,148,10,16,+88211+,/chi2,1チ1ヂ1(1ジ1),
26339,,393,,148,10,16,+88527+,/shao1,1サウ1(1ソウ1)1セウ1(1ショウ1),
篮,籃,,395,148,10,16,+88102+,/lan2,1ラン1かご1,
篯,籛,,395,148,10,16,+88753+,/jian1,1セン1,
篭,籠,,396,148,10,16,+88211+,/long2,1ロウ1ル1かご1えびら1こめる1こもる1,
篱,籬,,396,148,10,16,+88227+,/li2,1リ1まがき1かき1ませがき1,
篗,籰,,396,148,10,16,+88407+,/jue4,1ワク1,
26389,蔑,397,469,148,10,16,+88253+,/mie4,1ベツ1メチ1ない1ないがしろ1さげすむ1くらい1ちいさい1,
篛,箬,397,391,148,10,16,+88127+,/ruo4,1ジヤク1(1ジャク1)1ニヤク1(1ニャク1),
簑,蓑,397,468,148,10,16,+88732+,/suo1,1サ1みの1おほふ1(1おおう1),
篲,,393,,148,11,17,+88174+,/sui4,1セイ1ゼイ1エイ1,
篳,,393,,148,11,17,+88504+,/bi4,1ヒツ1ヒチ1いばら1しば1まがき1,
篷,,393,,148,11,17,+88304+,/peng2,1ホウ1ブ1とま1こぶね1ふね1,
篺,,393,,148,11,17,+88546+,/pai1,1ハイ1ベ1,
篼,,393,,148,11,17,+88217+,/dou1,1トウ1ヅ1(1ズ1),
篾,,393,,148,11,17,+88253+,/mie4,1ベツ1メチ1,
簀,,393,,148,11,17,+88806+,/ze2,1サク1シヤク1(1シャク1)1す1すのこ1,
箦,簀,,393,148,11,17,+88802+,/ze2,1サク1シヤク1(1シャク1)1す1すのこ1,
簇(1),,393,,148,11,17,+88234+,/cu4,1ソク1むらがる1あつまる1やじり1,
簇(2),,393,,148,11,17,+88234+,/cou4,1ソウ1ス1,
簉,,393,,148,11,17,+88306+,/cou4,1シウ1(1シュウ1)1シユ1(1シュ1),
簋,,393,,148,11,17,+88107+,/gui3,1キ1,
簍,,393,,148,11,17,+88404+,/lou3,1ロウ1ル1ロ1たけかご1,
簏,,393,,148,11,17,+88211+,/lu4,1ロク1はこ1,
簘,簫,,394,148,11,17,+88227+,/xiao1,1セウ1(1ショウ1)1ふえ1ゆはず1,
簖,籪,,396,148,11,17,+88721+,/duan4,1タン1,
簒,篡,397,392,148,11,17,+88732+,/cuan4,1サン1セン1うばふ1(1うばう1),
篴,笛,397,386,148,11,17,+88303+,/di2,1テキ1ヂヤク1(1ジャク1)1ふえ1,
簞,,393,,148,12,18,+88506+,/dan1,1タン1はこ1ひさご1わりご1,
簟,,393,,148,12,18,+88406+,/dian4,1テン1デン1すのこ1たかむしろ1,
簠,,393,,148,12,18,+88107+,/fu3,1フ1ホ1,
簡,,394,,148,12,18,+88227+,/jian3,1カン1ケン1ふだ1えらぶ1おほきい1(1おおきい1),
簣,,394,,148,12,18,+88806+,/kui4,1キ1ギ1クワイ1(1カイ1)1ケ1あじか1もつこ1(1もっこ1),
簦,,394,,148,12,18,+88108+,/deng1,1トウ1,
簧,,394,,148,12,18,+88806+,/huang2,1クワウ1(1コウ1)1ワウ1(1オウ1)1した1ふえ1,
簨,,394,,148,12,18,+88801+,/sun3,1シユン1(1シュン1),
簪,,394,,148,12,18,+88601+,/zan1,1シン1サン1ソン1かざす1かんざし1はやい1あつまる1,
簮,簪,397,394,148,12,18,+88603+,/zan1,1シン1サン1ソン1かざす1かんざし1はやい1あつまる1,
簫,,394,,148,13,19,+88227+,/xiao1,1セウ1(1ショウ1)1ふえ1ゆはず1,
簴,,394,,148,13,19,+88281+,/ju3,1キヨ1(1キョ1)1コ1,
簸,,394,,148,13,19,+88847+,/bo3/bo4,1ハ1ひる1あふる1(1あおる1),
簹,篔,394,392,148,13,19,+88606+,/dang1,1タウ1(1トウ1),
簽,籤,394,396,148,13,19,+88886+,/qian1,1セン1かご1しるす1はりふだ1ふだ1みだし1,
簾,,395,,148,13,19,+88237+,/lian2,1レン1す1すだれ1,
簿(1),,395,,148,13,19,+88146+,/bu4,1ホ1ブ1ボ1たけふだ1とぢもの1,
簿(2),箔,395,389,148,13,19,+88146+,/bo2,1ハク1,
籀,籒,,395,148,13,19,+88562+,/zhou4,1チウ1(1チュウ1)1ヂユ1(1ジュ1)1よむ1,
籁,籟,,396,148,13,19,+88982+,/lai4,1ライ1ふえ1ひびき1,
籃,,395,,148,14,20,+88107+,/lan2,1ラン1かご1,
籌,,395,,148,14,20,+88641+,/chou2,1チウ1(1チュウ1)1ヂユ1(1ジュ1)1かずとり1はかりごと1はかる1や1くじ1,
籍,,395,,148,14,20,+88961+,/ji2,1セキ1ジヤク1(1ジャク1)1ふみ1ふむ1しく1すく1,
44455,饌撰,397,623205,148,14,20,+88732+,/zhuan4/zhuan3/xuan3,1セン1そなへる1(1そなえる1)1そなへもの1(1そなえもの1)1えらぶ1える1すぐる1よる1,
籒,,395,,148,15,21,+88567+,/zhou4,1チウ1(1チュウ1)1ヂユ1(1ジュ1)1よむ1,
籖,籤,397,396,148,15,21,+88153+,/qian1,1セン1くじ1うらなふ1(1うらなう1)1くし1ひご1,
籐,藤,397,477,148,15,21,+88232+,/teng2,1トウ1ドウ1ふぢ1(1ふじ1),
籙,,395,,148,16,22,+88132+,/lu4,1リヨク1(1リョク1)1ロク1,
籛,,395,,148,16,22,+88153+,/jian1,1セン1,
籜,,396,,148,16,22,+88541+,/tuo4,1タク1,
籟,,396,,148,16,22,+88986+,/lai4,1ライ1ふえ1ひびき1,
籠,,396,,148,16,22,+88716+,/long2,1ロウ1ル1かご1えびら1こめる1こもる1,
籤,簽,396,394,148,17,23,+88153+,/qian1,1セン1くじ1うらなふ1(1うらなう1)1くし1ひご1,
籥,鑰,396,590,148,17,23,+88227+,/yue4,1ヤク1ふえ1,
籧(1),,396,,148,17,23,+88303+,/qu2,1キヨ1(1キョ1)1ゴ1,
籧(2),,396,,148,17,23,+88303+,/ju3,1キヨ1(1キョ1)1コ1,
籩,,396,,148,18,24,+88302+,/bian1,1ヘン1,
籪,,396,,148,18,24,+88721+,/duan4,1タン1,
籬,,396,,148,19,25,+88414+,/li2,1リ1まがき1かき1ませがき1,
籮,,396,,148,19,25,+88914+,/luo2,1ラ1したみ1み1,
籯,,396,,148,20,26,+88217+,/ying2,1エイ1ヤウ1(1ヨウ1),
籰,,396,,148,20,26,+88407+,/jue4,1ワク1,
籲,,396,,148,26,32,+88286+,/yu4,1ユ1ヤク1,
米,,397,,149,0,6,+90904+,/mi3,1ベイ1マイ1メ1こめ1よね1いね1めーとる1,
籴,糴,,400,149,2,8,+80904+,/di2,1テキ1ヂヤク1(1ジャク1)1いりよね1かひよね1(1かいよね1)1かふ1(1かう1),
籽,,397,,149,3,9,+97947+,/zi3,1シ1,
类,類,,617,149,3,9,+90804+,/lei4,1ルヰ1(1ルイ1)1たぐひ1(1たぐい1)1たぐへる1(1たぐえる1)1にる1おほよそ1(1おおよそ1)1おほむね1(1おおむね1),
籼,秈,400,374,149,3,9,+92970+,/xian1,1セン1うるち1,
粃,秕,397,375,149,4,10,+91910+92910+,/bi3,1ヒ1しひな1(1しいな1)1くづごめ1(1くずごめ1)1わるい1,
粉,,397,,149,4,10,+98927+,/fen3,1フン1こ1こな1,
粇,秔,400,375,149,4,10,+90917+,/geng1/jing1,1カウ1(1コウ1)1うるち1,
粋,粹,,398,149,4,10,+94941+,/cui4,1スヰ1(1スイ1)1くはしい1(1くわしい1)1いき1,
粒,,397,,149,5,11,+90918+,/li4,1リフ1(1リュウ1)1つぶ1,
粕,糟,397,399,149,5,11,+96900+,/po4,1ハク1かす1,
粗,,397,,149,5,11,+97910+,/cu1,1ソ1あらい1あら1ほぼ1,
粘,黏,397,649,149,5,11,+91960+,/nian2,1デン1ネン1ねばる1,
粝,糲,,400,149,5,11,+91927+,/li4,1レイ1ライ1ラツ1ラチ1くろごめ1あらい1,
粜,糶,,400,149,5,11,+22904+,/tiao4,1テウ1(1チョウ1)1デウ1(1ジョウ1)1せり1うりよね1うる1だしよね1,
粛,肅,400,430,149,5,11,+50227+,/su4,1シユク1(1シュク1)1つつしむ1しづか1(1しずか1),
粞,,397,,149,6,12,+91960+,/xi1,1セイ1サイ1,
粟,,397,,149,6,12,+10904+,/su4,1シヨク1(1ショク1)1ソク1ゾク1あは1(1あわ1)1ふち1もみ1,
粢(1),,397,,149,6,12,+37904+,/zi1,1シ1ジ1きび1こくもつ1しとぎ1もち1,
粢(2),,397,,149,6,12,+37904+,/ji4,1セイ1サイ1,
粤,越,398,538,149,6,12,+26207+,/yue4,1ヱツ1(1エツ1)1ヲチ1(1オチ1)1ここに1ああ1,
粥(1),,398,,149,6,12,+17227+,/zhu4/zhou1,1シユク1(1シュク1)1かゆ1,
粥(2),鬻,398,633,149,6,12,+17227+,/yu4,1イク1ひさぐ1うる1,
粧,,398,,149,6,12,+90914+,/zhuang1,1シヤウ1(1ショウ1)1サウ1(1ソウ1)1よそほふ1(1よそおう1)1よそほひ1(1よそおい1),
粪,糞,,399,149,6,12,+90801+,/fen4,1フン1くそ1けがれ1つちかふ1(1つちかう1)1はらふ1(1はらう1),
粱,,398,,149,7,13,+33904+,/liang2,1リヤウ1(1リョウ1)1あは1(1あわ1)1こくもつ1,
粲,,398,,149,7,13,+27904+,/can4,1サン1あきらか1あざやか1いひ1(1いい1)1いひめし1(1いいめし1)1きよらか1しらげよね1わらふ1(1わらう1),
粮,糧,400,399,149,7,13,+93932+,/liang2,1リヤウ1(1リョウ1)1ラウ1(1ロウ1)1かて1,
粳,秔,400,375,149,7,13,+91946+,/geng1/jing1,1カウ1(1コウ1)1うるち1,
粰,稃,400,376,149,7,13,+92947+,/fu1,1フ1ヒウ1(1ヒュウ1)1ブ1,
粹,,398,,149,8,14,+90948+,/cui4,1スヰ1(1スイ1)1くはしい1(1くわしい1)1いき1,
粺,,398,,149,8,14,+96940+,/bai4,1ハイ1バイ1,
精,,398,,149,8,14,+95927+,/jing1,1セイ1シヤウ1(1ショウ1)1こころ1もののけ1くはしい1(1くわしい1)1しらげる1,
糁,糝,,399,149,8,14,+93922+,/san3,1サン1めしつぶ1こながき1まじへる1(1まじえる1)1まぜる1,
粽,糉,400,399,149,8,14,+93991+,/zong1,1ソウ1ス1ちまき1,
糅,,398,,149,9,15,+97994+,/rou3,1ヂウ1(1ジュウ1)1ニユ1(1ニュ1)1かて1かてる1まじへる1(1まじえる1)1まじる1,
糈,,398,,149,9,15,+97927+,/xu1,1シヨ1(1ショ1)1ソ1かて1しらげよね1,
糉,,399,,149,9,15,+92947+,/zong1,1ソウ1ス1ちまき1,
糊,,399,,149,9,15,+97920+,/hu2,1コ1ゴ1のり1くちすぎ1,
糇,餱,400,622,149,9,15,+97934+,/hou2,1コウ1グ1,
糒,,399,,149,10,16,+94927+,/bei4,1ヒ1ビ1ハイ1バイ1ほしいひ1(1ほしいい1)1かて1,
糕,餻,399,622,149,10,16,+98931+,/gao1,1カウ1(1コウ1)1こなもち1,
糖,,399,,149,10,16,+90967+,/tang2,1タウ1(1トウ1)1ダウ1(1ドウ1)1あめ1,
糗,,399,,149,10,16,+96934+,/qiu3,1キウ1(1キュウ1)1ク1いりごめ1ほしいひ1(1ほしいい1),
糙,,399,,149,11,17,+95936+,/cao1,1サウ1(1ソウ1)1あらい1くろごめ1,
糜,,399,,149,11,17,+00294+,/mi2,1ビ1ミ1かゆ1ただれる1つひやす1(1ついやす1)1ほろびる1,
糝,,399,,149,11,17,+93922+,/san3,1サン1めしつぶ1こながき1まじへる1(1まじえる1)1まぜる1,
糞,拚,399,191,149,11,17,+90801+,/fen4,1フン1くそ1けがれ1つちかふ1(1つちかう1)1はらふ1(1はらう1),
糟,,399,,149,11,17,+95966+,/zao1,1サウ1(1ソウ1)1かす1もろみ1,
糠,,399,,149,11,17,+90932+,/kang1,1カウ1(1コウ1)1ぬか1,
27092,糰,400,400,149,11,17,+95943+,/tuan2,1タン1ダン1,
糧,,399,,149,12,18,+96914+,/liang2,1リヤウ1(1リョウ1)1ラウ1(1ロウ1)1かて1,
糯,,399,,149,14,20,+91927+,/nuo4,1ダ1ナ1もちごめ1うるち1いね1,
糰,,400,,149,14,20,+96900+,/tuan2,1タン1ダン1,
糲,,400,,149,15,21,+91927+,/li4,1レイ1ライ1ラツ1ラチ1くろごめ1あらい1,
糴,,400,,149,16,22,+87914+,/di2,1テキ1ヂヤク1(1ジャク1)1いりよね1かひよね1(1かいよね1)1かふ1(1かう1),
糵,,400,,149,17,23,+44904+,/nie4,1ゲツ1ゲチ1,
糶,,400,,149,18,24,+27914+,/tiao4,1テウ1(1チョウ1)1デウ1(1ジョウ1)1せり1うりよね1うる1だしよね1,
糸,,400,,150,0,6,+22903+,/mi4,1ベキ1ミヤク1(1ミャク1)1シ1いと1,
系,,400,,150,1,7,+20903+,/xi4,1ケイ1ガイ1つなぐ1つながる1かける1すぢ1(1すじ1),
糾,,400,,150,2,8,+22900+,/jiu3/jiu1,1キウ1(1キュウ1)1ク1あざなふ1(1あざなう1)1よぢる1(1よじる1)1よりなは1(1よりなわ1)1よぢれる1(1よじれる1)1まとふ1(1まとう1)1ただす1,
纠,糾,,400,150,2,5,+22100+,/jiu3/jiu1,1キウ1(1キュウ1)1ク1あざなふ1(1あざなう1)1よぢる1(1よじる1)1よりなは1(1よりなわ1)1よぢれる1(1よじれる1)1まとふ1(1まとう1)1ただす1,
紀,,400,,150,3,9,+27917+,/ji4,1キ1をさめる1(1おさめる1)1のり1いとぐち1しるす1,
纪,紀,,400,150,3,6,+27117+,/ji4,1キ1をさめる1(1おさめる1)1のり1いとぐち1しるす1,
紂,,401,,150,3,9,+24900+,/zhou4,1チウ1(1チュウ1)1ヂユ1(1ジュ1)1しりがい1,
纣,紂,,401,150,3,6,+24100+,/zhou4,1チウ1(1チュウ1)1ヂユ1(1ジュ1)1しりがい1,
紃,,401,,150,3,9,+22900+,/xun2,1シユン1(1シュン1)1ジユン1(1ジュン1)1セン1,
約,,401,,150,3,9,+27920+,/yue1,1ヤク1つづめる1つづまる1つづましい1つづまやか1あらまし1ちかふ1(1ちかう1),
约,約,,401,150,3,6,+27120+,/yue1,1ヤク1つづめる1つづまる1つづましい1つづまやか1あらまし1ちかふ1(1ちかう1),
紅(1),,401,,150,3,9,+21910+,/hong2,1コウ1グ1あか1あかい1くれなゐ1(1くれない1)1べに1もみ1,
紅(2),工,401,140,150,3,9,+21910+,/gong1,1コウ1ク1,
红(1),紅,,401,150,3,6,+21112+,/hong2,1コウ1グ1あか1あかい1くれなゐ1(1くれない1)1べに1もみ1,
红(2),紅,,401,150,3,6,+21112+,/gong1,1コウ1ク1,
紆,,401,,150,3,9,+21940+,/yu1,1ウ1ク1まがる1まげる1めぐる1めぐらす1まとふ1(1まとう1)1まつはる1(1まつわる1),
纡,紆,,401,150,3,6,+21140+,/yu1,1ウ1ク1まがる1まげる1めぐる1めぐらす1まとふ1(1まとう1)1まつはる1(1まつわる1),
紇,,401,,150,3,9,+28917+,/he2,1コツ1ゴチ1,
纥,紇,,401,150,3,6,+28117+,/he2,1コツ1ゴチ1,
紈,,401,,150,3,9,+25917+,/wan2,1クワン1(1カン1)1グワン1(1ガン1)1しろぎぬ1,
纨,紈,,401,150,3,6,+25117+,/wan2,1クワン1(1カン1)1グワン1(1ガン1)1しろぎぬ1,
紉,,401,,150,3,9,+27920+,/ren4,1ヂン1(1ジン1)1ニン1,
纻,紵,,403,150,3,6,+23112+,/zhu4,1チヨ1(1チョ1)1ヂヨ1(1ジョ1)1あさぬの1いちび1からむし1,
纤(1),縴,,413,150,3,6,+22140+,/qian4,1ケン1,
纤(2),纖,,417,150,3,6,+22140+,/xian1,1セン1ほそい1ちいさい1こまかい1しなやか1すぢ1(1すじ1),
纩,纊,,416,150,3,6,+20100+,/kuang4,1クワウ1(1コウ1)1わた1わたいれ1,
紊,,402,,150,4,10,+00903+,/wen4,1ブン1モン1ビン1みだれる1みだす1,
紋,,402,,150,4,10,+20940+,/wen2,1ブン1モン1あや1,
纹,紋,,402,150,4,7,+20140+,/wen2,1ブン1モン1あや1,
納,,402,,150,4,10,+24927+,/na4,1ダフ1(1ドウ1)1ナフ1(1ノウ1)1タフ1(1トウ1)1ナ1をさめる1(1おさめる1)1をさまる1(1おさまる1)1いれる1をさめ1(1おさめ1),
纳,納,,402,150,4,7,+24127+,/na4,1ダフ1(1ドウ1)1ナフ1(1ノウ1)1タフ1(1トウ1)1ナ1をさめる1(1おさめる1)1をさまる1(1おさまる1)1いれる1をさめ1(1おさめ1),
紐,,402,,150,4,10,+27915+,/niu3,1ヂウ1(1ジュウ1)1ニユ1(1ニュ1)1チウ1(1チュウ1)1ひも1むすぶ1,
纽,紐,,402,150,4,7,+27112+,/niu3,1ヂウ1(1ジュウ1)1ニユ1(1ニュ1)1チウ1(1チュウ1)1ひも1むすぶ1,
紓,,402,,150,4,10,+27922+,/shu1,1シヨ1(1ショ1)1ジヨ1(1ジョ1)1とく1やはらげる1(1やわらげる1)1ゆるめる1,
纾,紓,,402,150,4,7,+27122+,/shu1,1シヨ1(1ショ1)1ジヨ1(1ジョ1)1とく1やはらげる1(1やわらげる1)1ゆるめる1,
純(1),,402,,150,4,10,+25917+,/chun2,1シユン1(1シュン1)1ジユン1(1ジュン1)1きいと1,
純(2),,402,,150,4,10,+25917+,/zhun3,1シユン1(1シュン1),
純(3),,402,,150,4,10,+25917+,/tun2,1トン1ドン1,
纯(1),純,,402,150,4,7,+25117+,/chun2,1シユン1(1シュン1)1ジユン1(1ジュン1)1きいと1,
纯(2),純,,402,150,4,7,+25117+,/zhun3,1シユン1(1シュン1),
纯(3),純,,402,150,4,7,+25117+,/tun2,1トン1ドン1,
紕(1),,402,,150,4,10,+21910+22910+,/pi1,1ヒ1ビ1くむ1,
紕(2),,402,,150,4,10,+21910+22910+,/pi1,1ヒ1ビ1あやまり1かざる1かざり1,
纰(1),紕,,402,150,4,7,+22110+21110+,/pi1,1ヒ1ビ1くむ1,
纰(2),紕,,402,150,4,7,+22110+21110+,/pi1,1ヒ1ビ1あやまり1かざる1かざり1,
紗,,402,,150,4,10,+29920+,/sha1,1サ1シヤ1(1シャ1)1うすぎぬ1うすもの1,
纱,紗,,402,150,4,7,+29120+,/sha1,1サ1シヤ1(1シャ1)1うすぎぬ1うすもの1,
紘,,402,,150,4,10,+24932+,/hong2,1クワウ1(1コウ1)1ギヤウ1(1ギョウ1)1つな1おほづな1(1おおづな1)1ひろい1,
纮,紘,,402,150,4,7,+24132+,/hong2,1クワウ1(1コウ1)1ギヤウ1(1ギョウ1)1つな1おほづな1(1おおづな1)1ひろい1,
紙,,402,,150,4,10,+22940+,/zhi3,1シ1かみ1,
纸,紙,,402,150,4,7,+22140+,/zhi3,1シ1かみ1,
級,,403,,150,4,10,+27947+,/ji2,1キフ1(1キュウ1)1しな1くび1,
级,級,,403,150,4,7,+27147+,/ji2,1キフ1(1キュウ1)1しな1くび1,
紛,,403,,150,4,10,+28927+,/fen1,1フン1まがふ1(1まがう1)1まぎらす1まぎらはしい1(1まぎらわしい1)1まぎらはす1(1まぎらわす1)1まぎれる1みだれる1,
纷,紛,,403,150,4,7,+28127+,/fen1,1フン1まがふ1(1まがう1)1まぎらす1まぎらはしい1(1まぎらわしい1)1まぎらはす1(1まぎらわす1)1まぎれる1みだれる1,
紜,,403,,150,4,10,+21931+,/yun2,1ウン1みだれる1,
纭,紜,,403,150,4,7,+21132+,/yun2,1ウン1みだれる1,
紝,,403,,150,4,10,+22914+,/ren2,1ジン1ニン1はたいと1,
纴,紝,,403,150,4,7,+22114+,/ren2,1ジン1ニン1はたいと1,
素,,403,,150,4,10,+50903+,/su4,1ソ1ス1ソウ1しろぎぬ1しろい1もと1もとより1もとづく1,
紡,,403,,150,4,10,+20927+,/fang3,1ハウ1(1ホウ1)1バウ1(1ボウ1)1つむぐ1つむぎ1,
纺,紡,,403,150,4,7,+20127+,/fang3,1ハウ1(1ホウ1)1バウ1(1ボウ1)1つむぐ1つむぎ1,
索,,403,,150,4,10,+40903+,/suo3,1サク1さがす1つな1なは1(1なわ1)1もとめる1はなれる1,
纶,綸,,409,150,4,7,+28112+,/lun2/guan1,1リン1いと1おびひも1をさめる1(1おさめる1)1つかさどる1,
紧,緊,,409,150,4,10,+27903+,/jin3,1キン1かたい1きびしい1きつい1しまる1しめる1ちぢむ1,
纬,緯,,411,150,4,7,+25127+,/wei3,1ヰ1(1イ1)1よこいと1よこ1ぬき1,
纵(1),縱,,413,150,4,7,+28100+,/zong4,1シヨウ1(1ショウ1)1シユ1(1シュ1)1ジユウ1(1ジュウ1)1はなつ1ほしいまま1ゆるす1ゆるめる1たとへ1(1たとえ1)1たとひ1(1たとい1),
纵(2),縱,,413,150,4,7,+28100+,/zong3,1ソウ1ス1,
纵(3),縱,,413,150,4,7,+28100+,/zong1,1シヨウ1(1ショウ1)1ジユウ1(1ジュウ1)1たて1,
紥,紮,417,404,150,4,10,+52903+,/zha1,1サツ1サチ1とどまる1からげる1たばねる1,
紫,,403,,150,5,11,+21903+22903+,/zi3,1シ1むらさき1,
紬(1),,403,,150,5,11,+25960+,/zhou2,1チウ1(1チュウ1)1チユ1(1チュ1)1つむぎ1つむぐ1,
紬(2),,403,,150,5,11,+25960+,/zhou2,1チウ1(1チュウ1)1チユ1(1チュ1)1ひく1,
紮,,404,,150,5,11,+42903+,/zha1,1サツ1サチ1とどまる1からげる1たばねる1,
累(1),纍,404,416,150,5,11,+60903+,/lei2,1ルヰ1(1ルイ1)1しばる1つなぐ1つながる1,
累(2),,404,,150,5,11,+60903+,/lei3,1ルヰ1(1ルイ1)1かさなる1かさねる1かさねて1しきりに1,
累(3),,404,,150,5,11,+60903+,/lei4,1ルヰ1(1ルイ1)1わづらはす1(1わずらわす1),
細,,404,,150,5,11,+26900+,/xi4,1セイ1サイ1ほそい1ほそる1ほそめる1こまか1こまかい1くはしい1(1くわしい1)1ささやか1ささ1,
细,細,,404,150,5,8,+26100+,/xi4,1セイ1サイ1ほそい1ほそる1ほそめる1こまか1こまかい1くはしい1(1くわしい1)1ささやか1ささ1,
紱,,404,,150,5,11,+23947+,/fu2,1フツ1ホチ1ひも1,
绂,紱,,404,150,5,8,+23147+,/fu2,1フツ1ホチ1ひも1,
紳,,404,,150,5,11,+25906+,/shen1,1シン1ふとおび1おほおび1(1おおおび1),
绅,紳,,404,150,5,8,+25106+,/shen1,1シン1ふとおび1おほおび1(1おおおび1),
紵,苧,404,453,150,5,11,+23921+,/zhu4,1チヨ1(1チョ1)1ヂヨ1(1ジョ1)1あさぬの1いちび1からむし1,
紹,,404,,150,5,11,+27962+,/shao4,1セウ1(1ショウ1)1つぐ1うけつぐ1,
绍,紹,,404,150,5,8,+27162+,/shao4,1セウ1(1ショウ1)1つぐ1うけつぐ1,
紺,,404,,150,5,11,+24970+,/gan4,1カン1コン1,
绀,紺,,404,150,5,8,+24170+,/gan4,1カン1コン1,
紼,,404,,150,5,11,+25927+,/fu2,1フツ1ホチ1,
绋,紼,,404,150,5,8,+25127+,/fu2,1フツ1ホチ1,
紾,,404,,150,5,11,+28922+,/zhen3,1シン1,
紿,,404,,150,5,11,+23960+,/dai4,1タイ1ダイ1あざむく1ゆるむ1,
绐,紿,,404,150,5,8,+23160+,/dai4,1タイ1ダイ1あざむく1ゆるむ1,
絀,,404,,150,5,11,+22972+,/chu1/chu4,1チユツ1(1チュツ1)1チユチ1(1チュチ1),
绌,絀,,404,150,5,8,+22172+,/chu1/chu4,1チユツ1(1チュツ1)1チユチ1(1チュチ1),
終,,404,,150,5,11,+27933+,/zhong1,1シユウ1(1シュウ1)1シユ1(1シュ1)1をはる1(1おわる1)1をへる1(1おえる1)1をはり1(1おわり1)1つひに1(1ついに1),
终,終,,404,150,5,8,+27133+,/zhong1,1シユウ1(1シュウ1)1シユ1(1シュ1)1をはる1(1おわる1)1をへる1(1おえる1)1をはり1(1おわり1)1つひに1(1ついに1),
絃,弦,404,156,150,5,11,+20932+,/xian2,1ケン1ゲン1いと1つる1,
組,,405,,150,5,11,+27910+,/zu3,1ソ1くみ1くみひも1くむ1,
组,組,,405,150,5,8,+27112+,/zu3,1ソ1くみ1くみひも1くむ1,
絅,,405,,150,5,11,+27920+,/jiong3,1ケイ1キヤウ1(1キョウ1),
絆,,405,,150,5,11,+29950+,/ban4,1ハン1ほだし1ほだす1きづな1(1きずな1)1つなぐ1,
绊,絆,,405,150,5,8,+29150+,/ban4,1ハン1ほだし1ほだす1きづな1(1きずな1)1つなぐ1,
経,經,,407,150,5,11,+27914+,/jing1,1ケイ1キヤウ1(1キョウ1)1つね1のり1たていと1たて1をさめる1(1おさめる1)1へる1すでに1くびれる1,
经,經,,407,150,5,8,+27112+,/jing1,1ケイ1キヤウ1(1キョウ1)1つね1のり1たていと1たて1をさめる1(1おさめる1)1へる1すでに1くびれる1,
线,線,,410,150,5,8,+23150+,/xian4,1セン1いと1すぢ1(1すじ1),
练,練,,411,150,5,8,+25194+,/lian4,1レン1ねる1ねりぎぬ1,
绉,縐,,412,150,5,8,+27177+,/zhou4,1シウ1(1シュウ1)1シユ1(1シュ1)1ちぢむ1ちぢみ1,
织,織,,415,150,5,8,+26180+,/zhi1,1シヨク1(1ショク1)1シキ1おる1,
绎,繹,,416,150,5,8,+27154+,/yi4,1エキ1ヤク1ぬく1たづねる1(1たずねる1)1つぐ1つづく1つらなる1つらねる1ひきだす1もとる1,
絋,纊,,416,150,5,11,+20932+,/kuang4,1クワウ1(1コウ1)1わた1わたいれ1,
紲,絏,417,405,150,5,11,+24917+,/xie4,1セツ1セチ1きづな1(1きずな1)1しばる1,
绁,紲絏,,417411,150,5,8,+24117+,/xie4,1セツ1セチ1きづな1(1きずな1)1しばる1つなぐ1,
絏,緤,405,411,150,6,12,+25906+,/xie4,1セツ1セチ1きづな1(1きずな1)1しばる1,
結,,405,,150,6,12,+24961+,/jie2,1ケツ1ケチ1むすび1むすぶ1ゆふ1(1ゆう1)1ゆはへる1(1ゆわえる1),
结,結,,405,150,6,9,+24161+,/jie2,1ケツ1ケチ1むすび1むすぶ1ゆふ1(1ゆう1)1ゆはへる1(1ゆわえる1),
絓(1),,405,,150,6,12,+24914+,/gua4,1クワ1(1カ1)1ケ1,
絓(2),,405,,150,6,12,+24914+,/guai4,1クワイ1(1カイ1)1ケ1かかる1とどまる1しけ1,
絕,,405,,150,6,12,+27917+,/jue2,1セツ1ゼチ1ゼツ1たえる1たつ1たやす1はなはだ1わたる1,
絶,絕,,405,150,6,9,+27917+,/jue2,1セツ1ゼチ1ゼツ1たえる1たつ1たやす1はなはだ1わたる1,
绝,絕,,405,150,6,9,+27117+,/jue2,1セツ1ゼチ1ゼツ1たえる1たつ1たやす1はなはだ1わたる1,
絖,纊,405,416,150,6,9,+29911+,/kuang4,1クワウ1(1コウ1)1わた1きぬわた1ぬめ1,
絛,,406,,150,6,12,+28293+,/tao1,1タウ1(1トウ1)1うちひも1くみひも1さなだ1,
絜(1),,406,,150,6,12,+57903+,/jie2,1ケツ1ケチ1,
絜(2),,406,,150,6,12,+57903+,/xie2,1ケツ1ゲチ1,
絞,,406,,150,6,12,+20948+,/jiao3,1カウ1(1コウ1)1ケウ1(1キョウ1)1しぼる1しめる1しまる1しぼり1くびる1,
绞,絞,,406,150,6,9,+20148+,/jiao3,1カウ1(1コウ1)1ケウ1(1キョウ1)1しぼる1しめる1しまる1しぼり1くびる1,
絡,,406,,150,6,12,+27964+,/luo4,1ラク1からむ1からまる1まとふ1(1まとう1)1からます1つなぐ1つながる1すぢ1(1すじ1),
络,絡,,406,150,6,9,+27164+,/luo4,1ラク1からむ1からまる1まとふ1(1まとう1)1からます1つなぐ1つながる1すぢ1(1すじ1),
絢,,406,,150,6,12,+27920+,/xuan4,1ケン1あや1,
绚,絢,,406,150,6,9,+27120+,/xuan4,1ケン1あや1,
給,,406,,150,6,12,+28961+,/ji3/gei3,1キフ1(1キュウ1)1たりる1たす1あたへる1(1あたえる1)1たまふ1(1たまう1)1たまはる1(1たまわる1),
给,給,,406,150,6,9,+28161+,/ji3/gei3,1キフ1(1キュウ1)1たりる1たす1あたへる1(1あたえる1)1たまふ1(1たまう1)1たまはる1(1たまわる1),
絨,,406,,150,6,12,+23950+,/rong2,1ジウ1(1ジュウ1)1ニユ1(1ニュ1),
绒,絨,,406,150,6,9,+23150+,/rong2,1ジウ1(1ジュウ1)1ニユ1(1ニュ1),
絪,,406,,150,6,12,+26900+,/yin1,1イン1,
絮,,406,,150,6,12,+46903+,/xu4,1シヨ1(1ショ1)1ソ1ジヨ1(1ジョ1)1わた1わたいれ1くどい1,
絰,,407,,150,6,12,+21914+,/die2,1テツ1デチ1,
绖,絰,,407,150,6,9,+21114+,/die2,1テツ1デチ1,
統,,407,,150,6,12,+20913+,/tong3,1トウ1ヅ1(1ズ1)1すべる1いとぐち1すぢ1(1すじ1)1をさめる1(1おさめる1)1すべて1,
统,統,,407,150,6,9,+20112+,/tong3,1トウ1ヅ1(1ズ1)1すべる1いとぐち1すぢ1(1すじ1)1をさめる1(1おさめる1)1すべて1,
絲,,407,,150,6,12,+22993+,/si1,1シ1いと1,
絳,,407,,150,6,12,+27954+,/jiang4,1カウ1(1コウ1)1あか1あかい1,
绛,絳,,407,150,6,9,+27154+,/jiang4,1カウ1(1コウ1)1あか1あかい1,
絷,縶,,413,150,6,12,+55903+,/zhi2,1チフ1(1チュウ1),
绕,繞,,415,150,6,9,+25112+,/rao4,1ゼウ1(1ジョウ1)1ネウ1(1ニョウ1)1まつはる1(1まつわる1)1まとふ1(1まとう1)1めぐる1,
絵,繪,,415,150,6,12,+28931+,/hui4,1クワイ1(1カイ1)1ヱ1(1エ1)1ゑがく1(1えがく1),
绘,繪,,415,150,6,9,+28132+,/hui4,1クワイ1(1カイ1)1ヱ1(1エ1)1ゑがく1(1えがく1),
絍,紝,417,403,150,6,12,+22914+,/ren2,1ジン1ニン1はたいと1,
絚,緪,417,411,150,6,12,+21917+,/geng1,1コウ1,
絫,累,417,404,150,6,12,+23903+,/lei3,1ルヰ1(1ルイ1)1かさなる1かさねる1かさねて1しきりに1,
絹,,407,,150,7,13,+26927+,/juan4,1ケン1きぬ1,
绢,絹,,407,150,7,10,+26127+,/juan4,1ケン1きぬ1,
絺,,407,,150,7,13,+24927+,/chi1,1チ1かたびら1,
綁,,407,,150,7,13,+27927+,/bang3,1ハウ1(1ホウ1),
绑,綁,,407,150,7,10,+27127+,/bang3,1ハウ1(1ホウ1),
綃,,407,,150,7,13,+29927+,/xiao1,1セウ1(1ショウ1)1あやぎぬ1うすぎぬ1きぎぬ1,
绡,綃,,407,150,7,10,+29127+,/xiao1,1セウ1(1ショウ1)1あやぎぬ1うすぎぬ1きぎぬ1,
綆,,407,,150,7,13,+21946+,/geng3,1カウ1(1コウ1)1キヤウ1(1キョウ1)1つるべなは1(1つるべなわ1),
绠,綆,,407,150,7,10,+21146+,/geng3,1カウ1(1コウ1)1キヤウ1(1キョウ1)1つるべなは1(1つるべなわ1),
綈,,407,,150,7,13,+28927+,/di2,1テイ1ダイ1あつぎぬ1,
绨,綈,,407,150,7,10,+28127+,/di2,1テイ1ダイ1あつぎぬ1,
綌,,407,,150,7,13,+28968+,/xi4,1ケキ1キヤク1(1キャク1),
绤,綌,,407,150,7,10,+28168+,/xi4,1ケキ1キヤク1(1キャク1),
綍,紼,407,404,150,7,13,+24947+,/fu2,1フツ1ホチ1,
綏,,407,,150,7,13,+22944+,/sui1/sui2,1スヰ1(1スイ1)たれひも1たれる1やすい1やすらか1やすんずる1,
绥,綏,,407,150,7,10,+22144+,/sui1/sui2,1スヰ1(1スイ1)たれひも1たれる1やすい1やすらか1やすんずる1,
經,,407,,150,7,13,+21911+,/jing1,1ケイ1キヤウ1(1キョウ1)1つね1のり1たていと1たて1をさめる1(1おさめる1)1へる1すでに1くびれる1,
継,繼,,416,150,7,13,+29919+,/ji4,1ケイ1カイ1つぐ1ついで1まま1,
继,繼,,416,150,7,10,+29119+,/ji4,1ケイ1カイ1つぐ1ついで1まま1,
続,續,,416,150,7,13,+24912+,/xu4,1シヨク1(1ショク1)1ゾク1つづく1つづける1つぐ1,
綉,繡,417,416,150,7,13,+22927+,/xiu4,1シウ1(1シュウ1)1シユ1(1シュ1)1うつくしい1にしき1ぬひとり1(1ぬいとり1),
绣,綉繡,,417416,150,7,10,+22127+,/xiu4,1シウ1(1シュウ1)1シユ1(1シュ1)1うつくしい1にしき1ぬひとり1(1ぬいとり1),
27512(1),繁,417,414,150,7,13,+82793+,/fan2,1ハン1ボン1しげし1しげる1わづらはしい1(1わずらわしい1),
27512(2),繁,417,414,150,7,13,+82793+,/pan2,1ハン1バン1,
綜,,408,,150,8,14,+23991+,/zong4,1ソウ1ス1をさ1(1おさ1)1すべる1へ1まじへる1(1まじえる1),
綠,,408,,150,8,14,+27932+,/lu4/lv4,1リヨク1(1リョク1)1ロク1みどり1,
緑,綠,,408,150,8,14,+27932+,/lu4/lv4,1リヨク1(1リョク1)1ロク1みどり1,
绿,綠,,408,150,8,11,+27199+,/lu4/lv4,1リヨク1(1リョク1)1ロク1みどり1,
綢,,408,,150,8,14,+27920+,/chou2,1チウ1(1チュウ1)1チユ1(1チュ1)1まとふ1(1まとう1)1しげし1こまかい1こみあう1まつわる1つつむ1,
绸,綢,,408,150,8,11,+27120+,/chou2,1チウ1(1チュウ1)1チユ1(1チュ1)1まとふ1(1まとう1)1しげし1こまかい1こみあう1まつわる1つつむ1,
綣,,408,,150,8,14,+29912+,/quan3,1ケン1クワン1(1カン1)1まつはる1(1まつわる1)1ねんごろ1,
绻,綣,,408,150,8,11,+29112+,/quan3,1ケン1クワン1(1カン1)1まつはる1(1まつわる1)1ねんごろ1,
綦,,408,,150,8,14,+44903+,/ji1,1キ1ギ1,
綬,,408,,150,8,14,+32947+,/shou4,1シウ1(1シュウ1)1ジユ1(1ジュ1)1くみひも1ひも1,
绶,綬,,408,150,8,11,+22147+,/shou4,1シウ1(1シュウ1)1ジユ1(1ジュ1)1くみひも1ひも1,
維,,408,,150,8,14,+20914+,/wei2,1ヰ1(1イ1)1つな1つなぐ1これ1,
维,維,,408,150,8,11,+20115+,/wei2,1ヰ1(1イ1)1つな1つなぐ1これ1,
綮(1),,408,,150,8,14,+38903+,/ji3,1ケイ1カイ1はたじるし1,
綮(2),,408,,150,8,14,+38903+,/qing3,1ケイ1キヤウ1(1キョウ1)1かなめ1,
綯,,408,,150,8,14,+27920+,/tao2,1タウ1(1トウ1)1ダウ1(1ドウ1)1なふ1(1なう1)1しめる1なは1(1なわ1)1よる1,
绹,綯,,408,150,8,11,+27120+,/tao2,1タウ1(1トウ1)1ダウ1(1ドウ1)1なふ1(1なう1)1しめる1なは1(1なわ1)1よる1,
綰,,408,,150,8,14,+23977+,/wan3,1ワン1つなぐ1むすぶ1すべる1わがねる1たがねる1たく1たくる1たぐる1,
绾,綰,,408,150,8,11,+23177+,/wan3,1ワン1つなぐ1むすぶ1すべる1わがねる1たがねる1たく1たくる1たぐる1,
綱,,408,,150,8,14,+27920+,/gang1,1カウ1(1コウ1)1つな1おほづな1(1おおづな1),
纲,綱,,408,150,8,11,+27120+,/gang1,1カウ1(1コウ1)1つな1おほづな1(1おおづな1),
網,网,408,418,150,8,14,+27920+,/wang3,1バウ1(1ボウ1)1マウ1(1モウ1)1あみ1,
綴(1),,409,,150,8,14,+27947+,/zhui4,1テイ1テ1セイ1セ1セツ1あつめる1つづり1つづる1とじる1,
綴(2),,409,,150,8,14,+27947+,/zhuo4,1テツ1テチ1セツ1セチ1,
缀(1),綴,,409,150,8,11,+27147+,/zhui4,1テイ1テ1セイ1セ1セツ1あつめる1つづり1つづる1とじる1,
缀(2),綴,,409,150,8,11,+27147+,/zhuo4,1テツ1テチ1セツ1セチ1,
綵,,409,,150,8,14,+22994+,/cai3,1サイ1あや1あやぎぬ1,
綸,,409,,150,8,14,+28927+,/lun2/guan1,1リン1いと1おびひも1をさめる1(1おさめる1)1つかさどる1,
綹,,409,,150,8,14,+28964+,/liu3,1リウ1(1リュウ1)1ル1,
绺,綹,,409,150,8,11,+23164+,/liu3,1リウ1(1リュウ1)1ル1,
綺,,409,,150,8,14,+24921+,/qi3,1キ1あや1うつくしい1,
绮,綺,,409,150,8,11,+24121+,/qi3,1キ1あや1うつくしい1,
綻,,409,,150,8,14,+23981+,/zhan4,1タン1ヂン1(1ジン1)1ほころびる1ほころぶ1,
绽,綻,,409,150,8,11,+23181+,/zhan4,1タン1ヂン1(1ジン1)1ほころびる1ほころぶ1,
綽,,409,,150,8,14,+21946+,/zhuo4,1シヤク1(1シャク1)1たをやか1(1たおやか1)1ゆるやか1,
绰,綽,,409,150,8,11,+21146+,/zhuo4,1シヤク1(1シャク1)1たをやか1(1たおやか1)1ゆるやか1,
綾,,409,,150,8,14,+24947+,/ling2,1リヨウ1(1リョウ1)1リン1あや1,
绫,綾,,409,150,8,11,+24147+,/ling2,1リヨウ1(1リョウ1)1リン1あや1,
緅,,409,,150,8,14,+21947+,/zou1,1シウ1(1シュウ1)1シユ1(1シュ1)1ソウ1ス1,
緉,,409,,150,8,14,+21927+,/liang2,1リヤウ1(1リョウ1)1ラウ1(1ロウ1),
緊,,409,,150,8,14,+77903+,/jin3,1キン1かたい1きびしい1きつい1しまる1しめる1ちぢむ1,
緋,,410,,150,8,14,+21911+,/fei1,1ヒ1あか1,
绯,緋,,410,150,8,11,+21111+,/fei1,1ヒ1あか1,
緌,,410,,150,8,14,+22944+,/rui2,1ズヰ1(1ズイ1)1ヌヰ1(1ヌイ1)1おいかけ1はた1ひも1ほおすけ1,
緒,,410,,150,8,14,+24960+,/xu4,1シヨ1(1ショ1)1ジヨ1(1ジョ1)1いとぐち1を1(1お1),
総,總,417,414,150,8,14,+28933+,/zong3,1ソウ1ス1ふさ1すべる1すべて1,
绩,績,,414,150,8,11,+25182+,/ji1,1セキ1シヤク1(1シャク1)1つむぐ1うむ1いさを1(1いさお1),
绳,繩,,415,150,8,11,+26116+,/sheng2,1シヨウ1(1ショウ1)1ジヨウ1(1ジョウ1)1なは1(1なわ1)1すみなは1(1すみなわ1)1ただす1,
续,續,,416,150,8,11,+24184+,/xu4,1シヨク1(1ショク1)1ゾク1つづく1つづける1つぐ1,
綳,繃,417,414,150,8,14,+27920+,/beng1,1ハウ1(1ホウ1)1ヒヤウ1(1ヒョウ1)1たばねる1つつむ1まく1,
绷,綳繃,,417414,150,8,11,+27120+,/beng1,1ハウ1(1ホウ1)1ヒヤウ1(1ヒョウ1)1たばねる1つつむ1まく1,
綫,線,417,410,150,8,14,+23953+,/xian4,1セン1いと1すぢ1(1すじ1),
綿,緜,417,410,150,8,14,+26927+,/mian2,1ベン1メン1わた1つらなる1,
绵,綿,,417,150,8,11,+26127+,/mian2,1ベン1メン1わた1つらなる1,
緇,27725,417,410,150,8,14,+22963+,/zi1,1シ1くろ1くろぎぬ1くろい1くろむ1くろめる1,
缁,27725,,410,150,8,11,+22163+,/zi1,1シ1くろ1くろぎぬ1くろい1くろむ1くろめる1,
綷,28025,417,417,150,8,14,+20948+,/cai4,1サイ1,
绪,緒,,410,150,9,12,+24160+,/xu4,1シヨ1(1ショ1)1ジヨ1(1ジョ1)1いとぐち1を1(1お1),
27725,,410,,150,9,15,+22963+,/zi1,1シ1くろ1くろぎぬ1くろい1くろむ1くろめる1,
緗,,410,,150,9,15,+26900+,/xiang1,1シヤウ1(1ショウ1)1サウ1(1ソウ1),
缃,緗,,410,150,9,12,+26100+,/xiang1,1シヤウ1(1ショウ1)1サウ1(1ソウ1),
緘,,410,,150,9,15,+23950+,/jian1,1カン1てがみ1とぢなは1(1とじなわ1)1とぢる1(1とじる1),
缄,緘,,410,150,9,12,+23150+,/jian1,1カン1てがみ1とぢなは1(1とじなわ1)1とぢる1(1とじる1),
線,,410,,150,9,15,+26932+,/xian4,1セン1いと1すぢ1(1すじ1),
緜,絮,410,406,150,9,15,+22293+,/mian2,1ベン1メン1わた1つらなる1,
緝,,410,,150,9,15,+26941+,/qi4,1シフ1(1シュウ1)1つむぐ1うむ1つぐ1あつめる1とらへる1(1とらえる1),
缉,緝,,410,150,9,12,+26141+,/qi4,1シフ1(1シュウ1)1つむぐ1うむ1つぐ1あつめる1とらへる1(1とらえる1),
緞,,411,,150,9,15,+27947+,/duan4,1タン1ダン1ドン1,
缎,緞,,411,150,9,12,+27147+,/duan4,1タン1ダン1ドン1,
締,,411,,150,9,15,+20927+,/di4,1テイ1ダイ1しまる1しめる1むすぶ1,
缔,締,,411,150,9,12,+20127+,/di4,1テイ1ダイ1しまる1しめる1むすぶ1,
緡,,411,,150,9,15,+27964+,/min2,1ビン1ミン1さし1ぜにさし1つりいと1,
缗,緡,,411,150,9,12,+27164+,/min2,1ビン1ミン1さし1ぜにさし1つりいと1,
緣(1),,411,,150,9,15,+27932+,/yuan2,1エン1ふち1へり1,
緣(2),,411,,150,9,15,+27932+,/yuan2,1エン1よる1よつて1(1よって1)1えにし1ゆかり1,
縁(1),緣,,411,150,9,15,+27932+,/yuan2,1エン1ふち1へり1,
縁(2),緣,,411,150,9,15,+27932+,/yuan2,1エン1よる1よつて1(1よって1)1えにし1ゆかり1,
缘(1),緣,,411,150,9,12,+27132+,/yuan2,1エン1ふち1へり1,
缘(2),緣,,411,150,9,12,+27132+,/yuan2,1エン1よる1よつて1(1よって1)1えにし1ゆかり1,
緤,絏,411,,150,9,15,+24994+,/xie4,1セツ1セチ1きづな1(1きずな1)1つなぐ1,
緥,褓,411,504,150,9,15,+26994+,/bao3,1ホ1ハウ1(1ホウ1),
緦,,411,,150,9,15,+26930+,/si1,1シ1,
缌,緦,,411,150,9,12,+26130+,/si1,1シ1,
編,,411,,150,9,15,+23927+,/bian1,1ヘン1あむ1とぢいと1(1とじいと1)1ふみ1,
编,編,,411,150,9,12,+23127+,/bian1,1ヘン1あむ1とぢいと1(1とじいと1)1ふみ1,
緩,,411,,150,9,15,+22947+,/huan3,1クワン1(1カン1)1グワン1(1ガン1)1ゆるい1ゆるむ1ゆるめる1ゆるやか1,
缓,緩,,411,150,9,12,+22147+,/huan3,1クワン1(1カン1)1グワン1(1ガン1)1ゆるい1ゆるむ1ゆるめる1ゆるやか1,
緪,,411,,150,9,12,+21917+,/geng1,1コウ1,
緬,,411,,150,9,15,+21960+,/mian3,1ベン1メン1とほい1(1とおい1)1はるか1,
缅,緬,,411,150,9,12,+21162+,/mian3,1ベン1メン1とほい1(1とおい1)1はるか1,
緯,經,411,407,150,9,15,+24956+,/wei3,1ヰ1(1イ1)1よこいと1よこ1ぬき1,
緲,縹,411,413,150,9,15,+29920+,/miao3,1ベウ1(1ビョウ1)1メウ1(1ミョウ1)1かすか1はるか1,
缈,緲,,411,150,9,12,+29120+,/miao3,1ベウ1(1ビョウ1)1メウ1(1ミョウ1)1かすか1はるか1,
練,,411,,150,9,15,+25996+,/lian4,1レン1ねる1ねりぎぬ1,
緶,,412,,150,9,15,+21946+,/pian2/bian3,1ヘン1ベン1,
缏,緶,,412,150,9,12,+21146+,/pian2/bian3,1ヘン1ベン1,
緹,,412,,150,9,15,+26981+,/ti2,1テイ1ダイ1あか1あかぎぬ1,
缇,緹,,412,150,9,12,+26188+,/ti2,1テイ1ダイ1あか1あかぎぬ1,
緻,,412,,150,9,15,+28940+,/zhi3,1チ1ヂ1こまかい1くわしい1,
緼(1),縕,,412,150,9,15,+26112+,/wen1,1ヲン1(1オン1)1あかい1おくぶかい1,
緼(2),縕,,412,150,9,15,+26112+,/yun1,1ウン1,
緼(3),縕,,412,150,9,15,+26112+,/yun4,1ウン1くずあさ1ふるわた1わた1,
缊(1),縕,,412,150,9,12,+26112+,/wen1,1ヲン1(1オン1)1あかい1おくぶかい1,
缊(2),縕,,412,150,9,12,+26112+,/yun1,1ウン1,
缊(3),縕,,412,150,9,12,+26112+,/yun4,1ウン1くずあさ1ふるわた1わた1,
缒,縋,,412,150,9,12,+27137+,/zhui4,1ツヰ1(1ツイ1)1ヅヰ1(1ズイ1)1すがる1かける1なは1(1なわ1),
缕(1),縷,,413,150,9,12,+29144+,/lv3,1リユ1(1リュ1)1ル1いと1いとすぢ1(1いとすじ1)1くはしい1(1くわしい1)1こまかい1,
缕(2),縷,,413,150,9,12,+29144+,/lou2,1ロウ1ル1ぼろ1,
缋,繢,,415,150,9,12,+25182+,/hui4,1クワイ1(1カイ1)1ヱ1(1エ1),
縄,繩,,415,150,9,15,+26916+,/sheng2,1シヨウ1(1ショウ1)1ジヨウ1(1ジョウ1)1なは1(1なわ1)1すみなは1(1すみなわ1)1ただす1,
缆,纜,,417,150,9,12,+28112+,/lan4,1ともづな1,
飨,饗,,623,150,9,12,+28232+,/xiang3,1キヤウ1(1キョウ1)1カウ1(1コウ1)1うたげ1あふ1(1あう1)1あへ1(1あえ1)1うける1もてなす1,
緫,總,417,414,150,9,15,+27932+,/zong3,1ソウ1ス1ふさ1すべる1すべて1,
縕(1),,412,,150,10,16,+26917+,/wen1,1ヲン1(1オン1)1あかい1おくぶかい1,
縕(2),,412,,150,10,16,+26917+,/yun1,1ウン1,
縕(3),,412,,150,10,16,+26917+,/yun4,1ウン1くずあさ1ふるわた1わた1,
縈,,412,,150,10,16,+99903+,/ying2,1エイ1ヤウ1(1ヨウ1)1まがる1めぐらす1めぐる1,
縉,,412,,150,10,16,+21961+,/jin4,1シン1うすあかい1さしはさむ1,
缙,縉,,412,150,10,13,+21161+,/jin4,1シン1うすあかい1さしはさむ1,
縊,,412,,150,10,16,+28917+,/yi4,1イ1エイ1アイ1くびる1くびれる1,
缢,縊,,412,150,10,13,+28112+,/yi4,1イ1エイ1アイ1くびる1くびれる1,
縋,,412,,150,10,16,+27937+,/zhui4,1ツヰ1(1ツイ1)1ヅヰ1(1ズイ1)1すがる1かける1なは1(1なわ1),
縐,,412,,150,10,16,+27927+,/zhou4,1シウ1(1シュウ1)1シユ1(1シュ1)1ちぢむ1ちぢみ1,
縑,,412,,150,10,16,+28937+,/jian1,1ケン1かとり1かとりぎぬ1きぎぬ1きぬ1ふたこぎぬ1,
缣,縑,,412,150,10,13,+23137+,/jian1,1ケン1かとり1かとりぎぬ1きぎぬ1きぬ1ふたこぎぬ1,
縗,,412,,150,10,16,+20932+,/cui1,1サイ1セ1,
缞,縗,,412,150,10,13,+20132+,/cui1,1サイ1セ1,
縛,,412,,150,10,16,+23942+,/fu2/fo4/fu4,1ハク1バク1しばる1,
缚,縛,,412,150,10,13,+23142+,/fu2/fo4/fu4,1ハク1バク1しばる1,
縝,,412,,150,10,16,+21981+22981+,/zhen3,1シン1くろかみ1くろい1こまか1,
缜,縝,,412,150,10,13,+24181+,/zhen3,1シン1くろかみ1くろい1こまか1,
縞,,412,,150,10,16,+20927+,/gao3,1カウ1(1コウ1)1しろぎぬ1しま1かとり1,
缟,縞,,412,150,10,13,+20127+,/gao3,1カウ1(1コウ1)1しろぎぬ1しま1かとり1,
縟,,412,,150,10,16,+21943+,/ru4,1ジヨク1(1ジョク1)1ニヨク1(1ニョク1)1ニク1かざり1くどい1しげし1わづらわしい1(1わずらわしい1)1しとね1,
缛,縟,,412,150,10,13,+21143+,/ru4,1ジヨク1(1ジョク1)1ニヨク1(1ニョク1)1ニク1かざり1くどい1しげし1わづらわしい1(1わずらわしい1)1しとね1,
縠,,412,,150,10,16,+47947+,/hu2,1コク1ゴク1ちぢみぎぬ1となみ1,
縢,,413,,150,10,16,+79293+,/teng2,1トウ1ドウ1なは1(1なわ1)1ひも1おび1しばる1とぢる1(1とじる1)1からげる1むかばき1かな1,
縣(1),懸,413,180,150,10,16,+62993+,/xuan2,1ケン1ゲン1かける1かかる1さかづり1,
縣(2),,413,,150,10,16,+62993+,/xian4,1ケン1ゲン1あがた1,
缝(1),縫,,413,150,10,13,+27135+,/feng2,1ホウ1ブ1ぬふ1(1ぬう1),
缝(2),縫,,413,150,10,13,+27135+,/feng4,1ホウ1ブ1ぬひめ1(1ぬいめ1),
縭,,413,,150,10,16,+20927+,/li2,1リ1,
缡,縭,,413,150,10,13,+20127+,/li2,1リ1,
縦(1),縱,,413,150,10,16,+28981+,/zong4,1シヨウ1(1ショウ1)1シユ1(1シュ1)1ジユウ1(1ジュウ1)1はなつ1ほしいまま1ゆるす1ゆるめる1たとへ1(1たとえ1)1たとひ1(1たとい1),
縦(2),縱,,413,150,10,16,+28981+,/zong3,1ソウ1ス1,
縦(3),縱,,413,150,10,16,+28981+,/zong1,1シヨウ1(1ショウ1)1ジユウ1(1ジュウ1)1たて1,
缤,繽,,416,150,10,13,+23181+,/bin1,1ヒン1,
缠,纏,,416,150,10,13,+20115+,/chan2,1テン1デン1まとふ1(1まとう1)1まつはる1(1まつわる1)1まとひ1(1まとい1)1まとめる1,
縚,絛,417,406,150,10,16,+22977+,/tao1,1タウ1(1トウ1)1うちひも1くみひも1さなだ1,
縫(1),,413,,150,11,17,+27934+,/feng2,1ホウ1ブ1ぬふ1(1ぬう1),
縫(2),,413,,150,11,17,+27934+,/feng4,1ホウ1ブ1ぬひめ1(1ぬいめ1),
縮,,413,,150,11,17,+23961+,/su4/suo4,1シユク1(1シュク1)1ちぢみ1ちぢまる1ちぢむ1ちぢめる1ちぢらす1ちぢれる1なほい1(1なおい1)1したむ1,
缩,縮,,413,150,11,14,+23162+,/su4/suo4,1シユク1(1シュク1)1ちぢみ1ちぢまる1ちぢむ1ちぢめる1ちぢらす1ちぢれる1なほい1(1なおい1)1したむ1,
縱(1),,413,,150,11,17,+28281+,/zong4,1シヨウ1(1ショウ1)1シユ1(1シュ1)1ジユウ1(1ジュウ1)1はなつ1ほしいまま1ゆるす1ゆるめる1たとへ1(1たとえ1)1たとひ1(1たとい1),
縱(2),,413,,150,11,17,+28281+,/zong3,1ソウ1ス1,
縱(3),,413,,150,11,17,+28281+,/zong1,1シヨウ1(1ショウ1)1ジユウ1(1ジュウ1)1たて1,
縲,,413,,150,11,17,+26993+,/lei2,1ルヰ1(1ルイ1)1かさねる1しばる1つなぐ1なは1(1なわ1),
缧,縲,,413,150,11,14,+26193+,/lei2,1ルヰ1(1ルイ1)1かさねる1しばる1つなぐ1なは1(1なわ1),
縴,,413,,150,11,17,+20953+,/qian4,1ケン1,
縵(1),,413,,150,11,17,+26947+,/man4,1バン1マン1つれびき1むじぎぬ1ゆるやか1ゆるい1,
縵(2),,413,,150,11,17,+26947+,/man4,1バン1マン1,
缦(1),縵,,413,150,11,14,+26147+,/man4,1バン1マン1つれびき1むじぎぬ1ゆるやか1ゆるい1,
缦(2),縵,,413,150,11,14,+26147+,/man4,1バン1マン1,
縶,,413,,150,11,17,+45903+,/zhi2,1チフ1(1チュウ1),
縷(1),,413,,150,11,17,+25944+,/lv3,1リユ1(1リュ1)1ル1いと1いとすぢ1(1いとすじ1)1くはしい1(1くわしい1)1こまかい1,
縷(2),,413,,150,11,17,+25944+,/lou2,1ロウ1ル1ぼろ1,
縹(1),,413,,150,11,17,+21991+,/piao3,1ヘウ1(1ヒョウ1),
縹(2),,413,,150,11,17,+21991+,/piao3,1ヘウ1(1ヒョウ1),
缥(1),縹,,413,150,11,14,+21191+,/piao3,1ヘウ1(1ヒョウ1),
缥(2),縹,,413,150,11,14,+21191+,/piao3,1ヘウ1(1ヒョウ1),
縻,,414,,150,11,17,+00293+,/mi2,1ビ1ミ1しばる1つなぐ1きづな1(1きずな1),
總,,414,,150,11,17,+26930+,/zong3,1ソウ1ス1ふさ1すべる1すべて1,
績,,414,,150,11,17,+25986+,/ji1,1セキ1シヤク1(1シャク1)1つむぐ1うむ1いさを1(1いさお1),
縿(1),,414,,150,11,17,+23922+,/shan1,1サン1,
縿(2),綃,414,407,150,11,17,+23922+,/xiao1,1セウ1(1ショウ1)1あやぎぬ1うすぎぬ1きぎぬ1,
繁(1),,414,,150,11,17,+88903+,/fan2,1ハン1ボン1しげし1しげる1わづらはしい1(1わずらわしい1),
繁(2),,414,,150,11,17,+88903+,/pan2,1ハン1バン1,
繃,,414,,150,11,17,+22927+,/beng1,1ハウ1(1ホウ1)1ヒヤウ1(1ヒョウ1)1たばねる1つつむ1まく1,
繅(1),,414,,150,11,17,+22994+,/sao1,1サウ1(1ソウ1)1くる1,
繅(2),藻,414,,150,11,17,+22994+,/zao3,1サウ1(1ソウ1)1も1,
繆(1),綢,414,408,150,11,17,+27922+,/miu2,1ビユウ1(1ビュウ1)1ム1リウ1(1リュウ1)1ル1,
繆(2),,414,,150,11,17,+27922+,/jiu1,1キウ1(1キュウ1)1ク1たばねる1くくる1くびれる1,
繆(3),,414,,150,11,17,+27922+,/miu4/mu4,1ビユウ1(1ビュウ1)1ム1あやまる1あやまり1いつはる1(1いつわる1)1たがふ1(1たがう1),
繆(4),穆,414,378,150,11,17,+27922+,/mu4,1ボク1モク1,
缪(1),繆,,414,150,11,17,+27122+,/miu2,1ビユウ1(1ビュウ1)1ム1リウ1(1リュウ1)1ル1,
缪(2),繆,,414,150,11,17,+27122+,/jiu1,1キウ1(1キュウ1)1ク1たばねる1くくる1くびれる1,
缪(3),繆,,414,150,11,17,+27122+,/miu4/mu4,1ビユウ1(1ビュウ1)1ム1あやまる1あやまり1いつはる1(1いつわる1)1たがふ1(1たがう1),
缪(4),繆,,414,150,11,17,+27122+,/mu4,1ボク1モク1,
繇(1),,414,,150,11,17,+22793+,/yao2,1エウ1(1ヨウ1)1うらかた1えだち1,
繇(2),由,414,342,150,11,17,+22793+,/you2,1イウ1(1ユウ1)1ユ1したがふ1(1したがう1)1よる1,
繇(3),,414,,150,11,17,+22793+,/zhou4,1チウ1(1チュウ1)1ヂユ1(1ジュ1),
繈,,414,,150,11,17,+23936+,/qiang3,1キヤウ1(1キョウ1)1カウ1(1コウ1)1せをひおび1(1せおいおび1)1むつき1,
繋,繫,,415,150,11,17,+57903+,/ji4/xi4,1ケイ1カイ1つなぐ1つながる1かかる1かける1きづな1(1きずな1)1とらへる1(1とらえる1),
繍,繡,,416,150,11,17,+25927+,/xiu4,1シウ1(1シュウ1)1シユ1(1シュ1)1うつくしい1にしき1ぬひとり1(1ぬいとり1),
缨,纓,,417,150,11,14,+27144+,/ying,1エイ1ヤウ1(1ヨウ1)1ひも1まとふ1(1まとう1)1むながい1,
繊,纖,,417,150,11,17,+23950+,/xian1,1セン1ほそい1ちいさい1こまかい1しなやか1すぢ1(1すじ1),
縰(1),纚,417,417,150,11,17,+21981+,/xi3,1シ1,
縰(2),纚,417,417,150,11,17,+21981+,/shi3,1シ1,
繒,,414,,150,12,18,+28966+,/zeng1,1シヨウ1(1ショウ1)1ゾウ1いぐるみ1きぬ1たかい1,
缯,繒,,414,150,12,15,+28166+,/zeng1,1シヨウ1(1ショウ1)1ゾウ1いぐるみ1きぬ1たかい1,
繐,,414,,150,12,18,+25933+,/sui4,1ケイ1ヱ1(1エ1)1セイ1,
織,,415,,150,12,18,+23950+,/zhi1,1シヨク1(1ショク1)1シキ1おる1,
繕,,415,,150,12,18,+28961+,/shan4,1セン1ゼン1つくろふ1(1つくろう1),
缮,繕,,415,150,12,15,+28161+,/shan4,1セン1ゼン1つくろふ1(1つくろう1),
繖,傘,415,025,150,12,18,+28940+,/san3,1サン1あまがき1きぬがさ1,
繙,翻,415,425,150,12,18,+22969+,/fan1,1ハン1ボン1ホン1ひもとく1ひるがへる1(1ひるがえる1),
繚,,415,,150,12,18,+24996+,/liao2,1レウ1(1リョウ1)1まつはる1(1まつわる1)1まとふ1(1まとう1)1めぐらす1めぐる1,
缭,繚,,415,150,12,15,+24196+,/liao2,1レウ1(1リョウ1)1まつはる1(1まつわる1)1まとふ1(1まとう1)1めぐらす1めぐる1,
繞,,415,,150,12,18,+24911+,/rao4,1ゼウ1(1ジョウ1)1ネウ1(1ニョウ1)1まつはる1(1まつわる1)1まとふ1(1まとう1)1めぐる1,
繢,繪,415,415,150,12,18,+25986+,/hui4,1クワイ1(1カイ1)1ヱ1(1エ1)1ゑがく1(1えがく1),
颣,纇,,416,150,12,18,+91982+,/lei4,1ライ1レ1,
缬,纈,,416,150,12,15,+21182+,/xie2,1ケツ1ゲチ1,
繩,,415,,150,13,19,+27917+,/sheng2,1シヨウ1(1ショウ1)1ジヨウ1(1ジョウ1)1なは1(1なわ1)1すみなは1(1すみなわ1)1ただす1,
繪,繢,415,415,150,13,19,+28966+,/hui4,1クワイ1(1カイ1)1ヱ1(1エ1)1ゑがく1(1えがく1),
繫,系,415,400,150,13,19,+57903+,/ji4/xi4,1ケイ1カイ1つなぐ1つながる1かかる1かける1きづな1(1きずな1)1とらへる1(1とらえる1),
繭,,415,,150,13,19,+44227+,/jian3,1ケン1まゆ1,
繮,,415,,150,13,19,+21916+,/jiang1/gang1,1キヤウ1(1キョウ1)1カウ1(1コウ1),
缰,繮,,415,150,13,16,+21116+,/jiang1/gang1,1キヤウ1(1キョウ1)1カウ1(1コウ1),
繯,,415,,150,13,19,+26932+,/huan2,1ケン1ゲン1クワン1(1カン1),
缳,繯,,415,150,13,16,+26132+,/huan2,1ケン1ゲン1クワン1(1カン1),
繳(1),,416,,150,13,19,+28940+,/zhuo2,1シヤク1(1シャク1)1あらそふ1(1あらそう1)1いぐるみ1いと1まつはる1(1まつわる1)1まとふ1(1まとう1)1むかばき1もとる1,
繳(2),,416,,150,13,19,+28940+,/jiao3,1ケウ1(1キョウ1)1をさめる1(1おさめる1)1かへす1(1かえす1),
缴(1),繳,,416,150,13,16,+28140+,/zhuo2,1シヤク1(1シャク1)1あらそふ1(1あらそう1)1いぐるみ1いと1まつはる1(1まつわる1)1まとふ1(1まとう1)1むかばき1もとる1,
缴(2),繳,,416,150,13,16,+28140+,/jiao3,1ケウ1(1キョウ1)1をさめる1(1おさめる1)1かへす1(1かえす1),
繹,,416,,150,13,19,+26941+,/yi4,1エキ1ヤク1ぬく1たづねる1(1たずねる1)1つぐ1つづく1つらなる1つらねる1ひきだす1もとる1,
缱,繾,,416,150,13,16,+25137+,/qian3,1ケン1,
繰(1),繅,417,414,150,13,19,+26994+,/sao1,1サウ1(1ソウ1)1くる1,
繰(2),繅,417,414,150,13,19,+26994+,/zao3,1サウ1(1ソウ1)1も1,
缲(1),繰,,417,150,13,16,+26194+,/sao1,1サウ1(1ソウ1)1くる1,
缲(2),繰,,417,150,13,16,+26194+,/zao3,1サウ1(1ソウ1)1も1,
繡,,416,,150,14,20,+25927+,/xiu4,1シウ1(1シュウ1)1シユ1(1シュ1)1うつくしい1にしき1ぬひとり1(1ぬいとり1),
辮,編,416,411,150,14,20,+00441+,/bian4,1ヘン1ベン1あむ1くむ1,
繻,,416,,150,14,20,+21927+,/xu1,1シユ1(1シュ1)1うすぎぬ1,
繼,,416,,150,14,20,+22913+,/ji4,1ケイ1カイ1つぐ1ついで1まま1,
繽,,416,,150,14,20,+23986+,/bin1,1ヒン1,
繾,綣,416,408,150,14,20,+25937+,/qian3,1ケン1,
纁,,416,,150,14,20,+22931+,/xun1,1クン1,
纂,,416,,150,14,20,+88903+,/zuan3,1サン1あつめる1くみひも1つぐ1,
纆,,416,,150,15,21,+26914+,/mo4,1ボク1モク1なは1(1なわ1),
纇,,416,,150,15,21,+91986+,/lei4,1ライ1レ1,
纈,,416,,150,15,21,+21986+,/xie2,1ケツ1ゲチ1,
纊,,416,,150,15,21,+20986+,/kuang4,1クワウ1(1コウ1)1わた1わたいれ1,
續,,416,,150,15,21,+24986+,/xu4,1シヨク1(1ショク1)1ゾク1つづく1つづける1つぐ1,
纍,累,416,404,150,15,21,+60903+,/lei2,1ルヰ1(1ルイ1)1かさねる1つなぐ1なは1(1なわ1),
纏,,416,,150,15,21,+20914+,/chan2,1テン1デン1まとふ1(1まとう1)1まつはる1(1まつわる1)1まとひ1(1まとい1)1まとめる1,
28025,,417,,150,15,21,+24991+,/cai4,1サイ1,
纎,纖,417,417,150,15,21,+23950+,/xian1,1セン1ほそい1ちいさい1こまかい1しなやか1すぢ1(1すじ1),
纑,,417,,150,16,22,+21917+,/lu2,1ロ1ル1,
缵,纘,,417,150,16,19,+24182+,/zuan3,1サン1あつめる1うけつぐ1つぐ1,
纒,纏,417,416,150,16,22,+21914+,/chan2,1テン1デン1まとふ1(1まとう1)1まつはる1(1まつわる1)1まとひ1(1まとい1)1まとめる1,
纓,,417,,150,17,23,+26944+,/ying,1エイ1ヤウ1(1ヨウ1)1ひも1まとふ1(1まとう1)1むながい1,
纔,,417,,150,17,23,+27913+,/cai2,1サイ1ザイ1わづかに1(1わずかに1),
纖,,417,,150,17,23,+23950+,/xian1,1セン1ほそい1ちいさい1こまかい1しなやか1すぢ1(1すじ1),
28053,纜,417,417,150,17,23,+28916+,/lan4,1ともづな1,
纘,,417,,150,19,25,+24986+,/zuan3,1サン1あつめる1うけつぐ1つぐ1,
纚(1),,417,,150,19,25,+21911+,/xi3,1シ1,
纚(2),,417,,150,19,25,+21911+,/shi3,1シ1,
纛,,417,,150,19,25,+50993+,/dao4/du2,1タウ1(1トウ1)1ダウ1(1ドウ1)1トク1ドク1はたぼこ1,
纜,,417,,150,21,27,+28916+,/lan4,1ともづな1,
缶(1),,418,,151,0,6,+80772+,/fou3,1フウ1フ1ほとぎ1,
缶(2),罐,,418,151,0,6,+80772+,/guan4,1クワン1(1カン1)1かま1ほとぎ1,
缸,,418,,151,3,9,+81710+,/gang2/gang1,1カウ1(1コウ1)1ガウ1(1ゴウ1)1かめ1もたい1,
罗,羅,,420,151,3,8,+60207+,/luo2,1ラ1あみ1つらねる1つらなる1うすもの1うすぎぬ1,
缺,欠,418,266,151,4,10,+85730+,/que1,1ケツ1ケチ1かく1かける1,
缽,鉢,418,580,151,5,11,+85730+,/bo1,1ハツ1ハチ1,
28141,瓷,418,339,151,6,12,+37772+,/ci2,1シ1ジ1いしやき1かめ1,
缾,28153,418,418,151,6,12,+88741+,/ping2,1ビン1ヘイ1ビヤウ1(1ビョウ1)1かめ1,
28153,甁,418,339,151,8,14,+88741+,/ping2,1ビン1ヘイ1ビヤウ1(1ビョウ1)1かめ1,
罂,罌,,418,151,8,14,+77772+,/ying1,1アウ1(1オウ1)1ヤウ1(1ヨウ1)1かめ1もたい1,
罃,,418,,151,10,16,+99777+,/ying1,1アウ1(1オウ1)1ヤウ1(1ヨウ1),
罄,,418,,151,11,17,+47772+,/qing4,1ケイ1キヤウ1(1キョウ1),
罅,,418,,151,11,17,+81749+,/xia4,1カ1ケ1ひび1すき1すきま1,
罇,樽,418,260,151,12,18,+88746+,/zun1,1ソン1たる1,
罋,甕,418,340,151,13,19,+00772+,/weng4,1ヲウ1(1オウ1)1ウ1かめ1みか1もたい1,
罌,,418,,151,14,20,+66772+,/ying1,1アウ1(1オウ1)1ヤウ1(1ヨウ1)1かめ1もたい1,
罍,,418,,151,15,21,+60772+,/lei2,1ライ1レ1さかだる1,
罎,壜,418,098,151,16,22,+86731+,/tan2,1タン1ドン1びん1かめ1,
罐,缶,418,418,151,18,24,+84714+,/guan4,1クワン1(1カン1)1かま1ほとぎ1,
网,網,418,408,152,0,6,+77220+,/wang3,1バウ1(1ボウ1)1マウ1(1モウ1)1あみ1あみがしら1,
罔,網,418,408,152,3,8,+77220+,/wang3,1バウ1(1ボウ1)1マウ1(1モウ1)1あみ1おろか1しひる1(1しいる1)1くらい1ない1なかれ1,
罕,,419,,152,3,7,+37401+,/han3,1カン1とりあみ1はた1まれ1まれに1,
罘,,419,,152,4,9,+60901+,/fu2,1フウ1フ1あみうさぎ1あみ1,
罚,罰,,420,152,4,9,+60720+,/fa2,1ハツ1ボチ1バツ1バチ1,
罝,,419,,152,5,10,+60107+,/ju1,1シヤ1(1シャ1)1シヨ1(1ショ1),
罟,,419,,152,5,10,+60604+,/gu3,1コ1ク1あみ1うをあみ1(1うおあみ1),
罛,,419,,152,5,10,+60232+,/gu1,1コ1ク1,
罡,,419,,152,5,10,+60101+,/gang1,1カウ1(1コウ1),
罣,,419,,152,6,11,+60104+,/gua4,1クワイ1(1カイ1)1ヱ1(1エ1),
骂,罵,,420,152,6,9,+66127+,/ma4,1ののしる1ののしり1,
罢(1),罷,,420,152,6,11,+60732+,/ba4,1ハイ1ベ1ハ1つかれる1まかる1やめる1やむ1をはる1(1おわる1),
罢(2),罷,,420,152,6,11,+60732+,/pi2,1ヒ1ビ11つかれ1つかれる1つからす1,
罢(3),罷,,420,152,6,11,+60732+,/ba5,1ハ1,
罥,,419,,152,7,12,+60227+,/juan4,1ケン1,
罨,,419,,152,8,13,+60716+,/yan3,1エン1アフ1(1オウ1)1あみ1おほふ1(1おおう1),
罩,,419,,152,8,13,+60406+,/zhao4,1タウ1(1トウ1)1テウ1(1チョウ1)1かご1こめる1,
罪,,419,,152,8,13,+60111+,/zui4,1サイ1ザイ1つみ1,
罫(1),絓,419,405,152,8,13,+60130+,/hua4,1クワイ1(1カイ1)1ヱ1(1エ1)1ケイ1,
罫(2),,419,,152,8,13,+60130+,/guai3,1カイ1ケ1,
罭,,420,,152,8,13,+60153+,/yu4,1ヨク1ヰキ1(1イキ1),
置,,420,,152,8,13,+60716+,/zhi4,1チ1おく1,
罰,,420,,152,9,14,+60620+,/fa2,1ハツ1ボチ1バツ1バチ1,
罱,,420,,152,9,14,+60227+,/lan3,1ラン1,
署,,420,,152,9,14,+60604+,/shu4,1シヨ1(1ショ1)1ジヨ1(1ジョ1)1やくわり1しるす1,
罳,罘,420,419,152,9,14,+60336+,/si1,1シ1,
罵,,420,,152,10,15,+60327+,/ma4,1ののしる1ののしり1,
罷(1),,420,,152,10,15,+60211+,/ba4,1ハイ1ベ1ハ1つかれる1まかる1やめる1やむ1をはる1(1おわる1),
罷(2),疲,420,347,152,10,15,+60211+,/pi2,1ヒ1ビ11つかれ1つかれる1つからす1,
罷(3),吧,420,,152,10,15,+60211+,/ba5,1ハ1,
罹,,420,,152,11,16,+60914+,/li2,1リ1うれひ1(1うれい1)1かかる1かうむる1(1こうむる1),
罽,,420,,152,12,17,+60221+,/ji4,1ケイ1,
罾,,420,,152,12,17,+60606+,/zeng1,1ソウ1,
羀,,420,,152,12,17,+77607+,/liu3,1リウ1(1リュウ1)1ル1,
罿,,420,,152,12,17,+60105+,/tong2,1シヨウ1(1ショウ1)1シユ1(1シュ1)1トウ1ツ1,
羁,羈,,421,152,12,17,+60527+,/ji1,1キ1おもがい1たづな1つなぐ1とりしまる1たび1たびびと1,
羅,,420,,152,14,19,+60914+,/luo2,1ラ1あみ1つらねる1つらなる1うすもの1うすぎぬ1,
羆,,421,,152,14,19,+60331+,/pi2,1ヒ1ひぐま1,
羃,冪,421,036,152,14,19,+60227+,/mi4,1ベキ1ミヤク1(1ミャク1)1おほふ1(1おおう1),
羇,,421,,152,17,22,+60521+,/ji1,1キ1たび1たびびと1,
羈,,421,,152,19,24,+60527+,/ji1,1キ1おもがい1たづな1つなぐ1とりしまる1たび1たびびと1,
羊(1),,421,,153,0,6,+80501+,/yang2,1ヤウ1(1ヨウ1)1ひつじ1,
羊(2),祥,421,372,153,0,6,+80501+,/xiang2,1シヤウ1(1ショウ1)1きざし1さいはひ1(1さいわい1)1さち1,
芈,,421,,153,1,7,+11500+,/mie1,1ビ1ミ1ひつじ1,
羌,,421,,153,2,8,+80211+,/qiang1,1キヤウ1(1キョウ1)1カウ1(1コウ1)1えびす1ああ1,
美,,421,,153,3,9,+80431+,/mei3,1ビ1ミ1うつくしい1よい1うまい1ほめる1,
羐,,421,,153,3,9,+44807+,/you3,1イウ1(1ユウ1)1ユ1,
羓,,421,,153,4,10,+87517+,/ba1,1ハ1ヘ1,
羔,,421,,153,4,10,+80331+,/gao1,1カウ1(1コウ1)1こひつじ1,
羖,,421,,153,4,10,+87547+,/gu3,1コ1ク1くろひつじ1,
羚,,421,,153,5,11,+88537+,/ling2,1レイ1リヤウ1(1リョウ1)1かもしか1,
羜,,421,,153,5,11,+83521+,/zhu4,1チヨ1(1チョ1)1ド1シヨ1(1ショ1)1ソ1,
羝,,421,,153,5,11,+82540+,/di1,1テイ1タイ1をひつじ1(1おひつじ1),
羞,,422,,153,5,11,+80215+,/xiu1,1シウ1(1シュウ1)1シユ1(1シュ1)1すすめる1そなへもの1(1そなえもの1)1はぢ1(1はじ1)1はぢる1(1はじる1)1はづかしい1(1はずかしい1)1はづかしめる1(1はずかしめる1),
28458,,421,,153,5,11,+85590+,/wa1,1ハツ1,
羢,絨,421,406,153,6,12,+83550+,/rong2,1ジウ1(1ジュウ1)1ニユ1(1ニュ1),
着(1),著,,464,153,6,12,+80604+,/zhuo2,1チヤク1(1チャク1)1きる1,
着(2),著,,464,153,6,12,+80604+,/zhao2,1チヤク1(1チャク1)1ヂヤク1(1ジャク1)1つく1つける1,
羣,,421,,153,7,13,+17501+,/qun2,1クン1グン1むれる1むれ1むら1むらがる1,
群,羣,,421,153,7,13,+18651+,/qun2,1クン1グン1むれる1むれ1むら1むらがる1,
羨,,421,,153,7,13,+80182+,/xian4,1セン1ゼン1エン1うらやむ1あまる1あまり1あやまる1,
義,,421,,153,7,13,+80553+,/yi4,1ギ1よい1,
羯,,421,,153,9,15,+86527+,/jie2,1ケツ1ケチ1カツ1えびす1ひつじ1,
羮(1),羹,423,421,153,9,15,+80530+,/geng1,1カウ1(1コウ1)1キヤウ1(1キョウ1)1あつもの1,
羮(2),羹,423,421,153,9,15,+80530+,/lang2,1ラウ1ロウ1,
羲,伏,421,014,153,11,17,+80253+,/xi1,1キ1ギ1,
羵,,421,,153,12,18,+84586+,/fen2,1フン1ブン1,
羶,,421,,153,13,19,+80517+,/shan1,1セン1なまぐさい1,
羸,,421,,153,13,19,+00217+,/lei2,1ルヰ1(1ルイ1)1つかれる1やせる1よわい1よわる1,
羹(1),,421,,153,13,19,+80530+,/geng1,1カウ1(1コウ1)1キヤウ1(1キョウ1)1あつもの1,
羹(2),,421,,153,13,19,+80530+,/lang2,1ラウ1ロウ1,
羼,,422,,153,15,21,+77251+,/chan4,1サン1セン1,
羽,,423,,154,0,6,+17120+,/yu3,1ウ1は1はね1やばね1わ1,
羿,,423,,154,3,9,+17442+,/yi4,1ゲイ1ガイ1,
翁,,423,,154,4,10,+80127+,/weng1,1ヲウ1(1オウ1)1ウ1おきな1,
翅,啻,423,075,154,4,10,+47402+,/chi4,1シ1つばさ1ただ1ただに1,
翊,,423,,154,5,11,+07120+,/yi4,1ヨク1イキ1たすける1,
翌,,423,,154,5,11,+17108+,/yi4,1ヨク1イキ1あくるひ1とびこえる1,
翎,,423,,154,5,11,+87320+,/ling2,1レイ1リヤウ1(1リョウ1),
習,,423,,154,5,11,+17602+,/xi2,1シフ1(1シュウ1)1ジフ1(1ジュウ1)1ならふ1(1ならう1)1ならはし1(1ならわし1)1ならひ1(1ならい1),
翔,,423,,154,6,12,+87520+,/xiang1,1シヤウ1(1ショウ1)1ジヤウ1(1ジョウ1)1かける1,
翕,,423,,154,6,12,+80127+,/xi4,1キフ1(1キュウ1)1あつまる1あつめる1をさめる1(1おさめる1)1あふ1(1あう1)1おこる1さかん1とぢる1(1とじる1),
翚,翬,,424,154,6,12,+17504+,/hui1,1キ1,
翘,翹,,425,154,6,12,+57212+,/qiao2,1ケウ1(1キョウ1)1ゲウ1(1ギョウ1)1あげる1つまだてる1,
翙,翽,,425,154,6,12,+27220+,/hui4,1クワイ1(1カイ1)1ケ1,
翛(1),,424,,154,7,13,+28227+,/xiao1,1セウ1(1ショウ1),
翛(2),,424,,154,7,13,+28227+,/yu3,1イウ1(1ユウ1),
翟(1),狄,424,326,154,8,14,+17214+,/di2,1テキ1チヤク1(1チャク1)1えびす1きじ1,
翟(2),,424,,154,8,14,+17214+,/zhe2/zhai2,1タク1ヂヤク1(1ジャク1),
翠,,424,,154,8,14,+17408+,/cui4,1スヰ1(1スイ1)1かはせみ1(1かわせみ1)1みどり1,
翡,翠,424,424,154,8,14,+11227+,/fei3,1ヒ1かはせみ1(1かわせみ1),
翣,,424,,154,8,14,+17404+,/sha4,1サフ1(1ショウ1),
翥,,424,,154,9,15,+44127+,/zhu4,1シヨ1(1ショ1),
翦,剪,424,,154,9,15,+80127+,/jian3,1セン1やばね1きる1そぐ1はさむ1ほろぼす1,
翩,,424,,154,9,15,+17220+,/pian1,1ヘン1ひるがへる1(1ひるがえる1),
翫,玩,424,332,154,9,15,+11611+,/wan4,1グワン1(1ガン1)1ならふ1(1ならう1)1あぢはふ1(1あじわう1)1あなどる1むさぼる1もてあそぶ1,
翬,,424,,154,9,15,+17506+,/hui1,1キ1,
翮,,424,,154,10,16,+17220+,/he2,1カウ1ギヤク1(1ギャク1),
翰,,424,,154,10,16,+48427+,/han4,1カン1てがみ1とぶ1ふで1ふみ1みき1しろい1,
翳,,425,,154,11,17,+77127+,/yi4/yi1,1エイ1アイ1おほひ1(1おおい1)1おほふ1(1おおう1)1かげ1かげり1かげる1かざし1かざす1かすむ1くもり1,
翶,,425,,154,11,17,+27420+,/ao2,1ガウ1(1ゴウ1)1カウ1(1コウ1),
翹,,425,,154,12,18,+47212+,/qiao2,1ケウ1(1キョウ1)1ゲウ1(1ギョウ1)1あげる1つまだてる1,
翺,翶,425,425,154,12,18,+27420+,/ao2,1ガウ1(1ゴウ1)1カウ1(1コウ1),
翻,反,425,058,154,12,18,+27620+,/fan1,1ハン1ホン1とぶ1ひるがへる1(1ひるがえる1)1ひるがへす1(1ひるがえす1)1くつがへる1(1くつがえる1)1くつがへす1(1くつがえす1),
翼,,425,,154,12,18,+17801+,/yi4,1ヨク1イキ1つばさ1たすける1,
翽,,425,,154,13,19,+27220+,/hui4,1クワイ1(1カイ1)1ケ1,
翾,儇,425,,154,13,19,+67220+,/xuan1,1ケン1,
翿,,425,,154,14,20,+47620+,/dao4,1タウ1(1トウ1)1ダウ1(1ドウ1),
耀,,425,,154,14,20,+97214+,/yao4/yue4,1エウ1(1ヨウ1)1かがやく1かがやかす1かがやき1,
老,,425,,155,0,6,+44711+,/lao3,1ラウ1(1ロウ1)1おい1おいる1ふける1,
考,攷,426,210,155,2,6,+44207+,/kao3,1カウ1(1コウ1)1かんがへる1(1かんがえる1),
耄,,426,,155,4,10,+44714+,/mao4,1バウ1(1ボウ1)1マウ1(1モウ1)1おいぼれる1としより1,
者,這,426,556,155,4,8,+44600+,/zhe3,1シヤ1(1シャ1)1もの1,
耇,,426,,155,5,9,+44627+,/gou3,1コウ1ク1,
耈,耇,426,426,155,5,11,+44627+,/gou3,1コウ1ク1,
耊,,426,,155,6,10,+44104+,/die2,1テツ1デチ1としより1,
耋,耊,426,426,155,6,12,+44104+,/die2,1テツ1デチ1としより1,
而,,426,,156,0,6,+10227+,/er2,1ジ1ニ1なんぢ1(1なんじ1)1しかして1しかも1しかるに1しかれども1しかうして1(1しこうして1)1すなはち1(1すなわち1),
耍,,426,,156,3,9,+10404+,/shua3,1サ1,
耐(1),,426,,156,3,9,+14200+,/nai4,1ダイ1ナイ1タイ1たへる1(1たえる1),
耐(2),能,426,434,156,3,9,+14200+,/neng2,1ドウ1ノウ1,
耎,軟,426,547,156,3,9,+10430+,/ruan3,1ゼン1ナン1やわらか1やわらかい1,
耑(1),專,426,129,156,3,9,+22227+,/zhuan1,1セン1もつぱら1(1もっぱら1),
耑(2),端,426,383,156,3,9,+22227+,/duan1,1タン1ただしい1は1はし1はじめ1はた1はな1まさに1,
耒,,426,,157,0,6,+50900+,/lei3,1ライ1すき1,
耔,,427,,157,3,9,+57947+,/zi3,1シ1,
耕,,427,,157,4,10,+55900+,/geng1/jing1,1カウ1(1コウ1)1キヤウ1(1キョウ1)1たがやす1,
耗,,427,,157,4,10,+52914+,/hao4,1カウ1(1コウ1)1マウ1(1モウ1)1たより1へる1,
耘,,427,,157,4,10,+51931+,/yun2,1ウン1くさぎる1のぞく1,
耙,,427,,157,4,10,+57917+,/ba2,1ハ1ヘ1まぐは1(1まぐわ1)1ならしぐは1(1ならしぐわ1),
耜,耒,427,426,157,5,11,+57977+,/si4,1シ1ジ1すき1,
耞,連,427,557,157,5,11,+56900+,/jia1,1カ1ケ1,
耡,鋤,427,582,157,7,13,+54927+,/chu2,1シヨ1(1ショ1)1ジヨ1(1ジョ1)1すく1すく1たがやす1,
耦,,427,,157,9,15,+56927+,/ou3,1ゴウ1グ1グウ1,
耨,,427,,157,10,16,+51943+,/nou4,1ドウ1ヌ1くさぎる1くは1(1くわ1)1すく1,
耰,,427,,157,15,21,+51947+,/you1,1イウ1(1ユウ1)1ユ1,
耳,,427,,158,0,6,+10400+,/er3,1ジ1ニ1みみ1のみ1,
耶,爺,427,321,158,3,9,+17127+,/ye2/ye1,1ヤ1か1ちち1,
耼,,427,,158,4,10,+17150+,/dan1,1タン1,
耽,,428,,158,4,10,+14112+,/dan1,1タン1トン1ふける1おくぶかい1,
耿,,428,,158,4,10,+19180+,/geng3,1カウ1(1コウ1)1キヤウ1(1キョウ1)1あきらか1ひかり1ひかる1,
耸,聳,,429,158,4,10,+88401+,/song3,1シヨウ1(1ショウ1)1シユ1(1シュ1)1そばだてる1そびえる1すすめる1おそれる1つつしむ1,
聂,聶,,429,158,4,10,+10447+,/nie4,1デフ1(1ジョウ1)1ネフ1(1ニョウ1)1ささやく1,
耻,恥,429,170,158,4,10,+11110+,/chi3,1チ1はぢる1(1はじる1)1はぢ1(1はじ1)1はぢらふ1(1はじらう1)1はづかしい1(1はずかしい1)1はづかしめる1(1はずかしめる1),
聆,,428,,158,5,11,+18137+,/ling2,1レイ1リヤウ1(1リョウ1)1きく1さとる1,
聊,,428,,158,5,11,+17120+,/liao2,1レウ1(1リョウ1)1いささか1たのしむ1みみなり1,
职,職,,429,158,5,11,+16480+,/zhi2,1シヨク1(1ショク1)1シキ1つかさ1つかさどる1つとめ1もとより1,
聋,聾,,429,158,5,11,+43401+,/long2,1ロウ1ル1つんぼ1,
聃,耼,429,427,158,5,11,+15157+,/dan1,1タン1,
聒,,428,,158,6,12,+12164+,/gua1,1クワツ1(1カツ1)1クワチ1(1カチ1)1かまびすしい1,
联,聯,,428,158,6,12,+18484+,/lian2,1レン1つらなる1(1つらねる1),
聓,壻,429,099,158,6,12,+17401+,/xi4/xu4,1セイ1サイ1むこ1,
聖,,428,,158,7,13,+16104+,/sheng4,1セイ1シヤウ1(1ショウ1)1ひじり1,
聘,,428,,158,7,13,+15127+,/pin4/ping4,1ヘイ1ヒヤウ1(1ヒョウ1)1とふ1(1とう1)1おとづれる1(1おとずれる1)1まねく1めとる1めす1,
聚,,428,,158,8,14,+17232+,/ju4,1シユ1(1シュ1)1ジユ1(1ジュ1)1シウ1(1シュウ1)1あつまり1あつまる1あつめる1たくはへ1(1たくわえ1)1なかま1むらざと1,
聞,,428,,158,8,14,+77401+,/wen2,1ブン1モン1きく1きこえる1,
聡,聰,429,429,158,8,14,+18133+,/cong1,1ソウ1ス1さとい1,
聪,聰,,429,158,9,15,+18436+,/cong1,1ソウ1ス1さとい1,
聩,聵,,429,158,9,15,+15482+,/kui4,1グワイ1(1ガイ1)1ゲ1クワイ1(1カイ1),
聫,聯,429,428,158,9,15,+12134+,/lian2,1レン1つらなる1(1つらねる1),
聯,,428,,158,11,17,+12172+,/lian2,1レン1つらなる1(1つらねる1),
聰,,429,,158,11,17,+16130+,/cong1,1ソウ1ス1さとい1,
聲,,429,,158,11,17,+47401+,/sheng1,1セイ1シヤウ1(1ショウ1)1こゑ1(1こえ1)1こわ1おと1,
聳,,429,,158,11,17,+28401+,/song3,1シヨウ1(1ショウ1)1シユ1(1シュ1)1そばだてる1そびえる1すすめる1おそれる1つつしむ1,
聴,聽,,429,158,11,17,+14136+,/ting1/ting3/ting4,1テイ1チヤウ1(1チョウ1)1きく1ゆるす1したがふ1(1したがう1),
聵,,429,,158,12,18,+15186+,/kui4,1グワイ1(1ガイ1)1ゲ1クワイ1(1カイ1),
聶,囁,429,083,158,12,18,+10441+,/nie4,1デフ1(1ジョウ1)1ネフ1(1ニョウ1)1ささやく1,
職,,429,,158,12,18,+13150+,/zhi2,1シヨク1(1ショク1)1シキ1つかさ1つかさどる1つとめ1もとより1,
聼,聽,429,429,158,14,20,+14131+,/ting1,1テイ1チヤウ1(1チョウ1)1きく1ゆるす1したがふ1(1したがう1),
聽,,429,,158,15,21,+14131+,/ting1,1テイ1チヤウ1(1チョウ1)1きく1ゆるす1したがふ1(1したがう1),
聾,,429,,158,15,21,+01401+,/long2,1ロウ1ル1つんぼ1,
聿,,430,,159,0,6,+50007+,/yu4,1イツ1イチ1ここに1,
肃,肅,,430,159,4,8,+50227+,/su4,1シユク1(1シュク1)1つつしむ1しづか1(1しずか1),
肄,,430,,159,7,13,+25407+,/yi4,1イ1ならふ1(1ならう1)1ひこばえ1,
肆,四,430,084,159,7,13,+75707+,/si4,1シ1つらねる1ならべる1みせ1ほしいまま1ながい1ゆゑに1(1ゆえに1)1ここに1よ1よつ1よつつ1(1よっつ1)1よん1,
肅,,430,,159,8,14,+50227+,/su4,1シユク1(1シュク1)1つつしむ1しづか1(1しずか1),
肇,,430,,159,8,14,+38507+,/zhao4,1テウ1(1チョウ1)1デウ1(1ジョウ1)1はじめる1はじめ1ただす1,
肈,肇,430,430,159,8,14,+33507+,/zhao4,1テウ1(1チョウ1)1デウ1(1ジョウ1)1はじめる1はじめ1ただす1,
肉(1),,430,,160,0,6,+40227+,/ru4/rou4,1ジク1ニク1しし1,
肉(2),,430,,160,0,6,+40227+,/rou4,1ジウ1(1ジュウ1)1ニウ1(1ニュウ1),
肊,臆,430,439,160,1,5,+77210+,/yi4,1ヨク1イキ1オク1むね1おしはかる1,
肋,,430,,160,2,6,+74227+,/luo4/lei4,1ロク1あばら1,
肌,,430,,160,2,6,+77210+,/ji1,1キ1はだ1,
肎(1),肯,441,432,160,2,6,+37227+,/keng3/ken3,1コウ1がへんずる1(1がえんずる1)1うべなふ1(1うべなう1)1あへて1(1あえて1),
肎(2),肯,441,432,160,2,6,+37227+,/kai3,1カイ1ケ1コウ1,
肓,,431,,160,3,7,+00227+,/huang1,1クワウ1(1コウ1)1むなもと1,
肖,,431,,160,3,7,+90227+,/xiao4,1セウ1(1ショウ1)1かたどる1にる1,
肘,,431,,160,3,7,+74200+,/zhou3,1チウ1(1チュウ1)1チユ1(1チュ1)1ひぢ1(1ひじ1),
肚,,431,,160,3,7,+74210+,/du3/du4,1ト1ヅ1(1ズ1)1はら1ゐぶくろ1(1いぶくろ1),
肜,,431,,160,3,7,+72222+,/yong1,1ユウ1(1ユ1),
肛,,431,,160,3,7,+71210+,/gang1,1カウ1(1コウ1)1しりのあな1はれる1,
肝,,431,,160,3,7,+71240+,/gan1,1カン1きも1,
肠,腸,,437,160,3,7,+77227+,/chang2,1チヤウ1(1チョウ1)1ヂヤウ1(1ジョウ1)1はらわた1,
肧,胚,441,433,160,3,7,+71290+,/pei1/pi1,1ハイ1ヘ1きざし1はじめ1はらみ1はらむ1,
股,,431,,160,4,8,+77247+,/gu3,1コ1ク1もも1また1,
肢,,431,,160,4,8,+74247+,/zhi1,1シ1てあし1,
肥,,431,,160,4,8,+77217+,/fei2,1ヒ1ビ1こえ1こえる1こやし1こやす1ふとる1ゆたか1,
肩,,431,,160,4,8,+30227+,/jian1,1ケン1かた1,
肪,,431,,160,4,8,+70227+,/fang2,1ハウ1(1ホウ1)1バウ1(1ボウ1)1あぶら1,
肫,,431,,160,4,8,+75217+,/zhun1,1シユン1(1シュン1),
肭,,432,,160,4,8,+74227+,/na4,1ダツ1ナチ1,
肬,,432,,160,4,8,+73214+,/you2,1イウ1(1ユウ1)1ウ1いぼ1はれる1,
肯(1),,432,,160,4,8,+21227+,/keng3/ken3,1コウ1がへんずる1(1がえんずる1)1うべなふ1(1うべなう1)1あへて1(1あえて1),
肯(2),,432,,160,4,8,+21227+,/kai3,1カイ1ケ1コウ1,
肱,,432,,160,4,8,+74232+,/gong1,1コウ1ひぢ1(1ひじ1),
育,,432,,160,4,8,+00227+,/yu4,1イク1ユク1そだつ1そだてる1はぐくむ1やしなふ1(1やしなう1)1そだち1,
肴,殽,432,272,160,4,8,+40227+,/xiao2/yao2,1カウ1(1コウ1)1ゲウ1(1ギョウ1)1さかな1,
肸,,432,,160,4,8,+78240+,/xi4,1キツ1コチ1,
肺,,432,,160,4,8,+75227+,/fei4,1ハイ1,
胀,脹,,435,160,4,8,+72234+,/zhang4,1チヤウ1(1チョウ1)1はれる1ふくれる1,
肿,腫,,437,160,4,8,+75206+,/zhong3,1シヨウ1(1ショウ1)1シユ1(1シュ1)1はれる1はれもの1,
肤,膚,,438,160,4,8,+75280+,/fu1,1フ1はだ1はだへ1うはべ1(1うわべ1),
胃,,432,,160,5,9,+60227+,/wei4,1ヰ1(1イ1),
胄,冑,432,035,160,5,9,+50227+,/zhou4,1チウ1(1チュウ1)1ヂユ1(1ジュ1)1あとつぎ1すゑ1(1すえ1)1ちすぢ1(1ちすじ1)1よつぎ1,
胆,膽,432,439,160,5,9,+76210+,/dan3,1タン1ダン1きも1,
胊,,432,,160,5,9,+77220+,/qu2,1ク1グ1,
背(1),,432,,160,5,9,+11227+12227+,/bei4,1ハイ1うしろ1せ1せい1,
背(2),,432,,160,5,9,+11227+12227+,/bei1,1ハイ1バイ1そむく1そむける1,
胚,,433,,160,5,9,+71219+,/pei1/pi1,1ハイ1ヘ1きざし1はじめ1はらみ1はらむ1,
胎,,433,,160,5,9,+73260+,/tai1,1タイ1はらむ1はらご1,
胏,,433,,160,5,9,+75227+,/zi3,1シ1,
胔,,433,,160,5,9,+21227+22227+,/zi4,1シ1ジ1,
胖,,433,,160,5,9,+79250+,/pan4,1ハン1バン1ふとる1ゆたか1,
胙,,433,,160,5,9,+78211+,/zuo4,1ソ1ゾ1サク1ザク1ひもろぎ1そなへもの1(1そなえもの1),
胛,,433,,160,5,9,+76250+,/jia1,1カフ1(1コウ1)1かいがらぼね1,
胝,,433,,160,5,9,+72240+,/zhi2,1チ1たこ1まめ1あかぎれ1,
胞,,433,,160,5,9,+77212+,/bao1/pao1,1ハウ1(1ホウ1)1ヘウ1(1ヒョウ1)1えな1はら1,
胠,,433,,160,5,9,+74231+,/qu1,1キヨ1(1キョ1)1コ1,
胡,鬍,433,632,160,5,9,+47620+,/hu2,1コ1ゴ1ひげ1あごひげ1えびす1でたらめ1ながいき1なんぞ1みだり1,
胤,,433,,160,5,9,+22010+,/yin2,1イン1たね1,
胥,,433,,160,5,9,+17227+,/xu1,1シヨ1(1ショ1)1ソ1あひ1(1あい1)1みな1みる1まつ1,
胫,脛,,435,160,5,9,+77212+,/jing4,1ケイ1ギヤウ1(1ギョウ1)1すね1はぎ1,
胪,臚,,440,160,5,9,+71207+,/lu2,1リヨ1(1リョ1)1ロ1,
脉,脈,441,434,160,5,9,+73232+,/mo4,1バク1ミヤク1(1ミャク1)1すぢ1(1すじ1),
胭,脂,434,434,160,6,10,+76200+,/yan,1エン1,
胯,跨,434,540,160,6,10,+74227+,/ku4/kua4,1コ1ク1クワ1(1カ1)1ケ1また1またがる1またぐ1,
胰,,434,,160,6,10,+75232+,/yi2,1イ1,
胱,膀,434,437,160,6,10,+79211+,/guang1,1クワウ1(1コウ1)1ゆばりぶくろ1,
胴,,434,,160,6,10,+77220+,/dong4,1トウ1ヅ1(1ズ1)1ドウ1,
胸,匈,434,050,160,6,10,+77220+,/xiong1,1キヨウ1(1キョウ1)1ク1むね1むな1こころ1,
胹,,434,,160,6,10,+71227+,/er2,1ジ1ニ1,
能,,434,,160,6,10,+21211+22212+,/neng2,1ドウ1ノウ1あたふ1(1あたう1)1よく1ゆるす1たへる1(1たえる1)1わざ1,
胾,,434,,160,6,12,+43250+,/zi4,1シ1,
脂,,434,,160,6,10,+71261+72261+,/zhi1,1シ1あぶら1べに1やに1,
脃,,434,,160,6,10,+77217+,/cui4,1ゼイ1かるい1もろい1やわらかい1よわい1,
脅,,434,,160,6,10,+40227+,/xie1,1ケフ1(1キョウ1)1コフ1(1コウ1)1おどかす1おどす1おびやかす1おびえる1わき1,
脈,,434,,160,6,10,+72232+,/mo4,1バク1ミヤク1(1ミャク1)1すぢ1(1すじ1),
脊,,434,,160,6,10,+11227+,/ji3/ji2,1セキ1シヤク1(1シャク1),
脑,腦,,436,160,6,10,+70272+,/nao3,1ダウ1(1ドウ1)1ナウ1(1ノウ1),
脍,膾,,439,160,6,10,+78232+,/kuai4,1クワイ1(1カイ1)1ケ1なます1,
脓,膿,,439,160,6,10,+74232+,/nong2/neng2,1ドウ1ノウ1うむ1うみ1,
脐,臍,,440,160,6,10,+70224+,/qi2,1セイ1サイ1へそ1ほぞ1,
脏,臟,,440,160,6,10,+70214+,/zang4,1サウ1(1ソウ1)1ザウ1(1ゾウ1)1はらわた1,
脔,臠,,440,160,6,12,+00227+,/luan2,1レン1きりにく1きりみ1みそなはす1(1みそなわす1),
脆,脃,441,434,160,6,10,+77212+,/cui4,1ゼイ1かるい1もろい1やわらかい1よわい1,
脗,,435,,160,7,11,+77262+,/wen3,1ブン1モン1フン1,
脘,,435,,160,7,11,+73211+,/guan3,1クワン1(1カン1),
脛,,435,,160,7,11,+71211+,/jing4,1ケイ1ギヤウ1(1ギョウ1)1すね1はぎ1,
脝,,435,,160,7,11,+70227+,/heng2,1カウ1(1コウ1)1キヤウ1(1キヨウ1),
脞,,435,,160,7,11,+78214+,/cuo4,1サ1ザ1,
脡,,435,,160,7,11,+72241+,/ting3,1テイ1チヤウ1(1チョウ1),
脣,唇,435,073,160,7,11,+71227+,/chun2,1シン1ジン1くちびる1,
脧,,435,,160,7,11,+73247+,/juan1,1セン1,
脩,修,435,021,160,7,11,+28227+,/xiu1,1シウ1(1シュウ1)1シユ1(1シュ1)1ほじし1をさめる1(1おさめる1)1ながい1,
脱,,435,,160,7,11,+78216+,/tuo1,1タツ1ダチ1ダツ1ぬぐ1ぬける1ぬげる1もし1,
脬,,435,,160,7,11,+72247+,/pao1,1ハウ1(1ホウ1)1ヘウ1(1ヒョウ1),
脯,,435,,160,7,11,+73227+,/fu3,1フ1ホ1ほじし1,
脰,,435,,160,7,11,+71218+,/dou4,1トウ1ヅ1(1ズ1),
脖,,435,,160,7,11,+74247+,/bo2,1ホツ1ボチ1ボツ1うなじ1,
脳,腦,,436,160,7,11,+72272+,/nao3,1ダウ1(1ドウ1)1ナウ1(1ノウ1),
脚,腳,441,437,160,7,11,+77220+,/jue2/jiao3,1キヤク1(1キャク1)1カク1,
脸,臉,,440,160,7,11,+78219+,/jian3/lian3,1ケン1レン1かほ1(1かお1)1ほほ1(1ほお1),
脹,,435,,160,8,12,+71232+,/zhang4,1チヤウ1(1チョウ1)1はれる1ふくれる1,
脾,,435,,160,8,12,+76240+,/pi2,1ヒ1ビ1もも1,
腁,,436,,160,8,12,+78241+,/bian2,1ヘン1ベン1たこ1まめ1あかぎれ1,
腆,,436,,160,8,12,+75281+,/tian3,1テン1あつい1よい1おほいに1(1おおいに1)1てあつい1,
腊(1),,436,,160,8,12,+74261+,/xi2,1セキ1シヤク1(1シャク1)1ほじし1ひもの1きびしい1はなはだしい1,
腊(2),臘,,440,160,8,12,+74261+,/la4,1ラフ1(1ロウ1)1くれ1,
腋,掖,436,197,160,8,12,+70247+,/yi4/ye4,1エキ1ヤク1セキ1シヤク1(1シャク1)1わき1,
腌,,436,,160,8,12,+74216+,/ang1/ye4/yan1,1エン1オン1エフ1(1ヨウ1)1オフ1(1オウ1),
腎,,436,,160,8,12,+77227+,/shen4,1シン1ジン1かなめ1,
腐,,436,,160,8,16,+00227+,/fu3,1フ1ブ1くさる1くされる1くさらす1くたす1ふるい1,
腑,府,436,149,160,8,12,+70240+,/fu3,1フ1はらわた1こころ1,
腓,,436,,160,8,12,+71211+,/fei2,1ヒ1ビ1こむら1ふくらはぎ1,
腔,,436,,160,8,12,+73211+,/qiang1,1カウ1(1コウ1)1から1からだ1,
腕,,436,,160,8,12,+73212+,/wan4,1ワン1うで1かいな1,
29632,跽,441,541,160,8,12,+77212+,/ji4,1キ1ギ1ひざまづく1(1ひざまずく1)1まがる1,
腠,,436,,160,9,13,+75232+,/cou4,1ソウ1ス1,
腥,,436,,160,9,13,+76214+,/xing1,1なまぐさい1けがらはしい1(1けがらわしい1)1みにくい1,
腦,,436,,160,9,13,+72263+,/nao3,1ダウ1(1ドウ1)1ナウ1(1ノウ1),
腩,,436,,160,9,13,+74227+,/nan3,1ダン1ナン1,
腫,,437,,160,9,13,+72214+,/zhong3,1シヨウ1(1ショウ1)1シユ1(1シュ1)1はれる1はれもの1,
腯,,437,,160,9,13,+77226+,/tu2,1トツ1トチ1,
腰,,437,,160,9,13,+71244+,/yao1,1エウ1(1ヨウ1)1こし1,
腱,,437,,160,9,13,+75240+,/jian4,1ケン1コン1すぢ1(1すじ1),
腳,,437,,160,9,13,+77220+,/jue2/jiao3,1キヤク1(1キャク1)1カク1,
腴,,437,,160,9,13,+77237+,/yu2,1ユ1あぶら1こえる1ゆたか1,
腷,,437,,160,9,13,+71266+,/bi4,1ヒヨク1(1ヒョク1)1ビキ1,
腸,,437,,160,9,13,+76227+,/chang2,1チヤウ1(1チョウ1)1ヂヤウ1(1ジョウ1)1はらわた1,
腹,,437,,160,9,13,+78247+,/fu4,1フク1はら1こころ1かんがへ1(1かんがえ1)1いだく1,
腺,核,437,243,160,9,13,+76232+,/xian4,1セン1すぢ1(1すじ1),
腻,膩,,439,160,9,13,+73240+,/ni4,1ヂ1(1ジ1)1ニ1あぶら1こえる1なめらか1あか1あぶらあか1,
腾,騰,,627,160,9,13,+79227+,/teng2,1トウ1ドウ1あがる1あげる1のぼる1のる1,
腮,顋,441,616,160,9,13,+76230+,/sai1,1サイ1えら1あぎと1あご1,
腿,,437,,160,10,14,+77233+,/tui3,1タイ1もも1,
膀,胱,437,434,160,10,14,+70227+,/pang2,1ハウ1(1ホウ1)1バウ1(1ボウ1)1ゆばりぶくろ1,
膂,,437,,160,10,14,+08227+,/lv3,1リヨ1(1リョ1)1ロ1せぼね1ちから1,
膃,肭,437,432,160,10,14,+76217+,/wa4,1ヲツ1(1オツ1)1ヲチ1(1オチ1),
膆,嗉,437,078,160,10,14,+75293+,/su4,1ソ1,
膈,,437,,160,10,14,+71227+,/ge2,1カク1キヤク1(1キャク1),
膊,,437,,160,10,14,+73242+,/bo4,1ハク1ほじし1,
膋,,438,,160,10,14,+99227+,/liao2,1レウ1(1リョウ1),
膏(1),,438,,160,10,14,+00227+,/gao1,1カウ1(1コウ1)1あぶら1こえる1めぐむ1,
膏(2),,438,,160,10,14,+00227+,/gao4,1カウ1(1コウ1)1うるほす1(1うるおす1),
膑,臏,,440,160,10,14,+73281+,/bin4,1ヒン1ビン1あしきる1あしきり1,
29786,臛,441,440,160,10,14,+74214+,/he4,1コク1カク1あつもの1,
膘,,438,,160,11,15,+71291+,/piao3,1ヘウ1(1ヒョウ1),
膚,,438,,160,11,15,+21227+,/fu1,1フ1はだ1はだへ1うはべ1(1うわべ1),
膛,,438,,160,11,15,+79214+,/tang2,1タウ1(1トウ1),
膜(1),,438,,160,11,15,+74234+,/mo4/mo2,1バク1マク1,
膜(2),,438,,160,11,15,+74234+,/mo2,1ボ1モ1,
膝,,438,,160,11,15,+74232+,/xi1,1シツ1シチ1ひざ1,
膞,,438,,160,11,15,+75243+,/zhuan1/chuan2,1シユン1(1シュン1)1ジユン1(1ジュン1)1セン1,
膠,,438,,160,11,15,+77222+,/jiao1,1カウ1(1コウ1)1ケウ1(1キョウ1)1にかは1(1にかわ1)1かたい1,
膓,腸,441,437,160,11,15,+78227+,/chang2,1チヤウ1(1チョウ1)1ヂヤウ1(1ジョウ1)1はらわた1,
膨,,439,,160,12,16,+72222+,/peng2,1ハウ1(1ホウ1)1ビヤウ1(1ビョウ1)1バウ1(1ボウ1)1ふくらむ1ふくれる1,
膩,,439,,160,12,16,+73240+,/ni4,1ヂ1(1ジ1)1ニ1あぶら1こえる1なめらか1あか1あぶらあか1,
膰,,439,,160,12,16,+72269+,/fan2,1ハン1ボン1ひもろぎ1,
膳,,439,,160,12,16,+78265+,/shan4,1セン1ゼン1かしはで1(1かしわで1),
膴(1),,439,,160,12,16,+78231+,/hu1,1コ1ク1,
膴(2),,439,,160,12,16,+78231+,/wu3,1ブ1ム1,
膵,甜,439,340,160,12,16,+74248+,/cui4,1スヰ1(1スイ1),
膺,,439,,160,13,17,+00227+,/ying1,1ヨウ1オウ1むね1うける1ひきうける1うつ1,
膽,,439,,160,13,17,+77261+,/dan3,1タン1きも1,
膾,,439,,160,13,17,+78266+,/kuai4,1クワイ1(1カイ1)1ケ1なます1,
膿,,439,,160,13,17,+75232+,/nong2/neng2,1ドウ1ノウ1うむ1うみ1,
臀,,439,,160,13,17,+77227+,/tun2,1トン1ドン1デン1しり1そこ1,
臂,,439,,160,13,17,+70227+,/bi4,1ヒ1ひぢ1(1ひじ1),
臃,癰,439,352,160,13,17,+70214+,/yong3/yong1,1ヨウ1ユ1,
臄,,439,,160,13,17,+71232+,/jue2,1キヤク1(1キャク1)1カク1,
臆,,439,,160,13,17,+70236+,/yi4,1ヨク1オキ1オク1むね1おしはかる1,
臉,,440,,160,13,17,+78286+,/jian3/lian3,1ケン1レン1かほ1(1かお1)1ほほ1(1ほお1),
臊,,440,,160,13,17,+76294+,/sao3/sao4,1サウ1(1ソウ1)1なまぐさい1,
臈,臘,441,440,160,13,17,+74227+,/la4,1ラフ1(1ロウ1)1くれ1,
臋,臀,441,439,160,13,19,+77722+,/tun2,1トン1ドン1デン1しり1そこ1,
臍,,440,,160,14,18,+70223+,/qi2,1セイ1サイ1へそ1ほぞ1,
臏,髕,440,630,160,14,18,+73286+,/bin4,1ヒン1ビン1あしきる1あしきり1,
臑,,440,,160,14,18,+71227+,/nao2,1ダウ1(1ドウ1)1ナウ1(1ノウ1)1すね1,
臘,,440,,160,15,19,+72217+,/la4,1ラフ1(1ロウ1)1くれ1,
臓,臟,,440,160,15,19,+74253+,/zang4,1サウ1(1ソウ1)1ザウ1(1ゾウ1)1はらわた1,
臕,膘,441,438,160,15,19,+70231+,/piao3,1ヘウ1(1ヒョウ1),
臚,,440,,160,16,20,+71217+,/lu2,1リヨ1(1リョ1)1ロ1,
臛,,440,,160,16,20,+71214+,/he4,1コク1カク1あつもの1,
臜,臢,,441,160,16,20,+74282+,/zan1,1サン1ソン1,
臙,胭,441,434,160,16,20,+74231+,/yan,1エン1,
臝,裸,440,503,160,17,21,+00217+,/luo3,1ラ1はだか1,
臞,,440,,160,18,22,+76214+,/qu1,1ク1グ1,
臟,,440,,160,18,22,+74253+,/zang4,1サウ1(1ソウ1)1ザウ1(1ゾウ1)1はらわた1,
臠,,440,,160,19,25,+22227+,/luan2,1レン1きりにく1きりみ1みそなはす1(1みそなわす1),
臡,,441,,160,19,25,+40227+,/ni2,1デイ1ナイ1,
臢,,441,,160,19,23,+77428+,/zan1,1サン1ソン1,
臣,,441,,161,0,6,+71717+,/chen2,1シン1ジン1おみ1,
臥,,441,,161,2,8,+78700+,/wo4,1グワ1(1ガ1)1ふす1ふしど1,
臧,,441,,161,8,14,+23250+,/zang1,1サウ1(1ソウ1)1よい1しもべ1,
臨,,441,,161,11,17,+78766+,/lin2,1リン1のぞむ1,
自,,441,,162,0,6,+26000+,/zi4,1シ1ジ1みづから1(1みずから1)1おのづから1(1おのずから1)1より1,
臬,,441,,162,4,10,+26904+,/nie4,1ゲツ1ゲチ1まと1,
臭(1),,442,,162,4,10,+26430+,/chou4,1シウ1(1シュウ1)1シユ1(1シュ1)1くさい1にほひ1(1におい1)1にほふ1(1におう1),
臭(2),嗅,442,078,162,4,10,+26430+,/xiu4,1キウ1(1キュウ1)1ク1かぐ1,
臯,皐,442,354,162,6,12,+26401+,/gao1,1カウ1(1コウ1)1さは1(1さわ1)1きし1ああ1たかい1さつき1,
至,,442,,163,0,6,+10104+,/zhi4,1シ1いたる1いたり1,
致(1),,442,,163,3,9,+18140+,/zhi4,1チ1いたす1,
致(2),緻,,412,163,3,9,+18140+,/zhi3,1チ1ヂ1こまかい1くわしい1,
30158,臺,443,443,163,7,13,+44104+,/tai2,1タイ1ダイ1うてな1しもべ1,
臺,,443,,163,8,14,+40104+,/tai2,1タイ1ダイ1うてな1しもべ1,
臻,,443,,163,10,16,+15194+,/zhen1,1シン1いたる1おほい1(1おおい1)1きたる1,
臼,,443,,164,0,6,+77770+,/jiu4,1キウ1(1キュウ1)1グ1うす1うすづく1,
臾,,443,,164,2,8,+77237+,/yu2,1ユ1ぬく1しばらく1ひきとめる1わづか1(1わずか1),
臿,,443,,164,3,9,+20777+,/cha2,1サフ1(1ソウ1),
舀,,443,,164,4,10,+20777+,/yao3/wai3/kuai3,1エウ1(1ヨウ1),
舁,,443,,164,4,10,+77447+,/yu2,1ヨ1かつぐ1かく1,
舂,,443,,164,5,11,+50777+,/song1/chong1,1シヨウ1(1ショウ1)1シユ1(1シュ1)1つく1うすづく1,
舃,,443,,164,6,12,+77327+,/xi4,1セキ1シヤク1(1シャク1),
舄,舃,444,443,164,6,12,+77327+,/xi4,1セキ1シヤク1(1シャク1),
舅,,443,,164,7,13,+77427+,/jiu4,1キウ1(1キュウ1)1グ1しうと1(1しゅうと1)1おぢ1(1おじ1),
與(1),,443,,164,7,13,+77801+,/yu3*,1ヨ1あたへる1(1あたえる1)1くみする1ともに1と1より1,
與(2),,443,,164,7,13,+77801+,/yu4*,1ヨ1あづかる1(1あずかる1),
與(3),歟,443,268,164,7,13,+77801+,/yu1/yu2*,1ヨ1か1,
興(1),,443,,164,9,15,+77801+,/xing1,1キヨウ1(1キョウ1)1コウ1おきる1おこす1おこる1,
興(2),,443,,164,9,15,+77801+,/xing4,1キヨウ1(1キョウ1)1コウ1,
舉,,444,,164,10,16,+77508+,/ju3,1キヨ1(1キョ1)1コ1あげる1あがる1こぞる1,
舊,,444,,164,12,18,+44777+,/jiu4,1キウ1(1キュウ1)1ク1ふるい1ふる1もと1,
舌,,444,,165,0,6,+20604+,/she2,1セツ1セチ1ゼツ1した1,
舍(1),,444,,165,2,8,+80604+,/she4,1シヤ1(1シャ1)1やど1いへ1(1いえ1)1やどる1やどす1,
舍(2),,444,,165,2,8,+80604+,/she3,1シヤ1(1シャ1)1おく1すてる1,
舎(1),舍,,444,165,2,8,+80601+,/she4,1シヤ1(1シャ1)1やど1いへ1(1いえ1)1やどる1やどす1,
舎(2),舍,,444,165,2,8,+80601+,/she3,1シヤ1(1シャ1)1おく1すてる1,
舐,,445,,165,4,10,+22640+,/shi4,1シ1ジ1なめる1ねぶる1,
舒,,445,,165,6,12,+87622+,/shu1,1シヨ1(1ショ1)1ソ1ジヨ1(1ジョ1)1のべる1のびる1のばす1ゆるい1ゆるやか1,
舔,,445,,165,8,14,+22633+,/tian3,1テン1,
舖(1),鋪,445,582,165,9,15,+83627+,/pu1,1ホ1フ1しく1,
舖(2),鋪,445,582,165,9,15,+83627+,/pu4,1ホ1フ1みせ1,
舗(1),鋪,,582,165,9,15,+83627+,/pu1,1ホ1フ1しく1,
舗(2),鋪,,582,165,9,15,+83627+,/pu4,1ホ1フ1みせ1,
舘,館,445,621,165,10,16,+83677+,/guan3,1クワン1(1カン1)1やかた1たち1たて1,
舚,,445,,165,13,19,+27661+,/tian4,1テン1,
舛,,445,,166,0,6,+25200+,/chuan3,1セン1,
舜,,445,,166,6,12,+20252+,/shun4,1シユン1(1シュン1)1むくげ1,
舝,,445,,166,7,13,+40503+,/xia2,1カツ1ゲチ1,
舞,,445,,166,8,14,+80251+,/wu3,1まひ1(1まい1)1まふ1(1まう1)1もてあそぶ1,
舟,,445,,167,0,6,+27440+,/zhou1,1シウ1(1シュウ1)1シユ1(1シュ1)1ふね1ふな1,
舠,,445,,167,2,8,+27420+,/dao1,1タウ1(1トウ1),
舡,,445,,167,3,9,+21410+,/xiang1,1カウ1(1コウ1),
舢,,445,,167,3,9,+22470+,/shan1,1サン1,
舣,艤,,446,167,3,9,+24403+,/yi3,1ギ1,
航,,446,,167,4,10,+20417+,/hang2,1カウ1(1コウ1)1ガウ1(1ゴウ1)1わたる1ふね1,
舫,,446,,167,4,10,+20427+,/fang3,1ハウ1(1ホウ1)1バウ1(1ボウ1)1もやふ1(1もやう1)1もやひぶね1(1もやいぶね1)1ふね1,
般(1),,446,,167,4,10,+27447+,/pan2,1ハン1バン1めぐる1めぐらす1はこぶ1,
般(2),,446,,167,4,10,+27447+,/ban1,1ハン1かへす1(1かえす1)1かへる1(1かえる1),
般(3),,446,,167,4,10,+27447+,/bo1,1ハツ1ハチ1ハン1,
舱,艙,,446,167,4,10,+28412+,/cang1,1サウ1(1ソウ1)1ふなぐら1,
舰,艦,,447,167,4,10,+27412+,/jian4,1カン1ガン1いくさぶね1,
舩,船,447,446,167,4,10,+28432+,/chuan2,1セン1ゼン1ふね1ふな1,
舲,,446,,167,5,11,+28437+,/ling2,1レイ1リヤウ1(1リョウ1),
舳,,446,,167,5,11,+25460+,/zhu2/zhou2,1チク1ヂク1(1ジク1)1へさき1とも1かぢ1(1かじ1),
舴,,446,,167,5,11,+28411+,/zuo2,1タク1チヤク1(1チャク1)1サク1シヤク1(1シャク1),
舶,,446,,167,5,11,+26400+,/bo2,1ハク1ビヤク1(1ビャク1)1ふね1おほぶね1(1おおぶね1),
舷,,446,,167,5,11,+20432+,/xian2,1ケン1ゲン1ふなばた1ふなべり1,
舸,,446,,167,5,11,+21420+,/ge3,1カ1ふね1おほぶね1(1おおぶね1),
船,,446,,167,5,11,+28460+,/chuan2,1セン1ゼン1ふね1ふな1,
舻,艫,,447,167,5,11,+21407+,/lu2,1ロ1とも1へさき1,
舵,柁,447,240,167,5,11,+23411+,/duo4,1タ1ダ1かぢ1(1かじ1),
艄,,446,,167,7,13,+29427+,/shao1,1サウ1(1ソウ1)1セウ1(1ショウ1),
艇,,446,,167,7,13,+22441+,/ting3,1テイ1チヤウ1(1チョウ1)1ふね1こぶね1をぶね1(1おぶね1),
艁(1),造,447,557,167,7,13,+24461+,/zao4,1サウ1(1ソウ1)1ザウ1(1ゾウ1)1つくる1なす1なる1はじめる1みやつこ1,
艁(2),造,447,557,167,7,13,+24461+,/zao4,1サウ1(1ソウ1)1ザウ1(1ゾウ1)1いたる1,
艋,舴,446,446,167,8,14,+27417+,/meng3,1バウ1(1ボウ1)1ミヤウ1(1ミョウ1)1マウ1(1モウ1),
艗,,446,,167,10,16,+28417+,/yi4,1ゲキ1ギヤク1(1ギャク1)1ふね1へさき1,
艘,,446,,167,10,16,+27447+,/sao2/sou1,1サウ1(1ソウ1)1ふね1,
艙,,446,,167,10,16,+28467+,/cang1,1サウ1(1ソウ1)1ふなぐら1,
艟,艨,446,447,167,12,18,+20414+,/tong2,1トウ1ヅ1(1ズ1)1ドウ1いくさぶね1ふね1,
艣,,446,,167,13,19,+21427+,/lu3,1ロ1かい1,
艤,,446,,167,13,19,+28453+,/yi3,1ギ1,
艦,,447,,167,14,20,+28417+,/jian4,1カン1ガン1いくさぶね1,
艨,,447,,167,14,20,+24432+,/meng2,1ボウ1ム1モウ1いくさぶね1ふね1,
艫,舳,447,446,167,16,22,+21417+,/lu2,1ロ1とも1へさき1,
艭,,447,,167,18,24,+20447+,/shuang1,1サウ1(1ソウ1),
艮,,447,,168,0,6,+77732+,/gen4/gen3,1コン1うしとら1こんづくり1,
良,,447,,168,1,7,+30732+,/liang2,1リヤウ1(1リョウ1)1よい1やや1まことに1,
艰,艱,,447,168,2,8,+17432+,/jian1,1カン1ケン1かたい1,
艱,,447,,168,11,17,+47532+,/jian1,1カン1ケン1かたい1,
色,,447,,169,0,6,+27717+,/se4/shai3,1シヨク1(1ショク1)1シキ1いろ1くさ1,
艳,豔,,527,169,4,10,+57017+,/yan4,1エン1あでやか1いろ1うつくしい1うらやむ1つや1なまめかしい1みめよい1,
艴,,447,,169,5,11,+57017+,/fu2,1フツ1フチ1いかる1,
艶,豔,,527,169,13,19,+57117+,/yan4,1エン1あでやか1いろ1うつくしい1うらやむ1つや1なまめかしい1みめよい1,
艷,豔,447,527,169,18,24,+27117+,/yan4,1エン1あでやか1いろ1うつくしい1うらやむ1つや1なまめかしい1みめよい1,
艸,草,449,456,170,0,6,+22447+,/cao3,1サウ1(1ソウ1)1くさ1,
艺,藝,,476,170,1,4,+44717+,/yi4,1ゲイ1わざ1うゑる1(1うえる1),
艽(1),,449,,170,2,6,+44417+,/qiu2,1キウ1(1キュウ1)1グ1,
艽(2),,449,,170,2,6,+44417+,/jiao1,1カウ1(1コウ1)1ケウ1(1キョウ1),
艾,,449,,170,2,6,+44400+,/ai4,1ガイ1よもぎ1もぐさ1かる1をさめる1(1おさめる1)1としより1,
节(1),26243,,391,170,2,5,+44227+,/jie2/jie1,1セツ1セチ1ふし1みさを1(1みさお1)1のつと1(1のっと1),
节(2),26243,,391,170,2,5,+44227+,/jie2,1セツ1セチ1,
芃,,449,,170,3,7,+44217+,/peng2,1ホウ1ブ1フウ1,
芊,,449,,170,3,7,+44402+,/qian1,1セン1,
芋,,449,,170,3,7,+44401+,/yu4,1ウ1いも1,
芍,,449,,170,3,7,+44127+,/shao2/shuo4,1シヤク1(1シャク1)1ジヤク1(1ジャク1)1ニヤク1(1ニャク1),
芎,,449,,170,3,7,+44200+,/qiong1/qiong2/xiong1,1キユウ1(1キュウ1)1ク1ケン1,
芑,,449,,170,3,7,+44717+,/qi3,1キ1,
芒,,449,,170,3,7,+44710+,/mang2,1バウ1(1ボウ1)1マウ1(1モウ1)1のぎ1ほさき1ひかり1くらい1すすき1かすか1つかれる1,
芗,薌,,473,170,3,6,+44202+,/xiang1,1キヤウ1(1キョウ1)1カウ1(1コウ1),
芙,,449,,170,4,8,+44530+,/fu2,1フ1ブ1はす1,
芝,,450,,170,4,8,+44307+,/zhi1,1シ1しば1,
芟,刪,450,040,170,4,8,+44407+,/shan1,1サン1セン1かる1とりのぞく1けづる1(1けずる1),
芡,,450,,170,4,8,+44802+,/qian4,1ケン1ゲン1,
芣,,450,,170,4,8,+44901+,/fou2,1フウ1ブ1,
芥,,450,,170,4,8,+44228+,/jie4,1カイ1ケ1からし1からしな1あくた1ちいさい1,
芧,杼,450,237,170,4,8,+44202+,/xu4,1シヨ1(1ショ1)1ジヨ1(1ジョ1)1とちのき1どんぐり1みくり1,
芨,,450,,170,4,8,+44247+,/ji1,1キフ1(1キュウ1),
芩,,450,,170,4,8,+44207+,/qin2,1キン1コン1じしばり1,
芪,,450,,170,4,8,+44742+,/qi2,1キ1ギ1,
芫,,450,,170,4,8,+44211+,/yuan2,1ゲン1グワン1(1ガン1)1さつまふぢ1(1さつまふじ1)1ふぢもどき1(1ふじもどき1),
芬,,450,,170,4,8,+44227+,/fen1,1フン1かんばしい1かうばしい1(1こうばしい1)1かをり1(1かおり1)1かをる1(1かおる1)1おほい1(1おおい1),
芭,蕉,450,471,170,4,8,+44717+,/ba1,1ハ1ヘ1バ1はな1,
芮,,450,,170,4,8,+44227+,/rui3,1ゼイ1ネイ1,
芯,,450,,170,4,8,+44330+,/xin1/xin4,1シン1とうしんぐさ1,
芰,,451,,170,4,8,+44407+,/ji4,1キ1ギ1,
花,華,451,461,170,4,8,+44214+,/hua1,1クワ1(1カ1)1ケ1はな1あや1,
芳,,451,,170,4,8,+44227+,/fang1,1ハウ1(1ホウ1)1かをり1(1かおり1)1かんばしい1,
芷,,451,,170,4,8,+44101+,/zhi3,1シ1よろひぐさ1(1よろいぐさ1),
芸(1),耘,451,427,170,4,8,+44731+,/yun2,1ウン1くさぎる1のぞく1,
芸(2),藝,,476,170,4,8,+44731+,/yi4,1ゲイ1わざ1うゑる1(1うえる1),
芹,,451,,170,4,8,+44221+,/qin2,1キン1ゴン1せり1,
芻,,451,,170,4,8,+27427+,/chu2,1ス1スウ1かる1くさかり1まぐさ1わら1,
芼,,451,,170,4,8,+44714+,/mao4,1バウ1(1ボウ1)1マウ1(1モウ1),
芽,,451,,170,4,8,+44241+,/ya2,1ガ1ゲ1め1きざし1めぐむ1きざす1,
芾(1),,451,,170,4,8,+44227+,/fei4,1ヒ1,
芾(2),韍黻,451,612651,170,4,8,+44227+,/fu2,1フツ1フチ1ひざかけ1あや1ぬひとり1(1ぬいとり1)1ぬふ1(1ぬう1),
苋,莧,,459,170,4,7,+44212+,/xian4,1ケン1ゲン1,
苌,萇,,462,170,4,8,+44734+,/chang2,1チヤウ1(1チョウ1)1ヂヤウ1(1ジョウ1),
苇,葦,,465,170,4,7,+44527+,/wei3,1ヰ1(1イ1)1あし1よし1,
苍(1),蒼,,467,170,4,7,+44712+,/cang1,1サウ1(1ソウ1)1あを1(1あお1)1あをい1(1あおい1)1あわただしい1しげる1ふるびる1,
苍(2),蒼,,467,170,4,7,+44712+,/cang3,1サウ1(1ソウ1),
苁,蓯,,469,170,4,7,+44880+,/cong1,1シヨウ1(1ショウ1)1シユ1(1シュ1),
芜,蕪,,472,170,4,7,+44412+,/wu2,1ブ1ム1あれる1かぶ1かぶら1しげる1みだれる1,
苈,藶,,477,170,4,7,+44227+,/li2,1レキ1リヤク1(1リャク1),
芦(1),蘆,,478,170,4,7,+44277+,/lu2,1ロ1あし1よし1,
芦(2),蘆,,478,170,4,7,+44277+,/luo2,1ラ1,
苏,蘇,,478,170,4,7,+44330+,/su1,1ソ1ス1よみがへる1(1よみがえる1),
芘,庇,480,149,170,4,8,+44711+,/bi4,1ヒ1ひさし1かばふ1(1かばう1),
苑(1),,451,,170,5,9,+44212+,/yuan4,1ヱン1(1エン1)1ヲン1(1オン1)1その1,
苑(2),屈,451,132,170,5,9,+44212+,/yu4,1ウツ1ウチ1,
苒,荏,451,456,170,5,9,+44557+,/ran3,1ゼン1ネン1,
苓,茯,451,455,170,5,9,+44307+,/ling2,1レイ1リヤウ1(1リョウ1)1おちる1まつほど1みみなぐさ1,
苔,,452,,170,5,9,+44603+,/tai1/tan2,1タイ1ダイ1こけ1,
苕,,452,,170,5,9,+44602+,/tiao2,1テウ1(1チョウ1)1デウ1(1ジョウ1)1ゑんどう1(1えんどう1)1のゑんどう1(1のえんどう1),
苗,,452,,170,5,9,+44600+,/miao2,1ベウ1(1ビョウ1)1メウ1(1ミョウ1)1なへ1(1なえ1)1なは1(1なわ1)1かり1,
苙,,452,,170,5,9,+44108+,/li4,1リフ1(1リュウ1)1おり1,
苛,,452,,170,5,9,+44621+,/ke1,1カ1ガ1からい1きびしい1いぢめる1(1いじめる1)1いら1いらだつ1こまかい1さいなむ1むごい1わづらはしい1(1わずらわしい1),
苜,,452,,170,5,9,+44600+,/mu4,1ボク1モク1,
苞,,452,,170,5,9,+44712+,/bao1,1ハウ1(1ホウ1)1ヘウ1(1ヒョウ1)1つつみ1つつむ1つと1しげる1ねもと1みやげもの1,
苟,,452,,170,5,9,+44627+,/gou3,1コウ1ク1いやしくも1かりそめ1まことに1,
苡,,452,,170,5,9,+44180+,/yi3,1イ1,
苣,萵,452,463,170,5,9,+44717+,/ju4,1キヨ1(1キョ1)1ゴ1ちさ1ちしや1(1ちしゃ1)1たいまつ1,
若,,452,,170,5,9,+44604+,/ruo4/re4,1ジヤク1(1ジャク1)1ニヤク1(1ニャク1)1したがふ1(1したがう1)1なんぢ1(1なんじ1)1ごとし1しく1もし1もしくは1その1わかい1わか1,
苦,,453,,170,5,9,+44604+,/ku3,1コ1ク1にがい1にがる1にがな1くるしい1くるしむ1くるしみ1くるしめる1はなはだ1,
苧,,453,,170,5,9,+44201+,/zhu4,1チヨ1(1チョ1)1ド1からむし1を1(1お1),
苫,,453,,170,5,9,+44601+,/shan1,1セン1とま1むしろ1ふく1,
英,,453,,170,5,9,+44530+,/ying1,1エイ1ヤウ1(1ヨウ1)1はな1はなぶさ1ひいでる1,
苴,,453,,170,5,9,+44107+,/ju1,1シヨ1(1ショ1)1ソ1あさ1つと1おぎなふ1(1おぎなう1)1くろい1ちり1,
苶,,453,,170,5,9,+44908+,/nie2,1デツ1ネチ1,
苹,,453,,170,5,9,+44409+,/ping2,1ヘイ1ビヤウ1(1ビョウ1)1うきくさ1よもぎ1,
苺,,453,,170,5,9,+44507+,/mei2,1バイ1マイ1いちご1こけ1,
苻,,453,,170,5,9,+44240+,/fu2,1フ1ブ1さや1あまかは1(1あまかわ1),
苾,,453,,170,5,9,+44330+,/pi4,1ヒツ1ヒチ1かをり1(1かおり1)1かをる1(1かおる1)1かうばしい1(1こうばしい1),
茀,,453,,170,5,9,+44527+,/fu2,1フツ1フチ1おほふ1(1おおう1)1しげる1まへだれ1(1まえだれ1),
茁,,454,,170,5,9,+44772+,/zhuo2,1チツ1チチ1キツ1キク1シユツ1(1シュツ1)1シユチ1(1シュチ1)1サツ1サチ1,
茂,,454,,170,5,9,+44253+,/mao4,1ボウ1モ1しげる1すぐれる1,
范(1),,454,,170,5,9,+44112+,/fan4,1ハン1ボン1いがた1かた1のり1,
范(2),範,,391,170,5,8,+44112+,/fan4,1ハン1ボン1いがた1わく1さかひ1(1さかい1)1かた1のり1,
茄,,454,,170,5,9,+44460+,/qie2,1カ1ケ1なす1なすび1はちす1はす1,
茅,,454,,170,5,9,+44222+,/mao2,1バウ1(1ボウ1)1メウ1(1ミョウ1)1かや1ち1ちがや1,
茆,蓴,454,469,170,5,9,+44727+,/mao3,1バウ1(1ボウ1)1メウ1(1ミョウ1)1リウ1(1リュウ1)1リユ1(1リュ1)1ぬなわ1かや1じゆんさい1(1じゅんさい1),
茇(1),,454,,170,5,9,+44447+,/ba2,1ハツ1バチ1,
茇(2),,454,,170,5,9,+44447+,/ba2,1フツ1フチ1,
茉,,454,,170,5,9,+44904+,/mo4,1バツ1マチ1マツ1,
茌,,454,,170,5,9,+44214+,/chi2,1チ1ヂ1(1ジ1),
茎,莖,,458,170,5,8,+44104+,/jing1,1カウ1(1コウ1)1ギヤウ1(1ギョウ1)1ケイ1くき1,
茑,蔦,,470,170,5,8,+44127+,/niao3,1テウ1(1チョウ1)1ネウ1(1ニョウ1)1つた1,
苽,菰,480,461,170,5,9,+44232+,/jiao1,1カウ1(1コウ1)1ケウ1(1キョウ1),
苐,第,480,386,170,5,9,+44227+,/di4,1テイ1ダイ1ついで1やしき1ただ1,
茗,,454,,170,6,10,+44607+,/ming2/ming3,1ベイ1ミヤウ1(1ミョウ1)1メイ1ちや1(1ちゃ1)1ちゆのめ1(1ちゃのめ1)1よふ1(1よう1),
荔,薜,454,474,170,6,10,+44427+,/li4,1リ1レイ1おほにら1(1おおにら1),
茜,,454,,170,6,10,+44601+,/qian4,1セン1あかね1,
茝,蘼,454,479,170,6,10,+44717+,/chai3,1サイ1シ1よろいぐさ1,
茨,,455,,170,6,10,+44182+,/ci2,1シ1ジ1いばら1かや1くさぶき1ふく1,
茫,,455,,170,6,10,+44110+,/mang2,1バウ1(1ボウ1)1マウ1(1モウ1)1とほい1(1とおい1)1はるか1ひろい1,
茭,菰,455,461,170,6,10,+44408+,/jiao1,1カウ1(1コウ1)1ケウ1(1キョウ1),
茯,,455,,170,6,10,+44234+,/fu2,1フク1ブク1,
茱,萸,455,459,170,6,10,+44904+,/zhu1,1シユ1(1シュ1),
茲(1),18029,455,299,170,6,10,+44732+,/zi1,1シ1ジ1しげる1ますます1とし1ここ1ここに1これ1この1すなはち1(1すなわち1),
茲(2),,455,,170,6,10,+44732+,/ci2,1シ1ジ1,
茴,,455,,170,6,10,+44600+,/hui2,1クワイ1(1カイ1)1ヱ1(1エ1)1ウヰ1(1ウイ1),
茵,,455,,170,6,10,+44600+,/yin1,1イン1しきもの1しとね1,
茶,,455,,170,6,10,+44904+,/cha2,1タ1ダ1サ1ジヤ1(1ジャ1)1チヤ1(1チャ1),
茸(1),,455,,170,6,10,+44401+,/rong2,1ジヨウ1(1ジョウ1)1ニユ1(1ニュ1)1しげる1にこげ1ふくろづの1きのこ1たけ1,
茸(2),,455,,170,6,10,+44401+,/rong3,1ジヨウ1(1ジョウ1)1ニユ1(1ニュ1),
茹,,455,,170,6,10,+44460+,/ru2/ru4,1ジヨ1(1ジョ1)1ニヨ1(1ニョ1)1くふ1(1くう1)1くらふ1(1くらう1)1やはらか1(1やわらか1)1くさる1な1うだる1ゆだる1ゆでる1,
茼,,456,,170,6,10,+44227+,/tong2,1トウ1ドウ1しゆんぎく1(1しゅんぎく1),
荀,,456,,170,6,10,+44627+,/xun2,1シユン1(1シュン1)1ジユン1(1ジュン1),
荃,,456,,170,6,10,+44104+,/quan2,1セン1,
荄,,456,,170,6,10,+44802+,/gai1,1カイ1ね1,
荈,,456,,170,6,10,+44250+,/chuan3,1セン1,
荇,,456,,170,6,10,+44221+,/xing4,1カウ1(1コウ1)1ギヤウ1(1ギョウ1)1あさぎ1,
草,艸,456,449,170,6,10,+44406+,/cao3,1サウ1(1ソウ1)1くさ1,
荏,苒,456,451,170,6,10,+44214+,/ren3,1ジン1ニン1え1,
荐,薦,456,474,170,6,10,+44247+,/jian4,1セン1ゼン1あつまる1かさねる1しきりに1しばしば1むしろ1しく1,
荑,稊,456,376,170,6,10,+44532+,/ti2,1テイ1ダイ1いぬびえ1め1めぐむ1めばえる1わかめ1,
荒,,456,,170,6,10,+44211+,/huang1,1クワウ1(1コウ1)1あらい1あれる1あらす1すさむ1すさぶ1あれ1,
茺,,456,,170,6,10,+44213+,/chong1,1シユウ1(1シュウ1)1ジユ1(1ジュ1)1ジユウ1(1ジュウ1),
荆,,457,,170,6,10,+42400+,/jing1,1ケイ1キヤウ1(1キョウ1)1いばら1むち1,
荘,莊,,458,170,6,9,+44114+,/zhuang1,1サウ1(1ソウ1)1シヤウ1(1ショウ1)1おごそか1しもやしき1,
荚,莢,,459,170,6,9,+44805+,/jia2,1ケフ1(1キョウ1)1さや1,
药(1),葯,,465,170,6,9,+44127+,/yue4,1ヤク1よろいぐさ1,
药(2),葯,,465,170,6,9,+44127+,/yao4,1ヤク1くすり1いやす1,
荤,葷,,465,170,6,9,+44504+,/hun1,1クン1くさい1なまぐさ1,
荜,蓽,,469,170,6,9,+44401+,/bi4,1ヒツ1ヒチ1いばら1まめ1,
荨,蕁,,471,170,6,9,+44347+,/xun2,1タン1ドン1いらくさ1はなすげ1もづく1(1もずく1),
荞,蕎,,471,170,6,9,+44228+,/qiao2,1ケウ1(1キョウ1)1ゲウ1(1ギョウ1),
荛,蕘,,472,170,6,9,+44212+,/rao2,1ゼウ1(1ジョウ1)1ネウ1(1ニョウ1)1たきぎ1しば1きこり1くさかり1,
荟,薈,,473,170,6,9,+44732+,/hui4,1ワイ1ヱ1(1エ1)1しげる1あつまる1くさむら1,
荠,薺,,475,170,6,9,+44224+,/ji4,1セイ1ザイ1なづな1(1なずな1)1はまびし1,
荩,藎,,476,170,6,9,+44303+,/jin4,1シン1ジン1かりやす1,
茧,繭,,415,170,6,9,+44136+,/jian3,1ケン1まゆ1,
茘,荔,480,454,170,6,10,+44227+,/li4,1リ1レイ1おほにら1(1おおにら1),
茰,萸,480,459,170,6,10,+44506+,/yu2,1ユ1,
荅,答,480,388,170,6,10,+44601+,/da2/da1,1タフ1(1トウ1)1こたへる1(1こたえる1)1こたへ1(1こたえ1),
荳,蔲,457,469,170,7,11,+44108+,/dou4,1トウ1ヅ1まめ1,
荷(1),,457,,170,7,11,+44221+,/he2,1カ1ガ1はす1,
荷(2),,457,,170,7,11,+44221+,/he4,1カ1ガ1に1になふ1(1になう1),
荸,,457,,170,7,11,+44407+,/bi2,1ホツ1ボチ1ボツ1,
荻,,457,,170,7,11,+44289+,/di2,1テキ1ヂヤク1(1ジャク1)1をぎ1(1おぎ1),
荼(1),,457,,170,7,11,+44904+,/tu2,1ト1ヅ1(1ズ1)1にがな1のげし1,
荼(2),,457,,170,7,11,+44904+,/tu2,1タ1ダ1サ1ジヤ1(1ジャ1),
荽,,457,,170,7,11,+44404+,/sui1,1スヰ1(1スイ1),
莅,涖,458,290,170,7,11,+44218+,/li4,1リ1のぞむ1おこなふ1(1おこなう1)1ゆく1,
莆(1),,458,,170,7,11,+44227+,/fu3,1フ1,
莆(2),,458,,170,7,11,+44227+,/pu2,1ホ1フ1,
莉,茉,458,454,170,7,11,+44920+,/li4,1リ1,
莊,庄,458,148,170,7,11,+44214+,/zhuang1,1サウ1(1ソウ1)1シヤウ1(1ショウ1)1おごそか1しもやしき1,
莎(1),,458,,170,7,11,+44129+,/suo1,1サ1はますげ1,
莎(2),,458,,170,7,11,+44129+,/sha1,1サ1シヤ1(1シャ1),
莒,,458,,170,7,11,+44606+,/ju3,1キヨ1(1キョ1)1コ1いも1,
莓,,458,,170,7,11,+44507+,/mei2,1バイ1マイ1いちご1,
莖,,458,,170,7,11,+44101+,/jing1,1カウ1(1コウ1)1ギヤウ1(1ギョウ1)1ケイ1くき1,
莘(1),,458,,170,7,11,+44401+,/xin1,1シン1,
莘(2),,458,,170,7,11,+44401+,/xin1,1シン1,
莙,,458,,170,7,11,+44607+,/jun4,1キン1ギン1,
莛,,458,,170,7,11,+44401+,/ting2,1テイ1チヤウ1(1チョウ1),
莝,,458,,170,7,11,+44104+,/cuo4,1サ1ザ1きりわら1まぐさ1,
莞(1),,458,,170,7,11,+44211+,/guan3,1クワン1(1カン1)1グワン1(1ガン1)1ゐ1(1い1)1ゐぐさ1(1いぐさ1)1むしろ1,
莞(2),,458,,170,7,11,+44211+,/huan3,1クワン1(1カン1)1ゲン1,
莠,,458,,170,7,11,+44227+,/yu3/yu4,1イウ1(1ユウ1)1ユ1はぐさ1,
莢,,459,,170,7,11,+44438+,/jia2,1ケフ1(1キョウ1)1さや1,
莧,,459,,170,7,11,+44216+,/xian4,1ケン1ゲン1,
莨,,459,,170,7,11,+44732+,/lang2,1ラウ1(1ロウ1)1たばこ1ちからぐさ1まぐさ1,
莩(1),,459,,170,7,11,+44407+,/fu2,1フ1あまかは1(1あまかわ1)1うすかは1(1うすかわ1),
莩(2),殍,459,270,170,7,11,+44407+,/piao3,1ヘウ1(1ヒョウ1)1ベウ1(1ビョウ1)1うゑじに1(1うえじに1),
莪,蘿,459,480,170,7,11,+44553+,/e2,1ガ1きつねあざみ1つのよもぎ1,
莫(1),幕,459,145,170,7,11,+44430+,/mo4,1バク1マク1ない1なかれ1さびしい1,
莫(2),暮,459,227,170,7,11,+44430+,/mo4,1バク1マク1くれる1くれ1おそい1,
莱,萊,,462,170,7,10,+44908+,/lai2,1ライ1あかざ1あれち1,
莼,蒓,,466,170,7,10,+44117+,/chun2,1ぬなわ1じゆんさい1(1じゅんさい1),
莳(1),蒔,,466,170,7,10,+44640+,/shi2,1シ1ジ1,
莳(2),蒔,,466,170,7,10,+44640+,/shi4,1シ1ジ1うゑる1(1うえる1)1まく1,
莲,蓮,,469,170,7,10,+44305+,/lian2,1レン1はす1はちす1,
荫,蔭,,470,170,7,10,+44227+,/yin4,1イン1オン1かげ1おかげ1おほふ1(1おおう1)1しげる1,
莸,蕕,,471,170,7,10,+44212+,/you2,1イウ1(1ユウ1)1ユ1くさい1くさみ1かりがねさう1(1かりがねそう1),
获(1),獲,,330,170,7,10,+44284+,/huo4,1クワク1(1カク1)1ワク1える1,
获(2),穫,,379,170,7,10,+44284+,/huo4,1クワク1(1カク1)1ワク1かる1とる1とりいれる1,
荡(1),蕩,,472,170,7,10,+44127+,/dang4,1タウ1(1トウ1)1ダウ1(1ドウ1)1あらふ1(1あらう1)1うごく1とろける1のびやか1はらふ1(1はらう1)1ほしいまま1みだす1,
荡(2),盪,,357,170,7,10,+44127+,/dang4,1タウ1(1トウ1)1ダウ1(1ドウ1)1あらひきよめる1(1あらいきよめる1)1あらふ1(1あらう1)1うごかす1うごく1ほしいままにする1,
莽,,459,,170,8,12,+44443+,/mang3,1バウ1(1ボウ1)1マウ1(1モウ1)1ボ1ム1くさ1くさぶかい1くさむら1あらい1おほきい1(1おおきい1)1ひろい1,
菀,紫,459,403,170,8,12,+44212+,/wan3,1ヱン1(1エン1)1ヲン1(1オン1)1ウツ1ウチ1しげる1つむ1むすぼれる1,
萸,茱,459,455,170,8,12,+44237+,/yu2,1ユ1,
菁,燕,459,318,170,8,12,+44227+,/jing1,1セイ1シヤウ1(1ショウ1)1あをな1(1あおな1)1かぶ1かぶら1かぶらな1,
菅,,460,,170,8,12,+44777+,/jian1,1カン1ケン1すげ1すが1かや1,
菇,菰,460,461,170,8,12,+44460+,/gu1,1コ1,
菉,,460,,170,8,12,+44132+,/lu4/lv4,1リヨク1(1リョク1)1ロク1,
菊,,460,,170,8,12,+44927+,/ju2,1キク1,
菌,,460,,170,8,12,+44600+,/jun4,1キン1ギン1きのこ1かび1,
菔,,460,,170,8,12,+44247+,/fu2/bo2,1フク1ブク1ホク1ボク1,
菖,,460,,170,8,12,+44606+,/chang1,1シヤウ1(1ショウ1),
菘,,460,,170,8,12,+44932+,/song1,1シユウ1(1シュウ1)1シユ1(1シュ1)1スウ1つけな1たうな1(1とうな1),
菜,,460,,170,8,12,+44904+,/cai4,1サイ1な1,
菟(1),,460,,170,8,12,+44413+,/tu4,1ト1ツ1うさぎ1,
菟(2),,460,,170,8,12,+44413+,/tu4,1ト1ツ1,
菠,,460,,170,8,12,+44147+,/bo1/bo2,1ハ1,
菡,,461,,170,8,12,+44772+,/han4,1カン1ガン1,
菩,,461,,170,8,12,+44601+,/pu2,1ホ1ボ1,
菫,,461,,170,8,12,+44104+,/jin3,1キン1コン1すみれ1とりかぶと1,
華(1),花,461,451,170,8,12,+44504+,/hua2,1クワ1(1カ1)1ゲ1ケ1はな1はなやか1しろい1,
華(2),,461,,170,8,12,+44504+,/hua4,1クワ1(1カ1)1ゲ1ケ1,
菰,,461,,170,8,12,+44432+,/gu1,1コ1こも1まこも1,
菱,,461,,170,8,12,+44407+,/ling2,1リヨウ1(1リョウ1)1ひし1,
菲(1),,461,,170,8,12,+44111+,/fei3,1ヒ1うすい1,
菲(2),,461,,170,8,12,+44111+,/fei1,1ヒ1,
菴,庵,461,150,170,8,12,+44716+,/an1,1アン1いほり1(1いおり1),
菸(1),,461,,170,8,12,+44233+,/yu2,1ヨ1オ1,
菸(2),,461,,170,8,12,+44233+,/yan1,1エン1,
菹,,462,,170,8,12,+44117+,/ju1,1シヨ1(1ショ1)1ソ1,
菼,,462,,170,8,12,+44809+,/tan3,1タン1ダン1,
菾,,462,,170,8,12,+44333+,/tian2,1テン1デン1,
菽,,462,,170,8,12,+44947+,/shu2,1シユク1(1シュク1)1まめ1,
萁,,462,,170,8,12,+44801+,/qi2,1キ1ギ1,
萃,,462,,170,8,12,+44408+,/cui4,1スヰ1(1スイ1)1ズヰ1(1ズイ1)1あつまる1あつめる1くさむら1やつれる1,
萄,葡,462,464,170,8,12,+44727+,/tao2/tao1,1タウ1(1トウ1)1ダウ1(1ドウ1),
萆,,462,,170,8,12,+44406+,/bi4,1ヒ1,
萇,,462,,170,8,12,+44732+,/chang2,1チヤウ1(1チョウ1)1ヂヤウ1(1ジョウ1),
萊,菔,462,460,170,8,12,+44908+,/lai2,1ライ1あかざ1あれち1,
萋,,462,,170,8,12,+44404+,/qi1,1セイ1サイ1,
萌,,462,,170,8,12,+44627+,/meng2,1バウ1(1ボウ1)1ミヤウ1(1ミョウ1)1きざす1もえる1きざし1めばえ1たみ1,
萍,,462,,170,8,12,+44149+,/ping2,1ヘイ1ビヤウ1(1ビョウ1)1うきくさ1よもぎ1,
萎,,462,,170,8,12,+44404+,/wei1,1ヰ1(1イ1)1なえる1しをれる1(1しおれる1)1しぼむ1つかれる1,
萏,菡,462,461,170,8,12,+44777+,/dan4,1タン1ドン1,
萑,,463,,170,8,12,+44214+,/huan2,1クワン1(1カン1)1グワン1(1ガン1)1をぎ1(1おぎ1),
荊,荆,463,457,170,8,12,+42400+,/jing1,1ケイ1キヤウ1(1キョウ1)1いばら1むち1,
菪,,463,,170,8,12,+44601+,/tang4,1タウ1(1トウ1)1ダウ1(1ドウ1),
萧,蕭,,475,170,8,11,+44227+,/xiao1,1セウ1(1ショウ1)1よもぎ1しづか1(1しずか1)1ものさびしい1,
萚,蘀,,478,170,8,11,+44554+,/tuo4,1タク1,
萤,螢,,491,170,8,11,+44136+,/ying2,1ケイ1キヤウ1(1キョウ1)1ほたる1,
萦,縈,,412,170,8,11,+44903+,/ying2,1エイ1ヤウ1(1ヨウ1)1まがる1めぐらす1めぐる1,
萐,莆,,458,170,8,11,+44801+,/sha4,1サフ1(1ソウ1)1セフ1(1ショウ1),
31322,荆,480,457,170,8,12,+42400+,/jing1,1ケイ1キヤウ1(1キョウ1)1いばら1むち1,
菑(1),葘,480,463,170,8,12,+44603+,/zi1,1シ1,
菑(2),葘,480,463,170,8,12,+44603+,/zai1,1サイ1わざはひ1(1わざわい1),
菓,果,480,238,170,8,12,+44904+,/guo3,1クワ1(1カ1)1はたす1はてる1はて1くだもの1はたして1,
萩,楸,463,255,170,9,13,+44989+,/qiu1,1シウ1(1シュウ1)1シユ1(1シュ1)1はぎ1,
萬,,463,,170,9,13,+44427+,/wan4,1バン1マン1よろづ1(1よろず1),
葘(1),,463,,170,9,13,+44603+,/zi1,1シ1,
葘(2),災,463,312,170,9,13,+44603+,/zai1,1サイ1わざはひ1(1わざわい1),
萱,,463,,170,9,13,+44106+,/xuan1,1ケン1クワン1(1カン1)1かや1わすれぐさ1,
萵,,463,,170,9,13,+44227+,/wo1,1ワ1,
萹,,463,,170,9,13,+44227+,/pian1,1ヘン1,
萼,,463,,170,9,13,+44207+,/e4,1ガク1うてな1はなぶさ1,
落,,463,,170,9,13,+44164+,/luo4,1ラク1おちる1おとす1おち1さと1,
葆,,464,,170,9,13,+44294+,/bao3,1ハウ1(1ホウ1)1ホ1しげる1たから1たもつ1つつむ1はねかざり1,
葉(1),,464,,170,9,13,+44904+,/ye4,1エフ1(1ヨウ1)1は1,
葉(2),,464,,170,9,13,+44904+,/she4,1セフ1(1ショウ1),
葑,,464,,170,9,13,+44140+,/feng1,1ホウ1フ1かぶら1,
葎,,464,,170,9,13,+44257+,/lv4,1リツ1リチ1むぐら1,
葍,,464,,170,9,13,+44606+,/fu2,1フク1,
著(1),,464,,170,9,13,+44604+,/zhu4,1チヨ1(1チョ1)1いちじるしい1あらはす1(1あらわす1)1あらはれる1(1あらわれる1),
著(2),,464,,170,9,13,+44604+,/zhuo2,1チヤク1(1チャク1)1きる1,
著(3),,464,,170,9,13,+44604+,/zhao2,1チヤク1(1チャク1)1ヂヤク1(1ジャク1)1つく1つける1,
葚,,464,,170,9,13,+44711+,/shen4,1シン1ジン1,
葛,,464,,170,9,13,+44727+,/ge2/ge3,1カツ1カチ1くず1つる1かたびら1つづら1かづら1(1かずら1),
葡,萄,464,462,170,9,13,+44227+,/pu2,1ホ1ブ1,
董,,465,,170,9,13,+44104+,/dong3,1トウ1ツ1ただす1とりしまる1,
葦,,465,,170,9,13,+44506+,/wei3,1ヰ1(1イ1)1あし1よし1,
葩,,465,,170,9,13,+44617+,/pa1,1ハ1ヘ1はな1はなびら1,
葫(1),蒜,465,466,170,9,13,+44627+,/hu2,1コ1ゴ1にんにく1,
葫(2),蘆,465,478,170,9,13,+44627+,/hu2,1コ1ゴ1,
葬,,465,,170,9,13,+44441+,/zang4,1サウ1(1ソウ1)1はうむる1(1ほうむる1),
葭,莩,465,459,170,9,13,+44247+,/jia1,1カ1ケ1あし1よし1あしぶえ1,
葯(1),,465,,170,9,13,+44927+,/yue4,1ヤク1よろいぐさ1,
葯(2),藥,465,477,170,9,13,+44927+,/yao4,1ヤク1くすり1いやす1,
葱,,465,,170,9,13,+44332+,/zong1,1ソウ1ス1ねぎ1,
葳,萎,465,462,170,9,13,+44253+,/wei1,1ヰ1(1イ1),
葵,,465,,170,9,13,+44430+,/kui2,1キ1ギ1あふひ1(1あおい1),
葶,,465,,170,9,13,+44201+,/ting2,1テイ1チヤウ1(1チョウ1),
葷,,465,,170,9,13,+44506+,/hun1,1クン1くさい1なまぐさ1,
葸,,466,,170,9,13,+44336+,/xi3,1シ1,
葹,卷,466,055,170,9,13,+44212+,/shi1,1シ1おなもみ1なもみ1,
葺,,466,,170,9,13,+44401+,/qi4,1シフ1(1シュウ1)1ふく1ふき1つくろふ1(1つくろう1),
葖,蓇,466,468,170,9,13,+44430+,/tu2,1トツ1,
蒌,蔞,,470,170,9,12,+44404+,/lou2,1ロウ1ル1リユ1(1リュ1)1よもぎ1,
蒇,蕆,,471,170,9,12,+44253+,/chan3,1テン1,
蒉,蕢,,472,170,9,12,+44802+,/kui4,1キ1ギ1あじか1つちくれ1,
韮,韭,480,613,170,9,13,+44101+,/jiu3,1キウ1(1キュウ1)1ク1にら1,
萲,萱,480,463,170,9,13,+44447+,/xuan1,1ケン1クワン1(1カン1)1かや1わすれぐさ1,
葅,菹,480,462,170,9,13,+44817+,/ju1,1シヨ1(1ショ1)1ソ1,
蒂,蔕,480,470,170,9,13,+44227+,/di4,1テイ1タイ1へた1うてな1とげ1ねもと1,
蒐,,466,,170,10,14,+44213+,/sou1,1シウ1(1シュウ1)1シユ1(1シュ1)1あかね1あつめる1かくす1さがす1かり1,
蒓,蓴,466,469,170,10,14,+44917+,/chun2,1シユン1(1シュン1)1ジユン1(1ジュン1)1ぬなわ1じゆんさい1(1じゅんさい1),
蒔(1),,466,,170,10,14,+44641+,/shi2,1シ1ジ1,
蒔(2),,466,,170,10,14,+44641+,/shi4,1シ1ジ1うゑる1(1うえる1)1まく1,
蒙,,466,,170,10,14,+44232+,/meng2/meng3,1ボウ1モウ1くらい1おほふ1(1おおう1)1おかす1かうむる1(1こうむる1),
蒜,,466,,170,10,14,+44991+,/suan4,1サン1ひる1のびる1にんにく1,
蒟,,466,,170,10,14,+44127+,/ju3,1ク1コン1,
蒡,牛,466,323,170,10,14,+44227+,/bang4,1ハウ1(1ホウ1)1バウ1(1ボウ1),
蒨,,466,,170,10,14,+44227+,/qian4,1セン1,
蒯,,466,,170,10,14,+42200+,/kuai3,1クワイ1(1カイ1)1ケ1あぶらがや1,
蒱,摴,466,203,170,10,14,+44527+,/pu2,1ホ1ブ1,
蒲,菖,466,460,170,10,14,+44127+,/pu2,1ホ1ブ1がま1かま1むしろ1かはやなぎ1(1かわやなぎ1),
蒴,,467,,170,10,14,+44427+,/shuo4,1サク1,
蒸,烝,467,314,170,10,14,+44331+,/zheng1,1シヨウ1(1ショウ1)1ジヨウ1(1ジョウ1)1おほい1(1おおい1)1もろもろ1むす1むれる1むらす1ふかす1ふける1,
蒹,葭,467,465,170,10,14,+44237+,/jian1,1ケン1をぎ1(1おぎ1),
蒺,,467,,170,10,14,+44134+,/ji2,1シツ1ジチ1,
蒻,蒲蒟,467,466,170,10,14,+44227+,/ruo4,1ジヤク1(1ジャク1)1ニヤク1(1ニャク1)1がまのめ1むしろ1,
蓖,,467,,170,10,14,+44711+,/bi1,1ヘイ1ハイ1,
蒼(1),,467,,170,10,14,+44607+,/cang1,1サウ1(1ソウ1)1あを1(1あお1)1あをい1(1あおい1)1あわただしい1しげる1ふるびる1,
蒼(2),,467,,170,10,14,+44607+,/cang3,1サウ1(1ソウ1),
蒿,,467,,170,10,14,+44227+,/hao1,1カウ1(1コウ1)1よもぎ1つかれる1きえる1,
蓀,荃,468,456,170,10,14,+44493+,/sun1,1ソン1,
蓁,,468,,170,10,14,+44904+,/zhen1,1シン1しげみ1おほい1(1おおい1),
蓂,,468,,170,10,14,+44800+,/ming2,1ベイ1ミヤウ1(1ミョウ1),
蓄,畜,468,343,170,10,14,+44603+,/xu4,1チク1たくはへる1(1たくわえる1)1たくはへ1(1たくわえ1),
蓉,芙,468,449,170,10,14,+44608+,/yong2,1ヨウ1ユ1,
蓊(1),,468,,170,10,14,+44227+,/weng3,1ヲウ1(1オウ1)1ウ1,
蓊(2),,468,,170,10,14,+44227+,/weng1,1ヲウ1(1オウ1)1ウ1たう1(1とう1),
蓋(1),,468,,170,10,14,+44107+,/gai4,1カイ1(1ガイ1)1おほふ1(1おおう1)1ふた1かさ1けだし1,
蓋(2),盍,468,356,170,10,14,+44107+,/he2,1カフ1(1コウ1)1なんぞ1ざる1,
蓋(3),,468,,170,10,14,+44107+,/ge3,1カフ1(1コウ1),
蓍,,468,,170,10,14,+44601+,/shi1,1シ1めどはぎ1めどぎ1,
蓏,,468,,170,10,14,+44232+,/luo3,1ラ1,
蓐,,468,,170,10,14,+44243+,/ru4,1ジヨク1(1ジョク1)1ニヨク1(1ニョク1)1しとね1しきもの1,
蓑,,468,,170,10,14,+44732+,/suo1,1サ1みの1おほふ1(1おおう1),
蓓,,468,,170,10,14,+44261+,/bei4,1ハイ1バイ1,
蓇,,468,,170,10,14,+44227+,/gu3,1コツ1コチ1,
蒋(1),蔣,,470,170,10,13,+44242+,/jiang3,1シヤウ1(1ショウ1)1ザウ1(1ゾウ1)1こも1まこも1まさ1かつぎ1,
蒋(2),蔣,,470,170,10,13,+44242+,/jiang3,1シヤウ1(1ショウ1)1ザウ1(1ゾウ1),
蓣,蕷,,472,170,10,13,+44282+,/yu4,1ヨ1ながいも1やまのいも1じねんじよ1(1じねんじょ1),
蓟,薊,,473,170,10,13,+44120+,/ji4,1ケイ1カイ1あざみ1,
蓝,藍,,476,170,10,13,+44102+,/lan2,1ラン1あゐ1(1あい1),
蓠,蘺,,479,170,10,13,+44227+,/li2,1リ1,
蓆,席,480,474,170,10,14,+44227+,/xi2,1セキ1ジヤク1(1ジャク1)1むしろ1しく1せき1,
蒞,涖莅,480,290458,170,10,14,+44118+,/li4,1リ1のぞむ1おこなふ1(1おこなう1)1ゆく1,
31612,薶埋,,480091,170,10,14,+44214+,/mai2,1バイ1マイ1うめる1うまる1うもれる1うづめる1(1うずめる1)1うづもれる1(1うずもれる1),
蓧,,468,,170,11,15,+44294+,/tiao4,1テウ1(1チョウ1)1デウ1(1ジョウ1),
蓬,,468,,170,11,15,+44304+,/peng2,1ホウ1ブ1よもぎ1,
蓮,,469,,170,11,15,+44304+,/lian2,1レン1はす1はちす1,
蓯,,469,,170,11,15,+44281+,/cong1,1シヨウ1(1ショウ1)1シユ1(1シュ1),
蓰,,469,,170,11,15,+44281+,/xi3,1シ1,
蓴,,469,,170,11,15,+44343+,/chun2,1シユン1(1シュン1)1ジユン1(1ジュン1)1ぬなわ1じゆんさい1(1じゅんさい1),
蓷,,469,,170,11,15,+44514+,/tui1,1タイ1テ1スヰ1(1スイ1),
蔲,,469,,170,11,15,+44214+,/kou4,1コウ1ク1,
蓺(1),刈,469,040,170,11,15,+44117+,/yi4,1ゲイ1,
蓺(2),藝,469,476,170,11,15,+44117+,/yi4,1ゲイ1わざ1,
蓼(1),,469,,170,11,15,+44202+,/liao3,1レウ1(1リョウ1)1たで1,
蓼(2),,469,,170,11,15,+44202+,/lu4,1リク1ロク1,
蓽,,469,,170,11,15,+44504+,/bi4,1ヒツ1ヒチ1いばら1まめ1,
蓿,苜,469,452,170,11,15,+44261+,/su4,1シユク1(1シュク1),
蔑,,469,,170,11,15,+44253+,/mie4,1ベツ1メチ1ない1ないがしろ1さげすむ1くらい1ちいさい1,
蔓,,469,,170,11,15,+44407+,/wan4/man2/man4,1バン1マン1つる1のびる1からむ1はびこる1,
蔔(1),菔,470,460,170,11,15,+44627+,/bo1/bo2,1フク1ブク1,
蔔(2),薝,470,474,170,11,15,+44627+,/bo1/bo2,1フク1ブク1,
蔕,,470,,170,11,15,+44227+,/di4,1テイ1タイ1へた1うてな1とげ1ねもと1,
蔗,,470,,170,11,15,+44231+,/zhe4,1シヤ1(1シャ1)1シヨ1(1ショ1)1あまい1うまい1おもしろい1さたうきび1(1さとうきび1),
蔚(1),蒿,470,467,170,11,15,+44240+,/wei4,1ヰ1(1イ1)1ウツ1をとこよもぎ1(1おとこよもぎ1),
蔚(2),,470,,170,11,15,+44240+,/yu4,1ウツ1ウチ1,
蔞,,470,,170,11,15,+44404+,/lou2,1ロウ1ル1リユ1(1リュ1)1よもぎ1,
蔟(1),簇,470,393,170,11,15,+44234+,/cu4,1ソク1まぶし1あつまる1むらがる1,
蔟(2),,470,,170,11,15,+44234+,/cou4,1ソウ1ス1,
蔡,,470,,170,11,15,+44901+,/cai4,1サイ1,
蔣(1),,470,,170,11,15,+44242+,/jiang3,1シヤウ1(1ショウ1)1ザウ1(1ゾウ1)1こも1まこも1まさ1かつぎ1,
蔣(2),,470,,170,11,15,+44242+,/jiang3,1シヤウ1(1ショウ1)1ザウ1(1ゾウ1),
蔥,葱,470,465,170,11,15,+44336+,/cong1,1ソウ1ス1ねぎ1,
蔦,,470,,170,11,15,+44327+,/niao3,1テウ1(1チョウ1)1ネウ1(1ニョウ1)1つた1,
蔬,,470,,170,11,15,+44113+,/shu1/su1,1シヨ1(1ショ1)1ソ1な1あをもの1(1あおもの1)1あらい1こめつぶ1,
蔭,廕,470,152,170,11,15,+44231+,/yin4,1イン1オン1かげ1おかげ1おほふ1(1おおう1)1しげる1,
蔷(1),薔,,474,170,11,14,+44601+,/se4,1シヨク1(1ショク1)1シキ1みづたで1(1みずたで1),
蔷(2),薔,,474,170,11,14,+44601+,/qiang2,1シヤウ1(1ショウ1)1サウ1(1ソウ1)1ばら1,
蔼,藹,,477,170,11,14,+44727+,/ai3,1アイ1おほい1(1おおい1)1おだやか1さかん1,
蔺,藺,,477,170,11,14,+44227+,/lin4,1リン1ゐ1(1い1)1ゐぐさ1(1いぐさ1),
蓱,萍,480,462,170,11,15,+44141+,/ping2,1ヘイ1ビヤウ1(1ビョウ1)1うきくさ1よもぎ1,
蔆,菱,480,461,170,11,15,+44147+,/ling2,1リヨウ1(1リョウ1)1ひし1,
蔴,麻,480,648,170,11,15,+44294+,/ma2,1バ1マ1あさ1しびれる1,
蔽,,471,,170,12,16,+44248+,/bi4,1ヘイ1ベイ1かくす1おほふ1(1おおう1)1おほひ1(1おおい1)1おおはれる1(1おおわれる1)1くらい1さだめる1,
蔾,蒺,471,467,170,12,16,+44904+,/li2,1レイ1ライ1,
蕁,,471,,170,12,16,+44346+,/xun2,1タン1ドン1いらくさ1はなすげ1もづく1(1もずく1),
蕃,番,471,344,170,12,16,+44609+,/fan2,1ハン1ボン1バン1しげる1ふえる1まがき1えびす1,
蕆,,471,,170,12,16,+44253+,/chan3,1テン1,
蕈,菌,471,460,170,12,16,+44406+,/xun4,1シン1ジン1きのこ1くはたけ1(1くわたけ1),
蕉,芭,471,450,170,12,16,+44331+,/jiao1,1セウ1(1ショウ1),
蕊,,471,,170,12,16,+44904+,/rui3,1ズヰ1(1ズイ1)1ヌイ1しべ1,
蕎,,471,,170,12,16,+44227+,/qiao2,1ケウ1(1キョウ1)1ゲウ1(1ギョウ1),
蕑,,471,,170,12,16,+44227+,/jian1,1カン1ケン1,
蕓,,471,,170,12,16,+44731+,/yun2,1ウン1,
蕕,,471,,170,12,16,+44261+,/you2,1イウ1(1ユウ1)1ユ1くさい1くさみ1かりがねさう1(1かりがねそう1),
蕖,英,472,453,170,12,16,+44904+,/qu2,1キヨ1(1キョ1)1ゴ1,
蕘,,472,,170,12,16,+44211+,/rao2,1ゼウ1(1ジョウ1)1ネウ1(1ニョウ1)1たきぎ1しば1きこり1くさかり1,
蕙(1),薰,472,475,170,12,16,+44333+,/hui4,1ケイ1ヱ1(1エ1)1かをりぐさ1(1かおりぐさ1),
蕙(2),蘭,472,479,170,12,16,+44333+,/hui4,1ケイ1ヱ1(1エ1)1かをりぐさ1(1かおりぐさ1),
蕝,茅,472,454,170,12,16,+44917+,/jue2,1セイ1セツ1セチ1,
蕞,,472,,170,12,16,+44147+,/zui4,1サイ1ゼ1サツ1,
蕡,,472,,170,12,16,+44806+,/fen2,1フン1ブン1,
蕢,,472,,170,12,16,+44806+,/kui4,1キ1ギ1あじか1つちくれ1,
蕤,萎,472,462,170,12,16,+44231+,/rui2,1スヰ1(1スイ1)1ヌイ1かざり1,
蕨,,472,,170,12,16,+44282+,/jue2,1ケツ1クワチ1(1カチ1)1わらび1,
蕩,,472,,170,12,16,+44127+,/dang4,1タウ1(1トウ1)1ダウ1(1ドウ1)1あらふ1(1あらう1)1うごく1とろける1のびやか1はらふ1(1はらう1)1ほしいまま1みだす1,
蕪,,472,,170,12,16,+44331+,/wu2,1ブ1ム1あれる1かぶ1かぶら1しげる1みだれる1,
蔵(1),藏,,476,170,12,15,+44253+,/cang1,1サウ1(1ソウ1)1ザウ1(1ゾウ1)1かくす1かくれる1をさめる1(1おさめる1),
蔵(2),藏,,476,170,12,15,+44253+,/zang4,1サウ1(1ソウ1)1ザウ1(1ゾウ1)1くら1,
蕲,蘄,,478,170,12,15,+44521+,/qi2,1キ1ギ1くつわ1,
蕴(1),蘊,,478,170,12,15,+44112+,/yun4,1ウン1つむ1つつむ1たくはへる1(1たくわえる1),
蕴(2),蘊,,478,170,12,15,+44112+,/yun4,1ヲン1(1オン1),
蕋,蕊,480,471,170,12,16,+44111+,/rui3,1ズヰ1(1ズイ1)1ヌイ1しべ1,
蕷,薯,472,475,170,13,17,+44286+,/yu4,1ヨ1ながいも1やまのいも1じねんじよ1(1じねんじょ1),
蕻,,472,,170,13,17,+44781+,/hong2,1コウ1グ1,
蕹,,472,,170,13,17,+44714+,/yong1,1ヨウ1ユ1,
蕾,蓓,472,468,170,13,17,+44603+,/lei3,1ライ1つぼみ1つぼむ1,
薀,,472,,170,13,17,+44117+,/yun4,1ヲン1(1オン1),
薄(1),,473,,170,13,17,+44146+,/bo2/bao2,1ハク1バク1うすい1うすめる1うすまる1うすらぐ1うすれる1うすくする1うすんずる1まぶし1ここに1すすき1,
薄(2),,473,,170,13,17,+44146+,/bo4,1ハク1バク1せまる1,
薇,,473,,170,13,17,+44248+,/wei2,1ビ1ミ1ぜんまい1のゑんどう1(1のえんどう1),
薈,,473,,170,13,17,+44606+,/hui4,1ワイ1ヱ1(1エ1)1しげる1あつまる1くさむら1,
薊,,473,,170,13,17,+44320+,/ji4,1ケイ1カイ1あざみ1,
薌,香,473,624,170,13,17,+44727+,/xiang1,1キヤウ1(1キョウ1)1カウ1(1コウ1),
薏,苡,473,452,170,13,17,+44336+,/yi4,1ヨク1オキ1イ1,
薐,菠,473,460,170,13,17,+44947+,/leng2,1リヨウ1(1リョウ1),
薑,,473,,170,13,17,+44106+,/qiang1,1キヤウ1(1キヨウ1)1カウ1(1コウ1)1はじかみ1しやうが1(1しょうが1),
薓,參,473,058,170,13,17,+44147+,/shen1,1シン1,
薔(1),,474,,170,13,17,+44601+,/se4,1シヨク1(1ショク1)1シキ1みづたで1(1みずたで1),
薔(2),,474,,170,13,17,+44601+,/qiang2,1シヤウ1(1ショウ1)1サウ1(1ソウ1)1ばら1,
薘,菾,474,462,170,13,17,+44304+,/da2,1タツ1タチ1,
薙,,474,,170,13,17,+44414+,/ti4,1テイ1タイ1かる1なぐ1なぎ1そる1,
薛,,474,,170,13,17,+44741+,/xue1,1セツ1セチ1かはらよもぎ1(1かわらよもぎ1)1はますげ1,
薜,,474,,170,13,17,+44641+,/bi4,1ヘイ1バイ1かづら1(1かずら1)1まさきのかづら1(1まさきのかずら1),
薝,,474,,170,13,17,+44261+,/dan3,1タン1セン1,
薟,豨,474,528,170,13,17,+44886+,/lian3,1セン1,
薢,萆,474,462,170,13,17,+44252+,/xie4,1カイ1,
薤,,474,,170,13,17,+44211+,/xie4,1カイ1ガイ1にら1おほにら1(1おおにら1)1らつきよう1(1らっきょう1),
薦,荐,474,456,170,13,17,+44227+,/jian4,1セン1こも1しきりに1しきりに1すすめる1,
薧(1),蒿,474,467,170,13,17,+44211+,/hao1,1カウ1(1コウ1),
薧(2),,474,,170,13,17,+44211+,/kao3,1カウ1(1コウ1),
薨,,474,,170,13,17,+44211+,/hong1,1コウ1みまかる1しぬ1,
薪,,474,,170,13,17,+44921+,/xin1,1シン1たきぎ1まき1,
薫,薰,,474,170,13,16,+44331+,/xun1,1クン1かをりぐさ1(1かおりぐさ1)1かをり1(1かおり1)1かをる1(1かおる1)1たく1くすべる1,
薬,藥,,477,170,13,16,+44904+,/yao4,1ヤク1くすり1いやす1,
薮,藪,,477,170,13,16,+44448+,/sou3,1ソウ1ス1さは1(1さわ1)1やぶ1,
薩,菩,475,461,170,14,18,+44214+,/sa1,1サツ1サチ1,
蕭,,475,,170,14,18,+44227+,/xiao1,1セウ1(1ショウ1)1よもぎ1しづか1(1しずか1)1ものさびしい1,
薯,,475,,170,14,18,+44604+,/shu3,1シヨ1(1ショ1)1いも1,
薰,,475,,170,14,18,+44331+,/xun1,1クン1かをりぐさ1(1かおりぐさ1)1かをり1(1かおり1)1かをる1(1かおる1)1たく1くすべる1,
薷,,475,,170,14,18,+44227+,/ru2,1ジユ1(1ジュ1),
薸,,475,,170,14,18,+44191+,/piao2,1ヘウ1(1ヒョウ1)1ベウ1(1ビョウ1),
薹,,475,,170,14,18,+44104+,/tai2,1タイ1ダイ1たう1(1とう1)1あぶらな1はますげ1,
薺,,475,,170,14,18,+44223+,/ji4,1セイ1ザイ1なづな1(1なずな1)1はまびし1,
藁,稿,475,378,170,14,18,+44904+,/gao3,1カウ1(1コウ1)1わら1,
藉(1),,475,,170,14,18,+44961+,/jie4,1シヤ1(1シャ1)1ジヤ1(1ジャ1)1むしろ1しく1よる1かりる1かす1かこつける1ゆるす1,
藉(2),籍,475,395,170,14,18,+44961+,/ji2,1セキ1ジヤク1(1ジャク1)1ふむ1,
藊,扁,476,184,170,14,18,+44927+,/bian3,1ヘン1ふぢまめ1(1ふじまめ1),
藍,,476,,170,14,18,+44107+,/lan2,1ラン1あゐ1(1あい1),
藎,,476,,170,14,18,+44107+,/jin4,1シン1ジン1かりやす1,
藏(1),,476,,170,14,18,+44253+,/cang1,1サウ1(1ソウ1)1ザウ1(1ゾウ1)1かくす1かくれる1をさめる1(1おさめる1),
藏(2),,476,,170,14,18,+44253+,/zang4,1サウ1(1ソウ1)1ザウ1(1ゾウ1)1くら1,
藐,,476,,170,14,18,+44216+,/miao3,1ベウ1(1ビョウ1)1メウ1(1ミョウ1)1バク1マク1ちいさい1かろんじる1かろんずる1さげすむ1うつくしい1とほい1(1とおい1)1はるか1,
薻,藻,480,477,170,14,18,+44194+,/zao3,1サウ1(1ソウ1)1も1あや1かぎり1,
薶,埋,480,091,170,14,18,+44214+,/mai2,1バイ1マイ1うめる1うまる1うもれる1うづめる1(1うずめる1)1うづもれる1(1うずもれる1),
藂,叢,480,059,170,14,18,+44232+,/cong1/cong2,1ソウ1ス1くさむら1むらがる1,
藕,,476,,170,15,19,+44927+,/ou3,1ゴウ1グ1グウ1はす1はすね1はすのね1,
藜,,476,,170,15,19,+44132+,/li2,1レイ1ライ1あかざ1,
藝,蓺,476,469,170,15,19,+44731+,/yi4,1ゲイ1わざ1うゑる1(1うえる1),
藟,葛,477,464,170,15,19,+44666+,/lei3,1ルヰ1(1ルイ1),
藤,,477,,170,15,19,+44232+,/teng2,1トウ1ドウ1ふぢ1(1ふじ1),
藥,,477,,170,15,19,+44904+,/yao4,1ヤク1くすり1いやす1,
藩,,477,,170,15,19,+44169+,/fan2,1ハン1ボン1まがき1,
藪,,477,,170,15,19,+44448+,/sou3,1ソウ1ス1さは1(1さわ1)1やぶ1,
藭,芎,477,449,170,15,19,+44227+,/qiong2,1キユウ1(1キュウ1),
32322,蘆,477,478,170,15,19,+44247+,/fei4,1ハイ1,
藶,葶,477,465,170,16,20,+44211+,/li2,1レキ1リヤク1(1リャク1),
藹,,477,,170,16,20,+44627+,/ai3,1アイ1おほい1(1おおい1)1おだやか1さかん1,
藺,,477,,170,16,20,+44227+,/lin4,1リン1ゐ1(1い1)1ゐぐさ1(1いぐさ1),
藻,,477,,170,16,20,+44194+,/zao3,1サウ1(1ソウ1)1も1あや1かぎり1,
藿,,477,,170,16,20,+44214+,/huo4,1クワク1(1カク1)1まめのは1,
蘀,,478,,170,16,20,+44541+,/tuo4,1タク1,
蘄,,478,,170,16,20,+44521+,/qi2,1キ1ギ1くつわ1,
蘅,,478,,170,16,20,+44221+,/heng2,1カウ1(1コウ1)1ギヤウ1(1ギョウ1),
蘆(1),蒲,478,466,170,16,20,+44217+,/lu2,1ロ1あし1よし1,
蘆(2),菔,478,460,170,16,20,+44217+,/luo2,1ラ1,
蘇,甦,478,341,170,16,20,+44394+,/su1,1ソ1ス1よみがへる1(1よみがえる1),
蘊(1),,478,,170,16,20,+44917+,/yun4,1ウン1つむ1つつむ1たくはへる1(1たくわえる1),
蘊(2),醞,478,572,170,16,20,+44917+,/yun4,1ヲン1(1オン1),
蘋,柰,478,241,170,16,20,+44286+,/pin2,1ヒン1ビン1うきくさ1かたばみも1,
蘑,,478,,170,16,20,+44261+,/mo2,1マ1,
32393,藐,480,476,170,16,20,+44286+,/miao3,1ベウ1(1ビョウ1)1メウ1(1ミョウ1)1バク1マク1ちいさい1かろんじる1かろんずる1さげすむ1うつくしい1とほい1(1とおい1)1はるか1,
藼,萱,480,463,170,16,20,+44336+,/xuan1,1ケン1クワン1(1カン1)1いつはる1(1いつわる1)1わすれる1,
藷,薯,480,475,170,16,20,+44664+,/shu3,1シヨ1(1ショ1)1いも1,
蘂,蕊,480,471,170,16,20,+44333+,/rui3,1ズヰ1(1ズイ1)1ヌイ1しべ1,
蘐,萱,480,463,170,16,20,+44647+,/xuan1,1ケン1クワン1(1カン1)1いつはる1(1いつわる1)1わすれる1,
孽,孼,480,119,170,16,20,+44407+,/nie4,1ケツ1ゲチ1ひこばえ1わきばら1わざはひ1(1わざわい1),
蘖,櫱,478,264,170,17,21,+44904+,/nie4,1ゲツ1ゲチ1ひこばえ1,
蘗,,478,,170,17,21,+44904+,/bo4,1ハク1ヒヤク1(1ヒャク1)1きはだ1きわだ1,
蘘,,479,,170,17,21,+44732+,/rang2,1ジヤウ1(1ジョウ1)1ニヤウ1(1ニョウ1)1めうが1(1みょうが1),
蘚,苔,479,452,170,17,21,+44351+,/xian3,1セン1こけ1,
蘞(1),,479,,170,17,21,+44848+,/lian4,1レン1えぐい1,
蘞(2),,479,,170,17,21,+44848+,/lian4,1レン1,
蘧,,479,,170,17,21,+44303+,/qu2,1キヨ1(1キョ1)1ゴ1まこもだけ1,
蘩,,479,,170,17,21,+44903+,/fan2,1ハン1ボン1しろよもぎ1ふき1,
蘭,蕑,479,471,170,17,21,+44227+,/lan2,1ラン1あららぎ1ふぢばかま1(1ふじばかま1),
蘤,花,480,451,170,17,21,+44627+,/hua2,1クワ1(1カ1)1ゲ1ケ1はな1はなやか1しろい1,
蘸,,479,,170,19,23,+44331+,/zhan4,1サン1ひたす1,
蘺,,479,,170,19,23,+44214+,/li2,1リ1,
蘼,,479,,170,19,23,+44211+,/mi2,1ビ1ミ1,
蘿,菔,480,460,170,19,23,+44914+,/luo2,1ラ1かづら1(1かずら1)1つた1つたかづら1(1つたかずら1)1つのよもぎ1,
虀,,480,,170,19,23,+44101+,/ji1,1セイ1サイ1,
夔,虁,480,100,170,19,23,+44407+,/kui2,1キ1ギ1,
虆,,480,,170,21,25,+44903+,/lei2/luo2,1ルヰ1(1ルイ1),
32638,虀,480,480,170,22,26,+44223+,/ji1,1セイ1サイ1,
虍,,480,,171,0,6,+21214+,/hu1,1コ1ク1とら1とらかんむり1とらがしら1,
虎,,480,,171,2,8,+21217+,/hu3,1コ1ク1とら1,
虐,,480,,171,3,9,+21211+,/nve4,1ギヤク1(1ギャク1)1しいたげる1むごい1そこなふ1(1そこなう1),
虒,,480,,171,4,10,+72217+,/si1,1シ1つのとら1,
虓,,481,,171,4,10,+41011+,/xiao1,1カウ1(1コウ1)1ケウ1(1キョウ1)1ほえる1,
虔,,481,,171,4,10,+21240+,/qian2,1ケン1ゲン1かたい1つつしむ1しひる1(1しいる1)1うばふ1(1うばう1)1ころす1,
處(1),,481,,171,5,11,+21241+,/chu3,1シヨ1(1ショ1)1ソ1をる1(1おる1)1おく1,
處(2),,481,,171,5,11,+21241+,/chu4,1シヨ1(1ショ1)1ソ1ところ1,
虖,,481,,171,5,11,+21249+,/hu1,1コ1ク1,
虙,宓伏,482,121014,171,5,11,+21231+,/fu2,1フク1ブク1かくれる1したがふ1(1したがう1)1ふす1ふせる1,
32707(1),處,,481,171,5,11,+21257+,/chu3,1シヨ1(1ショ1)1ソ1をる1(1おる1)1おく1,
32707(2),處,,481,171,5,11,+21257+,/chu4,1シヨ1(1ショ1)1ソ1ところ1,
虛(1),,481,,171,6,12,+21212+,/xu1,1キヨ1(1キョ1)1コ1,
虛(2),,481,,171,6,12,+21212+,/xu1,1キヨ1(1キョ1)1コ1いつはり1(1いつわり1)1うつろ1うろ1むなしい1,
虚(1),虛,,481,171,6,12,+21212+,/xu1,1キヨ1(1キョ1)1コ1,
虚(2),虛,,481,171,6,12,+21212+,/xu1,1キヨ1(1キョ1)1コ1いつはり1(1いつわり1)1うつろ1うろ1むなしい1,
虜,,481,,171,6,12,+21227+,/luo3/lu3,1とりこ1しもべ1つよい1えびす1,
虞,,482,,171,7,13,+21281+,/yu2,1グ1はかる1おもんぱかる1うれえる1おそれ1おそれる1,
號(1),,482,,171,7,13,+61211+,/hao2,1カウ1(1コウ1)1ガウ1(1ゴウ1)1さけぶ1,
號(2),,482,,171,7,13,+61211+,/hao4,1カウ1(1コウ1)1ガウ1(1ゴウ1)1よびな1,
虡,,482,,171,8,14,+21281+,/ju4,1キヨ1(1キョ1)1コ1,
虢,,482,,171,9,15,+21311+,/guo2,1クワク1(1カク1),
虧,,482,,171,11,17,+21227+,/kui1,1キ1かける1かく1,
虫(1),虺,482,482,172,0,6,+50136+,/hui3,1キ1まむし1,
虫(2),蟲,482,493,172,0,6,+50136+,/chong2,1チユウ1(1チュウ1)1むし1,
虬,虯,496,482,172,1,7,+52110+,/qiu2,1キウ1(1キュウ1)1グ1,
虯,,482,,172,2,8,+52100+,/qiu2,1キウ1(1キュウ1)1グ1,
虱,蝨,482,490,172,2,8,+17110+,/shi1,1シツ1シチ1しらみ1,
虹,,482,,172,3,9,+51110+,/hong2/jiang4,1コウ1グ1にじ1はし1,
虺(1),,482,,172,3,9,+15213+,/hui3,1キ1まむし1,
虺(2),,482,,172,3,9,+15213+,/hui1,1クワイ1(1カイ1)1ケ1,
蚀,蝕,,489,172,3,9,+25736+,/shi2,1シヨク1(1ショク1)1ジキ1むしばむ1,
虾,蝦,,490,172,3,9,+51130+,/xia1,1カ1ゲ1えび1がま1,
蚂(1),螞,,491,172,3,9,+57127+,/ma1/ma2/ma3,1バ1メ1,
蚂(2),螞,,491,172,3,9,+57127+,/ma1/ma2/ma3,1バ1メ1,
蚁,蟻,,493,172,3,9,+54103+,/yi3,1イ1あり1くろ1くろい1,
蚃,蠁,,494,172,3,9,+20136+,/xiang3,1キヤウ1(1キョウ1)1カウ1(1コウ1)さし1にしどち1,
虿,蠆,,494,172,3,9,+10136+,/chai4,1タイ1さそり1,
32836,蝱,496,490,172,3,9,+00136+,/meng2,1バウ1(1ボウ1)1ミヤウ1(1ミョウ1)1あぶ1,
虻,蝱,,490,172,3,9,+50110+,/meng2,1バウ1(1ボウ1)1ミヤウ1(1ミョウ1)1あぶ1,
蚊,,483,,172,4,10,+50140+,/wen2,1ブン1モン1か1,
蚋,,483,,172,4,10,+54127+,/rui4,1ゼイ1ネイ1ぶよ1ぶゆ1ぶと1,
蚌,,483,,172,4,10,+55100+,/bang4,1ハウ1(1ホウ1)1バウ1(1ボウ1)1はまぐり1からすがい1どぶがい1,
蚍,,483,,172,4,10,+51110+52110+,/pi2,1ヒ1ビ1,
蚑,,483,,172,4,10,+54147+,/qi2,1キ1ギ1はふ1(1はう1),
蚓,蚯,483,484,172,4,10,+52100+,/yin3,1イン1みみず1,
蚕(1),,483,,172,4,10,+10136+,/tian3,1テン1みみず1,
蚕(2),蠶,483,496,172,4,10,+10136+,/can2,1サン1ザン1かひこ1(1かいこ1)1こかひする1(1こかいする1),
蚜,,483,,172,4,10,+51140+,/ya2,1カ1ケ1,
蚣,,483,,172,4,10,+58132+,/gong1,1コウ1(1ク1),
蚤,早,483,221,172,4,10,+17136+,/zao3,1サウ1(1ソウ1)1のみ1はやい1つめ1,
蚦,,483,,172,4,10,+57150+,/ran2,1ゼン1ネン1,
蚧,,483,,172,4,10,+58120+,/jian4,1カイ1ケ1,
蚨,,483,,172,4,10,+55130+,/fu2,1フ1ブ1,
蚩,,483,,172,4,10,+22136+,/chi1,1シ1おろか1あなどる1みだれる1みにくい1むし1,
蚪,,484,,172,4,10,+54100+,/dou3,1トウ1ツ1ト1,
蚬,蜆,,487,172,4,10,+57112+,/xian3,1ケン1ゲン1しじみ1みのむし1,
蚘,蛔,496,485,172,4,10,+53114+,/hui2,1クワイ1(1カイ1)1はらのむし1,
蚯,蚓,484,483,172,5,11,+52111+,/qiu1,1キウ1(1キュウ1)1ク1,
蚰,蜒,484,487,172,5,11,+55160+,/you2,1イウ1(1ユウ1)1ユ1,
蚱,,484,,172,5,11,+58111+,/za4,1サク1シヤク1(1シャク1),
蚳,,484,,172,5,11,+52140+,/chi2,1チ1ヂ1(1ジ1),
蚶,,484,,172,5,11,+54170+,/han1,1カン1あかがい1,
蚿,,484,,172,5,11,+50132+,/xian2,1ゲン1,
蛀,,484,,172,5,11,+50114+,/zhu4,1シユ1(1シュ1),
蛄(1),螻,484,492,172,5,11,+54160+,/gu1,1コ1ク1,
蛄(2),蟪,484,493,172,5,11,+54160+,/gu1,1コ1ク1,
蛆,,484,,172,5,11,+57110+,/qu1,1シヨ1(1ショ1)1ソ1うじ1,
蛇(1),,484,,172,5,11,+53111+,/she2,1シヤ1(1シャ1)1ジヤ1(1ジャ1)1へび1,
蛇(2),委,484,108,172,5,11,+53111+,/yi2,1イ1,
蛉(1),蜻,485,488,172,5,11,+58137+,/ling2,1レイ1リヤウ1(1リョウ1),
蛉(2),螟,485,491,172,5,11,+58137+,/ling2,1レイ1リヤウ1(1リョウ1),
蛋,蜑,485,487,172,5,11,+17136+,/dan4,1タン1ダン1,
蛍,螢,,491,172,5,11,+32136+,/ying2,1ケイ1キヤウ1(1キョウ1)1ほたる1,
蛏,蟶,,493,172,5,11,+57114+,/cheng1,1テイ1チヤウ1(1チョウ1)1まて1まてがひ1(1まてがい1),
蛎,蠣,,495,172,5,11,+51127+,/li4,1レイ1ライ1かき1,
蛊,蠱,,495,172,5,11,+50102+,/gu3,1コ1そこなふ1(1そこなう1)1まじなひ1(1まじない1)1まどわす1,
蚺,蚦,496,483,172,5,11,+55157+,/ran2,1ゼン1ネン1,
蛑,,485,,172,6,12,+53150+,/mou2,1ボウ1ム1,
蛔,,485,,172,6,12,+56100+,/hui2,1クワイ1(1カイ1)1はらのむし1,
蛘,,485,,172,6,12,+58151+,/yang3,1ヤウ1(1ヨウ1),
蛙,,485,,172,6,12,+54114+,/wa1,1ワ1ヱ1(1エ1)1ア1かへる1(1かえる1)1かはず1(1かわず1)1さわがしい1みだら1,
蛛,蜘,485,487,172,6,12,+55190+,/zhu1,1チユ1(1チュ1)1シユ1(1シュ1)1くも1,
蛞,,485,,172,6,12,+52164+,/kuo4,1クワツ1(1カツ1)1クワチ1(1カチ1)1おたまじやくし1(1おたまじゃくし1),
蛟,,485,,172,6,12,+50148+,/jiao1,1カウ1(1コウ1)1ケウ1(1キョウ1)1みづち1(1みずち1),
蛣,蜋,485,487,172,6,12,+54161+,/ji1/qi1,1キツ1キチ1,
蛤,,485,,172,6,12,+58161+,/ge2,1カフ1(1コウ1)1はまぐり1,
蛩,,486,,172,6,12,+17136+,/qiong2,1キヨウ1(1キョウ1)1グ1こほろぎ1(1こおろぎ1),
蛭,,486,,172,6,12,+51114+,/zhi4,1シツ11シチ1チツ1チチ1テツ1デチ1ひる1,
蛰,蟄,,492,172,6,12,+55136+,/zhi2/zhe2,1チフ1(1チュウ1)1ヂフ1(1ジュウ1)1シフ1(1シュウ1)1チツ1かくれる1こもる1とぢこもる1(1とじこもる1),
蛲,蟯,,493,172,6,12,+55112+,/rao2,1ゼウ1(1ジョウ1)1ネウ1(1ニョウ1)1ゲウ1(1ギョウ1),
蛴(1),蠐,,494,172,6,12,+50124+,/qi2,1セイ1サイ1,
蛴(2),蠐,,494,172,6,12,+50124+,/qi2,1セイ1サイ1,
蛮,蠻,,496,172,6,12,+00136+,/man2,1バン1マン1えびす1,
蛕,蛔,496,485,172,6,12,+54127+,/hui2,1クワイ1(1カイ1)1はらのむし1,
蛸,蠨,486,495,172,7,13,+59127+,/shao1,1サウ1(1ソウ1)1セウ1(1ショウ1)1たこ1,
蛹,,486,,172,7,13,+57127+,/yong3,1ヨウ1ユ1さなぎ1,
蛺,蝶,486,490,172,7,13,+54138+,/jia2,1ケフ1(1キョウ1),
蛻,,486,,172,7,13,+58116+,/shui4/tui4,1セイ1タイ1テ1ぬけがら1もぬけ1もぬける1ぬぐ1,
蛼,螯,486,491,172,7,13,+55106+,/che1,1シヤ1(1シャ1),
蛾(1),,486,,172,7,13,+53150+,/e2,1ガ1まゆげ1,
蛾(2),蟻,486,493,172,7,13,+53150+,/e2,1ガ1あり1,
蜀,蠋,486,494,172,7,13,+60127+,/shu3,1シヨク1(1ショク1)1ゾク1あおむし1(1あおむし1)1いもむし1とうまる1,
蜂,,486,,172,7,13,+57154+,/feng1,1ホウ1フ1はち1むらがる1,
蜃,,486,,172,7,13,+71136+,/shen4,1シン1ジン1おほはまぐり1(1おおはまぐり1)1みづち1(1みずち1),
蜆,,487,,172,7,13,+56110+,/xian3,1ケン1ゲン1しじみ1みのむし1,
蜇,,487,,172,7,13,+52136+,/zhe2,1テツ1テチ1,
蜈,蚣,487,483,172,7,13,+56134+,/wu2,1ゴ1,
蜉,蚍,487,483,172,7,13,+52147+,/fu2,1フウ1ブ1フ1,
蜊,蛉,487,485,172,7,13,+52100+,/li2,1リ1あさり1,
蜋(1),螳,487,491,172,7,13,+53132+,/lang2,1ラウ1(1ロウ1),
蜋(2),蜣,487,488,172,7,13,+53132+,/lang2,1ラウ1(1ロウ1),
蜍,蟾,487,494,172,7,13,+58194+,/chu2,1シヨ1(1ショ1)1ジヨ1(1ジョ1),
蜎,娟,487,110,172,7,13,+56127+,/yuan1,1ケン1ぼうふら1ふるふ1(1ふるう1)1うつくしい1,
蜑,蛋,487,485,172,7,13,+12136+,/dan4,1タン1ダン1あま1えびす1,
蜒,蚰,487,484,172,7,13,+52141+,/yan2,1エン1なめくぢ1(1なめくじ1),
蜓(1),蜻,487,488,172,7,13,+52141+,/ting2,1テイ1チヤウ1(1チョウ1),
蜓(2),蝘,487,489,172,7,13,+52141+,/ting2,1テイ1チヤウ1(1チョウ1),
蜘,蛛,487,485,172,8,14,+56100+,/zhi1,1チ1くも1,
蜚(1),,487,,172,8,14,+11136+,/fei3,1あぶらむし1ごきぶり1,
蜚(2),飛,487,619,172,8,14,+11136+,/fei1,1とぶ1,
蜜,,487,,172,8,14,+30136+,/mi4,1ビツ1ミチ1ミツ1,
蜞,,488,,172,8,14,+54181+,/qi2,1キ1ギ1,
蜡(1),,488,,172,8,14,+54161+,/zha4,1サ1ジヤ1(1ジャ1),
蜡(2),蠟,,495,172,8,14,+54161+,/la4,1ラフ1(1ロウ1),
蜢,蚱,488,484,172,8,14,+57117+,/meng3,1バウ1(1ボウ1)1ミヤウ1(1ミョウ1),
蜣,,488,,172,8,14,+58111+,/qiang1,1キヤウ1(1キョウ1)1カウ1(1コウ1),
蜥,,488,,172,8,14,+52121+,/xi1,1セキ1シヤク1(1シャク1),
蜩,,488,,172,8,14,+57120+,/tiao2,1テウ1(1チョウ1)1デウ1(1ジョウ1)1せみ1ひぐらし1,
蜮,,488,,172,8,14,+53150+,/yu4,1ヨク1ヰキ1(1イキ1),
蜰,,488,,172,8,14,+77136+,/fei1/fei3/fei2,1ヒ1,
蜴,,488,,172,8,14,+56127+,/yi4,1エキ1ヤク1とかげ1,
蜷,,488,,172,8,14,+59112+,/quan2,1ケン1ゲン1まがる1にな1,
蜻,,488,,172,8,14,+55127+,/qing1,1セイ1シヤウ1(1ショウ1),
蜼,,488,,172,8,14,+50114+,/wei4/yu4,1ルイ1イウ1(1ユウ1)1ユ1,
蜾,,488,,172,8,14,+56194+,/guo3,1クワ1(1カ1)1じがばち1,
蜿(1),,488,,172,8,14,+53112+,/wan1,1ヱン1(1エン1)1ヲン1(1オン1),
蜿(2),,488,,172,8,14,+53112+,/yuan3,1ヱン1(1エン1)1ヲン1(1オン1),
蝀,,488,,172,8,14,+55196+,/dong1,1トウ1ヅ1(1ズ1),
蝃,螮,488,491,172,8,14,+57147+,/di4,1テイ1タイ1,
蝈,蟈,,492,172,8,14,+56100+,/guo1,1カク1,
蝉,蟬,,493,172,8,14,+56156+,/chan2,1セン1ゼン1せみ1つづく1うつくしい1,
蝇,蠅,,494,172,8,14,+56116+,/ying2,1ヨウ1はへ1(1はえ1),
蜹,蚋,496,483,172,8,14,+54127+,/rui4,1ゼイ1ネイ1ぶよ1ぶゆ1ぶと1,
蜺,霓,496,607,172,8,14,+57117+,/ni2,1ゲイ1ガイ1にじ1,
蜨,蝶,496,490,172,8,14,+55181+,/die2,1テフ1(1チョウ1)1デフ1(1ジョウ1),
蝌,,488,,172,9,15,+54100+,/ke1,1クワ1(1カ1),
蝎(1),,488,,172,9,15,+56127+,/he2,1カツ1ガチ1さそり1,
蝎(2),蠍,488,494,172,9,15,+56127+,/xie1,1ケツ1ゲチ1,
蝓,蛞,489,485,172,9,15,+58121+,/yu2,1ユ1,
蝕,,489,,172,9,15,+85736+,/shi2,1シヨク1(1ショク1)1ジキ1むしばむ1,
蝗,,489,,172,9,15,+56114+,/huang2,1クワウ1(1コウ1)1ワウ1(1オウ1)1いなご1,
蝘,,489,,172,9,15,+51114+,/yan3,1エン1なつぜみ1,
蝙,,489,,172,9,15,+53127+,/bian1/bian3,1ヘン1かうもり1(1こうもり1),
蝟,,489,,172,9,15,+56127+,/wei4,1ヰ1(1イ1)1はりねずみ1むらがる1,
蝠,蝙,489,489,172,9,15,+51166+,/fu2,1フク1まむし1,
蝡,,489,,172,9,15,+51134+,/ruan3,1ゼン1ネン1,
蝣,蜉,489,487,172,9,15,+58147+,/you2,1イウ1(1ユウ1)1ユ1,
蝤(1),,489,,172,9,15,+58161+,/qiu2,1シウ1(1シュウ1)1ジユ1(1ジュ1),
蝤(2),,489,,172,9,15,+58161+,/jiu1,1シウ1(1シュウ1)1シユ1(1シュ1),
蝤(3),蝣,489,489,172,9,15,+58161+,/you2,1イウ1(1ユウ1)1ユ1,
蝥(1),,489,,172,9,15,+18136+,/mao2,1ボウ1ム1,
蝥(2),斑,489,214,172,9,15,+18136+,/mao2,1バウ1(1ボウ1)1メウ1(1ミョウ1),
蝦,,490,,172,9,15,+57147+,/xia1,1カ1ゲ1えび1がま1,
蝨,虱,490,482,172,9,15,+17136+,/shi1,1シツ1シチ1しらみ1,
蝮,,490,,172,9,15,+58147+,/fu4,1フク1まむし1,
蝱,,490,,172,9,15,+00136+,/meng2,1バウ1(1ボウ1)1ミヤウ1(1ミョウ1)1あぶ1,
蝴,蝶,490,490,172,9,15,+57120+,/hu2,1コ1ゴ1,
蝶,蝴,490,490,172,9,15,+54194+,/die2,1テフ1(1チョウ1)1デフ1(1ジョウ1),
蝸,,490,,172,9,15,+57127+,/gua1,1クワ1(1カ1)1ケ1かたつむり1にし1にな1,
蝻,蝗,490,489,172,9,15,+54127+,/nan3,1ナン1,
蝼,螻,,492,172,9,15,+59144+,/lou2,1ロウ1ル1,
螀,螿,,492,172,9,15,+37136+,/jiang1,1シヤウ1(1ショウ1)1サウ1(1ソウ1),
蝉,蟬,,493,172,9,15,+56156+,/chan2,1セン1ゼン1せみ1つづく1うつくしい1,
蝿,蠅,,494,172,9,15,+57117+,/ying2,1ヨウ1はへ1(1はえ1),
蝾,蠑,,494,172,9,15,+54194+,/rong2,1エイ1ヤウ1(1ヨウ1),
蝯,猿,496,329,172,9,15,+52147+,/yuan2,1ヱン1(1エン1)1ヲン1(1オン1)1さる1ましら1,
螃,蜞,490,488,172,10,16,+50127+,/pang2,1ハウ1(1ホウ1)1バウ1(1ボウ1),
螄,螺,490,492,172,10,16,+51127+,/si1,1シ1,
螈,蠑,490,494,172,10,16,+51196+,/yuan2,1ゲン1グワン1(1ガン1)1なつご1,
螋,蠼,490,496,172,10,16,+57147+,/sou1,1シウ1(1シュウ1)1シユ1(1シュ1),
融,,490,,172,10,16,+15236+,/yong2,1ユウ1ユ1とける1とほる1(1とおる1),
螓,,491,,172,10,16,+55194+,/qin2,1シン1ジン1なつぜみ1むぎわらぜみ1,
螗,,491,,172,10,16,+50167+,/tang2,1タウ1(1トウ1)1ダウ1(1ドウ1)1なつぜみ1,
螞(1),蛭,491,486,172,10,16,+51127+,/ma1/ma2/ma3,1バ1メ1,
螞(2),蟻,491,493,172,10,16,+51127+,/ma1/ma2/ma3,1バ1メ1,
螟,,491,,172,10,16,+57180+,/ming2,1ベイ1ミヤウ1(1ミョウ1)1ずいむし1くきむし1,
螢,,491,,172,10,16,+99136+,/ying2,1ケイ1キヤウ1(1キョウ1)1ほたる1,
螣(1),,491,,172,10,16,+79236+,/teng2,1トウ1ドウ1,
螣(2),,491,,172,10,16,+79236+,/te4,1トク1ドク1,
螂(1),蜋,496,487,172,10,16,+57127+,/lang2,1ラウ1(1ロウ1),
螂(2),蜋,496,487,172,10,16,+57127+,/lang2,1ラウ1(1ロウ1),
螙,蠹,496,496,172,10,16,+40136+,/du4,1ト1ヅ1(1ズ1)1きくいむし1しみ1そこなふ1(1そこなう1)1むしばむ1,
螡,蚊,496,483,172,10,16,+00136+,/wen2,1ブン1モン1か1,
螘,蟻,496,493,172,10,16,+52118+,/yi3,1イ1あり1くろ1くろい1,
螫,,491,,172,11,17,+48136+,/shi4/zhe1,1セキ1シヤク1(1シャク1)1さす1どく1,
螬,蠐,491,494,172,11,17,+55166+,/cao2,1サウ1(1ソウ1)1ザウ1(1ゾウ1),
螭,,491,,172,11,17,+50127+,/chi1,1チ1みづち1(1みずち1),
螮,,491,,172,11,17,+54127+,/di4,1テイ1タイ1,
螯,,491,,172,11,17,+48136+,/ao2,1ガウ1(1ゴウ1)1はさみ1,
螳,,491,,172,11,17,+59114+,/tang2,1タウ1(1トウ1)1ダウ1(1ドウ1),
螵,,492,,172,11,17,+51191+,/piao1,1ヘウ1(1ヒョウ1)1ベウ1(1ビョウ1),
螺,蠃,492,494,172,11,17,+56193+,/luo2,1ラ1つぶ1にし1にな1ほらがひ1(1ほらがい1),
螻,蛄,492,484,172,11,17,+55144+,/lou2,1ロウ1ル1,
螽,,492,,172,11,17,+27136+,/zhong1,1シユウ1(1シュウ1)1シユ1(1シュ1)1いなご1きりぎりす1はたおりむし1,
螿,,492,,172,11,17,+27136+,/jiang1,1シヤウ1(1ショウ1)1サウ1(1ソウ1),
蟀,,492,,172,11,17,+50143+,/shuo4/shuai4,1シユツ1(1シュツ1)1シユチ1(1シュチ1),
蟄,,492,,172,11,17,+45136+,/zhi2/zhe2,1チフ1(1チュウ1)1ヂフ1(1ジュウ1)1シフ1(1シュウ1)1チツ1かくれる1こもる1とぢこもる1(1とじこもる1),
蟆,蛙,492,485,172,11,17,+54134+,/mai/ma2,1マ1がま1ひき1ひきがへる1(1ひきがえる1),
蟈,,492,,172,11,17,+56100+,/guo1,1カク1,
蟋,,492,,172,11,17,+52139+,/xi1,1シツ1シチ1,
蟏,蠨,,495,172,11,17,+54127+,/xiao2,1セウ1(1ショウ1),
蟁,蚊,496,483,172,11,17,+77136+,/wen2,1ブン1モン1か1,
蟊(1),蝥,,489,172,11,17,+17136+,/mao2,1ボウ1ム1,
蟊(2),蝥,,489,172,11,17,+17136+,/mao2,1バウ1(1ボウ1)1メウ1(1ミョウ1),
蟒,,492,,172,12,18,+54143+,/mang3,1バウ1(1ボウ1)1マウ1(1モウ1)1をろち1(1おろち1)1うはばみ1(1うわばみ1),
蟕,,492,,172,12,18,+51127+,/zui1,1シ1,
蟛,,492,,172,12,18,+52122+,/peng2,1ハウ1(1ホウ1)1ビヤウ1(1ビョウ1),
蟠,盤,492,357,172,12,18,+52169+,/pan2,1ハン1バン1わだかまる1まがる1めぐる1うずくまる1わらじむし1,
蟢,蛸,493,486,172,12,18,+54161+,/xi3,1キ1,
蟣,,493,,172,12,18,+52153+,/ji3,1しらみ1ひる1,
蟥,蛭,493,486,172,12,18,+54186+,/huang2,1クワウ1(1コウ1)1ワウ1(1オウ1),
蟪,蛄,493,484,172,12,18,+55133+,/hui4,1ケイ1ヱ1(1エ1),
蟫(1),,493,,172,12,18,+51146+,/tan2,1イン1タン1ダン1しみ1,
蟫(2),,493,,172,12,18,+51146+,/xin2,1シン1ジン1,
蟬,,493,,172,12,18,+56156+,/chan2,1セン1ゼン1せみ1つづく1うつくしい1,
蟯,,493,,172,12,18,+54111+,/rao2,1ゼウ1(1ジョウ1)1ネウ1(1ニョウ1)1ゲウ1(1ギョウ1),
蟲,,493,,172,12,18,+50136+,/chong2,1チユウ1(1チュウ1)1ヂユ1(1ジュ1)1むし1,
蟮,蟺,496,493,172,12,18,+58161+,/shan4,1セン1ゼン1,
蟶,,493,,172,13,19,+56114+,/cheng1,1テイ1チヤウ1(1チョウ1)1まて1まてがひ1(1まてがい1),
蟹,,493,,172,13,19,+27136+,/xie3/xie4,1カイ1ゲ1かに1,
蟺,,493,,172,13,19,+50116+,/shan4,1セン1ゼン1,
蠊,蜚,493,487,172,13,19,+50137+,/lian2,1レン1あぶらむし1ごきぶり1,
蟻,,493,,172,13,19,+58153+,/yi3,1イ1あり1くろ1くろい1,
蟾,蛙,494,485,172,13,19,+57161+,/chan2,1セン1ひきがへる1(1ひきがえる1)1つき1みずさし1,
蠁,,494,,172,13,19,+27136+,/xiang3,1キヤウ1(1キョウ1)1カウ1(1コウ1)さし1にしどち1,
蠃(1),蜾,494,488,172,13,19,+00217+,/luo3,1ラ1,
蠃(2),螺,494,492,172,13,19,+00217+,/luo3,1ラ1にし1にな1,
蠅,,494,,172,13,19,+56116+,/ying2,1ヨウ1はへ1(1はえ1),
蠆,,494,,172,13,19,+44136+,/chai4,1タイ1さそり1,
蠉,,494,,172,13,19,+56132+,/xuan1,1ケン1クワン1(1カン1),
蠋,蜀,494,486,172,13,19,+56127+,/zhu2,1チヨク1(1チョク1)1ドク1シヨク1(1ショク1)1ソク1あをむし1(1あおむし1)1いもむし1けむし1,
蠍,,494,,172,13,19,+57182+,/xie1,1ケツ1ゲチ1さそり1,
蠐(1),螬,494,491,172,14,20,+50123+,/qi2,1セイ1サイ1,
蠐(2),蝤,494,489,172,14,20,+50123+,/qi2,1セイ1サイ1,
蠑,,494,,172,14,20,+59194+,/rong2,1エイ1ヤウ1(1ヨウ1),
蠙,蚌,494,483,172,14,20,+53186+,/bin1,1ヒン1ビン1ヘン1ベン1,
蠓,,494,,172,14,20,+54132+,/meng3,1ボウ1ム1みみず1,
蠔,蠣,494,495,172,14,20,+50132+,/hao2,1カウ1(1コウ1)1ガウ1(1ゴウ1)1かき1,
蠕(1),,494,,172,14,20,+51127+,/ru2,1ジユ1(1ジュ1)1ニユ1(1ニュ1),
蠕(2),,494,,172,14,20,+51127+,/ruan2,1ゼン1ネン1うごめく1うごく1はふ1(1はう1),
蠖,,495,,172,14,20,+54147+,/huo4/wo4,1ワク1クワク1(1カク1)1しりぞく1,
蠘,,495,,172,14,20,+53150+,/jie2,1セツ1,
蠛,蠓,495,494,172,15,21,+54153+,/mie4,1ベツ1メチ1,
蠜,,495,,172,15,21,+44136+,/fan2,1ハン1ボン1,
蠟,,495,,172,15,21,+52116+,/la4,1ラフ1(1ロウ1),
蠢,,495,,172,15,21,+50136+,/chun3,1シユン1シュン1うごめく1おろか1,
蠣,,495,,172,15,21,+51127+,/li4,1レイ1ライ1かき1,
蠨,蛸,495,486,172,16,22,+54127+,/xiao2,1セウ1(1ショウ1),
蠧,蠹,496,496,172,16,22,+40136+,/du4,1ト1ヅ1(1ズ1)1きくいむし1しみ1そこなふ1(1そこなう1)1むしばむ1,
蠱,,495,,172,17,23,+50107+,/gu3,1コ1そこなふ1(1そこなう1)1まじなひ1(1まじない1)1まどわす1,
蠲,,495,,172,17,23,+86127+,/juan1,1ケン1きよい1のぞく1,
蠭,蜂,496,486,172,17,23,+37136+,/feng1,1ホウ1フ1はち1むらがる1,
蠵,蟕,496,492,172,18,24,+52127+,/xi1/li2,1ケイ1ゲ1リ1,
蠶,蚕,496,483,172,18,24,+71136+,/can2,1サン1ザン1かひこ1(1かいこ1)1こかひする1(1こかいする1),
蠹,,496,,172,18,24,+50136+,/du4,1ト1ヅ1(1ズ1)1きくいむし1しみ1そこなふ1(1そこなう1)1むしばむ1,
蠺,蠶,496,496,172,18,24,+11136+,/can2,1サン1ザン1かひこ1(1かいこ1)1こかひする1(1こかいする1),
蠻,,496,,172,19,25,+22136+,/man2,1バン1マン1えびす1,
蠼,,496,,172,20,26,+56147+,/qu2,1クワク1(1カク1)1はさみむし1おほざる1(1おおざる1),
血,,497,,173,0,6,+27100+,/xue3,1ケツ1(1ケチ1)1ち1ちぬる1,
衁,,497,,173,3,9,+00107+,/huang1,1クワウ1(1コウ1),
衂,衄,497,497,173,3,9,+27120+,/niu4/nv4,1チク1ニク1はなぢ1くじける1,
衄,,497,,173,4,10,+27115+,/niu4/nv4,1チク1ニク1はなぢ1くじける1,
衅,釁,497,573,173,5,11,+29150+,/xin4,1キン1ちぬる1ぬる1きず1すき1すきま1,
衆,眾,,361,173,6,12,+27232+,/zhong4,1シユウ1(1シュウ1)1シユ1(1シュ1)1おほい1(1おおい1),
衊,,497,,173,15,21,+24153+,/mie4,1ベツ1メチ1けがす1はづかしめる1(1はずかしめる1)1はなぢ1,
衋,,497,,173,18,24,+50107+,/xi4,1キヨク1(1キョク1)1コキ1,
行(1),,497,,174,0,6,+21221+,/xing2,1カウ1(1コウ1)1キヤウ1(1キョウ1)1アン1いく1ゆく1おこなふ1(1おこなう1)1たび1やる1おこなひ1(1おこない1)1ゆくゆく1まさに1,
行(2),,497,,174,0,6,+21221+,/xing4,1カウ1(1コウ1)1キヤウ1(1キョウ1)1アン1みち1,
行(3),,497,,174,0,6,+21221+,/hang2,1カウ1(1コウ1)1ガウ1(1ゴウ1)1キヤウ1(1キョウ1),
行(4),,497,,174,0,6,+21221+,/hang4,1カウ1(1コウ1)1ガウ1(1ゴウ1)1キヤウ1(1キョウ1),
衍,,498,,174,3,9,+21103+21221+,/yan3,1エン1あまる1たいら1あふれる1あまり1おほきい1(1おおきい1)1しく1はびこる1ひろい1ひろがる1のばす1のびる1,
衎,,498,,174,3,9,+21401+21221+,/kan4,1カン1,
衒,,498,,174,5,11,+21732+21221+,/xuan4,1ケン1ゲン1てらふ1(1てらう1)1うる1たぶらかす1,
術,,498,,174,5,11,+21904+21221+,/shu4,1シユツ1(1シュツ1)1ジユチ1(1ジュチ1)1ジユツ1(1ジュツ1)1わざ1すべ1みち1むらざと1のべる1,
衖(1),巷,498,141,174,6,12,+21801+21221+,/long4,1カウ1(1コウ1)1ガウ1(1ゴウ1),
衖(2),弄,498,154,174,6,12,+21801+21221+,/long4,1カウ1(1コウ1)1ガウ1(1ゴウ1),
衕,,498,,174,6,12,+21227+21221+,/tong4,1トウ1ヅ1(1ズ1),
街,,498,,174,6,12,+21104+21221+,/jie1,1カイ1ケ1ガイ1まち1ちまた1,
衙,,498,,174,7,13,+21601+21221+,/ya2,1ガ1ゲ1つかさ1あつまる1まゐる1(1まいる1)1ふせぐ1,
衚,衕,498,498,174,9,15,+21627+21221+,/hu2,1コ1ゴ1,
衝,沖,498,,174,9,15,+21104+21221+,/chong1/chong4,1シヨウ1(1ショウ1)1シユ1(1シュ1)1つく1,
衛,衞,499,498,174,9,15,+21506+21221+,/wei4,1ヱイ1(1エイ1)1ヱ1(1エ1)1まもる1まもり1,
衞,,498,,174,10,16,+21227+21221+,/wei4,1ヱイ1(1エイ1)1ヱ1(1エ1)1まもる1まもり1,
衡(1),,499,,174,10,16,+21430+21221+,/heng2,1カウ1(1コウ1)1ギヤウ1(1ギョウ1)1はかり1はかる1よこぎ1くびき1,
衡(2),橫,499,261,174,10,16,+21430+21221+,/heng2,1クワウ1(1コウ1)1ワウ1(1オウ1)1たひらか1(1たいらか1),
衟(1),道,499,559,174,10,16,+21601+21221+,/dao4,1タウ1(1トウ1)1ダウ1(1ドウ1)1みち1いふ1(1いう1),
衟(2),道,499,559,174,10,16,+21601+21221+,/dao4,1タウ1(1トウ1)1ダウ1(1ドウ1)1みちびく1,
衢,,499,,174,18,24,+21214+21221+,/qu2,1ク1グ1ちまた1みち1よつつじ1わかれみち1,
衣(1),,499,,175,0,6,+00732+,/yi1,1イ1エ1ころも1きぬ1,
衣(2),,499,,175,0,6,+00732+,/yi4,1イ1エ1きる1きせる1,
补,補,,502,175,2,7,+33200+,/bu3,1ホ1フ1ブ1おぎなふ1(1おぎなう1)1さづける1(1さずける1)1たすける1,
34094(1),卒,506,053,175,2,7,+00403+,/zu2/zu4,1ソツ1ソチ1しもべ1,
34094(2),卒,506,053,175,2,7,+00403+,/zu2/zu4,1シユツ1(1シュツ1)1シユチ1(1シュチ1)1ソツ1ソチ1をはる1(1おわる1),
34094(3),卒,506,053,175,2,7,+00403+,/cu4,1ソツ1ソチ1にはかに1(1にわかに1),
表,,499,,175,3,8,+50732+,/biao3,1ヘウ1(1ヒョウ1)1おもて1あらはす1(1あらわす1)1あらはれる1(1あらわれる1)1しるし1,
衩,,499,,175,3,8,+37240+,/cha4,1サイ1セ1,
衫,,500,,175,3,8,+32222+,/shan1,1サン1ころも1はだぎ1ひとへ1(1ひとえ1),
衬,襯,,506,175,3,8,+34200+,/chen4,1シン1はだぎ1つく1,
衭,,500,,175,4,9,+35230+,/fu1,1フ1,
衮,,500,,175,4,10,+00732+,/gun3,1コン1,
衰(1),,500,,175,4,10,+00732+,/shuai1,1スヰ1(1スイ1)1おとろへる1(1おとろえる1),
衰(2),,500,,175,4,10,+00732+,/chuai1,1シ1そぐ1,
衰(3),,500,,175,4,10,+00732+,/cui1,1サイ1セ1,
衵,,500,,175,4,9,+36200+,/ri4,1ジツ1ニチ1あこめ1なれぎぬ1ふだんぎ1,
衷(1),,500,,175,4,10,+50732+,/zhong1,1チユウ1(1チュウ1)1チユ1(1チュ1)1うち1こころ1まこと1,
衷(2),,500,,175,4,10,+50732+,/zhong1,1チユウ1(1チュウ1)1チユ1(1チュ1),
衺,邪,500,564,175,4,10,+00732+,/xie2,1サ1ジヤ1(1ジャ1)1よこしま1,
衽,,500,,175,4,9,+32214+,/ren4,1ジン1ニン1えり1おくみ1しとね1ねどこ1,
衾,,500,,175,4,10,+80732+,/qin1/qin2,1キン1コン1ふすま1よぎ1かけぶとん1,
衿,,500,,175,4,9,+38227+,/jin1,1キン1コン1えり1,
袁,,500,,175,4,10,+40732+,/yuan2,1ヱン1(1エン1)1ヲン1(1オン1),
袂,,500,,175,4,9,+35237+,/mei4,1ベイ1メイ1そで1たもと1かたはら1(1かたわら1)1きは1(1きわ1),
袆,褘,,504,175,4,9,+35227+,/hui1,1キ1,
袄,襖,506,505,175,4,9,+32230+,/ao3,1アウ1(1オウ1)1わたいれ1うはぎ1(1うわぎ1)1ふすま1あを1(1あお1),
袈,,500,,175,5,11,+46732+,/jia1,1カ1ケ1,
袋,,500,,175,5,11,+23732+,/dai4,1タイ1ダイ1ふくろ1,
袍,,501,,175,5,10,+37212+,/bao2,1ハウ1(1ホウ1)1バウ1(1ボウ1)1うはぎ1(1うわぎ1)1ぬのこ1わたいれ1,
袒,,501,,175,5,10,+36210+,/tan3,1タン1ダン1かたぬぐ1はだぬぐ1,
袖,,501,,175,5,10,+35260+,/xiu4,1シウ1(1シュウ1)1シユ1(1シュ1)1そで1,
袗,,501,,175,5,10,+38222+,/zhen3,1シン1ひとへ1(1ひとえ1),
袜,,501,,175,5,10,+35290+,/mo4,1バツ1マチ1,
袠(1),帙,501,143,175,5,11,+00732+,/zhi4,1チツ1ヂチ1(1ジチ1),
袠(2),秩,501,375,175,5,11,+00732+,/zhi4,1チツ1ヂチ1(1ジチ1),
袤,,501,,175,5,11,+00732+,/mou4/mao4,1ボウ1モ1ながさ1ひろがり1,
袪,,501,,175,5,10,+34231+,/qu1,1キヨ1(1キョ1)1コ1あげる1さる1そで1,
被(1),,501,,175,5,10,+34247+,/bei4,1ヒ1ビ1,
被(2),,501,,175,5,10,+34247+,/bei4,1ヒ1ビ1おほふ1(1おおう1)1かづく1(1かずく1)1かぶる1かぶさる1かうむる1(1こうむる1)1きる1れる1られる1,
袯,襏,,505,175,5,10,+33247+,/bo4,1ハツ1ハチ1,
袭,襲,,506,175,5,11,+43732+,/xi2,1シフ1(1シュウ1)1ジフ1(1ジュウ1)1おそう1かさねる1かさね1つぐ1,
袟,秩,506,375,175,5,10,+35230+,/zhi4,1チツ1ヂチ1(1ジチ1),
袌,抱,506,189,175,5,11,+00732+,/bao4,1ハウ1(1ホウ1)1バウ1(1ボウ1)1だく1いだく1かかへる1(1かかえる1),
袞,衮,506,500,175,5,11,+00732+,/gun3,1コン1,
袱,,501,,175,6,11,+33234+,/fu2,1フク1ブク1ふくさ1ふろしき1,
袴,,501,,175,6,11,+34227+,/ku4,1コ1ク1はかま1ももひき1,
袷,,501,,175,6,11,+38261+,/jia2,1カフ1(1コウ1)1ガフ1(1ゴウ1)1あはせ1(1あわせ1)1つぎ1ひかへ1(1ひかえ1),
袺,,501,,175,6,11,+34260+,/jie2,1ケツ1ケチ1カツ1,
袽,,501,,175,6,11,+36200+,/ru2,1ジヨ1(1ジョ1)1ニヨ1(1ニョ1)つめわた1,
袿,,501,,175,6,11,+34214+,/gui1,1ケイ1ケ1うちかけ1うちぎ1,
裀(1),茵,501,455,175,6,11,+36200+,/yin1,1イン1しとね1みごろ1,
裀(2),絪,501,406,175,6,11,+36200+,/yin1,1イン1しとね1みごろ1,
裆,襠,,505,175,6,11,+39277+,/dang1,1タウ1(1トウ1)1まち1,
裁,,501,,175,6,12,+43750+,/cai2,1サイ1ザイ1たつ1きる1さばく1わづかに1(1わずかに1),
裂,,502,,175,6,12,+12732+,/lie4,1レツ1レチ1さく1さける1きれ1,
装,裝,,502,175,6,12,+34732+,/zhuang1,1シヤウ1(1ショウ1)1サウ1(1ソウ1)1よそほふ1(1よそおう1)1よそほひ1(1よそおい1),
裈,褌,,503,175,6,11,+37254+,/kun1,1コン1ふんどし1,
亵,褻,,505,175,6,12,+00732+,/xie4,1セツ1セチ1はだぎ1ふだんぎ1け1けがす1けがらわしい1けがれる1なれる1あなどる1,
袵,衽,506,500,175,6,11,+32214+,/ren4,1ジン1ニン1えり1おくみ1しとね1ねどこ1,
裊,,502,,175,7,13,+27732+,/niao3,1デウ1(1ジョウ1)1ネウ1(1ニョウ1)1しなやか1たをやか1(1たおやか1),
裋,,502,,175,7,13,+31218+,/shu4,1シユ1(1シュ1)1ジユ1(1ジュ1),
裎,,502,,175,7,13,+36214+,/cheng2,1テイ1ヂヤウ1(1ジョウ1)1はだか1ひとへ1(1ひとえ1),
裏,,502,,175,7,13,+00732+,/li3,1リ1うち1うら1,
裒,,502,,175,7,13,+00732+,/pou2,1ホウ1ボウ1あつめる1,
裔,,502,,175,7,13,+00227+,/yi4,1エイ1すそ1とほい1(1とおい1)1すゑ1(1すえ1)1あとつぎ1はて1,
裕,,502,,175,7,12,+38268+,/yu4,1ユ1ユウ1ゆたか1ひろい1,
裘,,502,,175,7,13,+43732+,/qiu2,1キウ1(1キュウ1)1グ1かはごろも1(1かわごろも1),
裙,,502,,175,7,12,+37267+,/qun2,1クン1グン1すそ1はだぎ1も1もすそ1,
裛,,502,,175,7,13,+00732+,/yi4,1イフ1(1ユウ1)1オフ1(1オウ1)1エフ1(1ヨウ1)1うるほす1(1うるおす1),
補,,502,,175,7,12,+33227+,/bu3,1ホ1フ1ブ1おぎなふ1(1おぎなう1)1おぎなひ1(1おぎない1)1さづける1(1さずける1)1たすける1,
裝,,502,,175,7,13,+24732+,/zhuang1,1シヤウ1(1ショウ1)1サウ1(1ソウ1)1よそほふ1(1よそおう1)1よそほひ1(1よそおい1),
裟,袈,502,500,175,7,13,+39732+,/sha1,1サ1シヤ1(1シャ1),
裥,襇,,505,175,7,12,+37220+,/jian3/jian4,1カン1ケン1,
裡,裏,506,502,175,7,12,+36214+,/li3,1リ1うち1うら1,
裠,裙,506,502,175,7,13,+17732+,/qun2,1クン1グン1すそ1はだぎ1も1もすそ1,
裨(1),,503,,175,8,13,+36240+,/bi4,1ヒ1ビ1おぎなふ1(1おぎなう1),
裨(2),稗,503,376,175,8,13,+36240+,/pi2,1ヒ1ビ1たすけ1たすける1いやしい1ちいさい1,
裯,,503,,175,8,13,+37220+,/chou2,1チウ1(1チュウ1)1チユ1(1チュ1),
裱,,503,,175,8,13,+35232+,/biao3,1ヘウ1(1ヒョウ1),
裳,,503,,175,8,13,+90732+,/chang2/shang1,1シヤウ1(1ショウ1)1ジヤウ1(1ジョウ1)1も1もすそ1,
裴,徘,503,161,175,8,14,+11732+,/pei2,1ハイ1ベ1たちもとほる1(1たちもとおる1),
裸,,503,,175,8,13,+36294+,/luo3,1ラ1はだか1はだぬぐ1,
裹,,503,,175,8,14,+00732+,/guo3,1クワ1(1カ1)1つつむ1まとふ1(1まとう1)1つつみ1たから1,
裼(1),,503,,175,8,13,+36227+,/xi2,1セキ1シヤク1(1シャク1)1かたぬぐ1はだぬぐ1,
裼(2),,503,,175,8,13,+36227+,/ti4,1テイ1タイ1,
製,,503,,175,8,14,+22732+,/zhi4,1セイ1たつ1つくる1,
裾,,503,,175,8,13,+37264+,/qu1,1キヨ1(1キョ1)1コ1すそ1おごる1,
褂,,503,,175,8,13,+33200+,/gua4,1クワイ1(1カイ1)1ケ1うちぎ1うちかけ1はだぎ1,
裰,,503,,175,8,13,+37247+,/duo2,1タツ1タチ1,
複,,503,,175,9,14,+38247+,/fu4,1フク1かさなる1かさねる1,
褊,,503,,175,9,14,+32227+,/bian3,1ヘン1せまい1,
褌,,503,,175,9,14,+37256+,/kun1,1コン1ふんどし1,
褎(1),袖,504,501,175,9,15,+00732+,/xiu4,1シウ1(1シュウ1)1ジユ1(1ジュ1),
褎(2),,504,,175,9,15,+00732+,/you4,1イウ1(1ユウ1)1ユ1,
褐,,504,,175,9,14,+36227+,/he2,1カツ1ガチ1ぬのこ1かち1,
褓,緥,504,411,175,9,14,+36294+,/bao3,1ハウ1(1ホウ1)1むつき1かいまき1,
褘,,504,,175,9,14,+34256+,/hui1,1キ1,
褚,,504,,175,9,14,+34260+,/chu3,1チヨ1(1チョ1)1ト1わたいれ1おほひ1(1おおい1)1ふくろ1たれぎぬ1,
褙,,504,,175,9,14,+31227+32227+,/bei4,1ハイ1はだぎ1,
褛,褸,,504,175,9,14,+39244+,/lv3,1リユ1(1リュ1)1ル1ロウ1つづれ1ぼろ1,
褝,襌,,505,175,9,14,+32256+,/dan1,1タン1ひとへ1(1ひとえ1)1はだぎ1,
褏(1),襃,506,505,175,9,15,+00732+,/bao1,1ハウ1(1ホウ1)1ほめる1,
褏(2),襃,506,505,175,9,15,+00732+,/bao1,1ハウ1(1ホウ1)1あつまる1あつめる1,
褒(1),襃,506,505,175,9,15,+00732+,/bao1,1ハウ1(1ホウ1)1ほめる1,
褒(2),襃,506,505,175,9,15,+00732+,/bao1,1ハウ1(1ホウ1)1あつまる1あつめる1,
褞,,504,,175,10,15,+36217+,/wen1,1ヲン1(1オン1)1うわぎ1どてら1ぬのこ1,
褡,,504,,175,10,15,+34261+,/da1,1タフ1(1トウ1),
褥,,504,,175,10,15,+31243+,/ru4,1ジヨク1(1ジョク1)1ニヨク1(1ニョク1)1しとね1ふとん1,
褦,,504,,175,10,15,+31211+32212+,/nai4,1ダイ1ナイ1,
褧,,504,,175,10,16,+19732+,/jiong3,1ケイ1キヤウ1(1キョウ1),
褪,,504,,175,10,15,+37233+,/tun4,1トン1タイ1あせる1さめる1ぬぐ1,
褫,,504,,175,10,15,+32217+,/chi3,1チ1ヂ1(1ジ1)1うばふ1(1うばう1)1はぐ1,
褰,,504,,175,10,16,+30732+,/qian1,1ケン1あげる1かかげる1たたむ1はかま1,
褴,襤,,505,175,10,15,+38212+,/lan2,1ラン1つづれ1ぼろ1,
褲,袴,506,501,175,10,15,+30256+,/ku4,1コ1ク1はかま1ももひき1,
褵,縭,506,413,175,10,15,+30227+,/li2,1リ1,
褱,懷,506,180,175,10,15,+00732+,/huai2,1クワイ1(1カイ1)1ヱ1(1エ1)1ふところ1なつかしい1なつかしむ1,
褶,,504,,175,11,16,+37262+,/zhe2/xi2/die2,1シフ1(1シュウ1)1ジフ1(1ジュウ1)1ひだ1あはせ1(1あわせ1)1かさねる1,
褸,,504,,175,11,16,+35244+,/lv3,1リユ1(1リュ1)1ル1ロウ1つづれ1ぼろ1,
褻,,505,,175,11,17,+00732+,/xie4,1セツ1セチ1はだぎ1ふだんぎ1け1けがす1けがらわしい1けがれる1なれる1あなどる1,
襁,,505,,175,11,16,+36236+,/qiang3,1キヤウ1(1キョウ1)1カウ1(1コウ1)1おふ1(1おう1)1せおひおび1(1せおいおび1)1むつき1,
襃(1),,505,,175,11,17,+00732+,/bao1,1ハウ1(1ホウ1)1ほめる1,
襃(2),裒,505,502,175,11,17,+00732+,/bao1,1ハウ1(1ホウ1)1あつまる1あつめる1,
襄,,505,,175,11,17,+00732+,/xiang1,1シヤウ1(1ショウ1)1サウ1(1ソウ1)1ジヤウ1(1ジョウ1)1のぼる1あげる1はらふ1(1はらう1)1たすける1たかい1ゆずる1,
襇,,505,,175,12,17,+37220+,/jian3/jian4,1カン1ケン1,
襆(1),,505,,175,12,17,+32234+,/pu2,1ホク1ボク1,
襆(2),幞,505,145,175,12,17,+32234+,/pu2,1ホク1ボク1,
襌,單,505,078,175,12,17,+36256+,/dan1,1タン1ひとへ1(1ひとえ1)1はだぎ1,
襏,,505,,175,12,17,+32247+,/bo4,1ハツ1ハチ1,
襍,雜,506,605,175,12,17,+30294+,/za2,1サフ1(1ソウ1)1ザフ1(1ゾウ1)1ザツ1まじる1まぜる1まじはる1(1まじわる1)1まじへる1(1まじえる1),
襖,,505,,175,13,18,+37234+,/ao3,1アウ1(1オウ1)1わたいれ1うはぎ1(1うわぎ1)1ふすま1あを1(1あお1),
襚,,505,,175,13,18,+38233+,/sui4,1スヰ1(1スイ1)1ズヰ1(1ズイ1),
襜,,505,,175,13,18,+37261+,/chan1,1セン1,
襞,,505,,175,13,19,+70732+,/bi4,1ヘキ1ヒヤク1(1ヒャク1)1ひだ1,
襟,,505,,175,13,18,+34291+,/jin1,1キン1コン1えり1むね1,
襠,,505,,175,13,18,+39266+,/dang1,1タウ1(1トウ1)1まち1,
襢,袒,506,501,175,13,18,+37216+,/tan3,1タン1ダン1かたぬぐ1はだぬぐ1,
襤,褸,505,504,175,14,19,+38217+,/lan2,1ラン1つづれ1ぼろ1,
襦,,505,,175,14,19,+31227+,/ru2,1ジユ1(1ジュ1)1ニユ1(1ニュ1)1どうぎ1はだぎ1,
襪,,505,,175,15,20,+34253+,/wa4,1バツ1マチ1ベツ1くつした1たび1,
襬(1),,506,,175,15,20,+36211+,/bai3,1ヒ1,
襬(2),,506,,175,15,20,+36211+,/bai3,1ハイ1すそ1,
襭,,506,,175,15,20,+31286+,/xie2,1ケツ1ゲチ1つまばさむ1,
襫,襏,506,505,175,15,20,+34236+,/shi4,1セキ1シヤク1(1シャク1),
襮,,506,,175,15,20,+36232+,/bo2,1ホク1ハク1,
襯,,506,,175,16,21,+36210+,/chen4,1シン1はだぎ1つく1,
襲,,506,,175,16,22,+01732+,/xi2,1シフ1(1シュウ1)1ジフ1(1ジュウ1)1おそう1かさねる1かさね1つぐ1,
襶,褦,506,504,175,18,23,+33250+,/dai4,1タイ1,
襻,,506,,175,19,24,+34252+,/pan4,1ハン1ヘン1たすき1,
襼,,506,,175,19,24,+34231+,/yi4,1ゲイ1たもと1,
襾,,506,,176,0,6,+10227+,/ya4,1ア1エ1カ1ケ1おほふ1(1おおう1)1かなめがしら1,
西,,506,,176,0,6,+10600+,/xi1,1セイ1サイ1にし1,
要(1),腰,507,437,176,3,9,+10404+,/yao1,1エウ1(1ヨウ1)1もとめる1いる1こし1まつ1,
要(2),,507,,176,3,9,+10404+,/yao4,1エウ1(1ヨウ1)1かなめ1,
覃,潭,507,304,176,6,12,+10406+,/tan2,1タン1ドン1およぶ1のびる1ひく1ふかい1,
覆(1),,507,,176,12,18,+10247+,/fu4,1フク1おほひ1(1おおい1)1おほふ1(1おおう1)1くつがへす1(1くつがえす1)1くつがへる1(1くつがえる1),
覆(2),,507,,176,12,18,+10247+,/fu4,1フウ1フ1おほひ1(1おおい1)1おほふ1(1おおう1)1くつがへす1(1くつがえす1)1くつがへる1(1くつがえる1),
覈,,507,,176,12,18,+10248+,/he2,1カク1ギヤク1(1ギャク1)1しらべる1かんがへる1(1かんがえる1)1きびしい1さね1,
覉,羇,507,421,176,17,23,+10521+,/ji1,1キ1たび1たびびと1,
覊,羈,507,421,176,19,25,+10527+,/ji1,1キ1おもがい1たづな1つなぐ1とりしまる1たび1たびびと1,
見(1),,509,,178,0,7,+60210+,/jian4,1ケン1みる1みえる1みせる1まみえる1れる1られる1,
見(2),,509,,178,0,7,+60210+,/xian4,1ケン1ゲン1あらはれる1(1あらわれる1)1まのあたり1,
见(1),見,,509,178,0,4,+77212+,/jian4,1ケン1みる1みえる1みせる1まみえる1れる1られる1,
见(2),見,,509,178,0,4,+77212+,/xian4,1ケン1ゲン1あらはれる1(1あらわれる1)1まのあたり1,
观(1),觀,,510,178,2,6,+17412+,/guan1,1クワン1(1カン1)1みる1みせる1しめす1,
观(2),觀,,510,178,2,6,+17412+,/guan4,1クワン1(1カン1),
34804,得,511,161,178,3,7,+60341+,/de2/dei3,1トク1える1うる1,
規,,509,,178,4,11,+56010+,/gui1,1キ1ぶんまわし1のり1ただす1はかる1,
规,規,,509,178,4,8,+57812+,/gui1,1キ1ぶんまわし1のり1ただす1はかる1,
覓,,509,,178,4,11,+20216+,/mi4,1ベキ1ミヤク1(1ミャク1)1もとめる1,
觅,覓,,509,178,4,8,+20212+,/mi4,1ベキ1ミヤク1(1ミャク1)1もとめる1,
视,視,,509,178,4,8,+37212+,/shi4,1シ1ジ1みる1なぞらへる1(1なぞらえる1),
視,,509,,178,5,12,+36210+,/shi4,1シ1ジ1みる1なぞらへる1(1なぞらえる1),
覘,,509,,178,5,12,+26610+,/chan1,1テン1うかがふ1(1うかがう1)1ぬすみみる1のぞく1,
觇,覘,,509,178,5,9,+27612+,/chan1,1テン1うかがふ1(1うかがう1)1ぬすみみる1のぞく1,
覚(1),覺,,510,178,5,12,+32216+,/jue2,1カク1おぼえる1おぼえ1さとる1さとす1さとり1,
覚(2),覺,,510,178,5,12,+32216+,/jiao4,1カウ1(1コウ1)1さます1さめる1,
觉(1),覺,,510,178,5,9,+90212+,/jue2,1カク1おぼえる1おぼえ1さとる1さとす1さとり1,
觉(2),覺,,510,178,5,9,+90212+,/jiao4,1カウ1(1コウ1)1さます1さめる1,
览,覽,,510,178,5,9,+28212+,/lan3,1ラン1みる1,
覜,,509,,178,6,13,+36110+,/tiao4,1テウ1(1チョウ1),
觊,覬,,510,178,6,10,+27712+,/ji4,1キ1こひねがふ1(1こいねがう1)1ねがふ1(1ねがう1)1うかがふ1(1うかがう1)1のぞむ1,
覡,,509,,178,7,14,+16110+,/xi2,1ケキ1ギヤク1(1ギャク1)1ゲキ1かんなぎ1みこ1,
觋,覡,,509,178,7,11,+17112+,/xi2,1ケキ1ギヤク1(1ギャク1)1ゲキ1かんなぎ1みこ1,
覥,靦,509,610,178,8,15,+56810+,/tian3,1テン1,
觍,覥,,509,178,8,12,+57812+,/tian3,1テン1,
覦,,509,,178,9,16,+86210+,/yu2,1ユ1こひねがふ1(1こいねがう1)1ねがふ1(1ねがう1)1のぞむ1,
觎,覦,,509,178,9,13,+87212+,/yu2,1ユ1こひねがふ1(1こいねがう1)1ねがふ1(1ねがう1)1のぞむ1,
覩,,509,,178,9,16,+46610+,/du3,1ト1ツ1みる1,
親(1),,509,,178,9,16,+06910+,/qin1,1シン1おや1したしい1したしむ1ちかい1みづから1(1みずから1),
親(2),,509,,178,9,16,+06910+,/qin4,1シン1,
覬,,510,,178,10,17,+26110+,/ji4,1キ1こひねがふ1(1こいねがう1)1ねがふ1(1ねがう1)1うかがふ1(1うかがう1)1のぞむ1,
覯(1),遘,510,560,178,10,17,+56510+,/gou4,1コウ1ク1あふ1(1あう1)1あはせる1(1あわせる1)1みる1,
覯(2),逅,510,555,178,10,17,+56510+,/gou4,1コウ1ク1あふ1(1あう1)1あはせる1(1あわせる1)1みる1,
觏,覯,,510,178,10,14,+57412+,/gou4,1コウ1ク1あふ1(1あう1)1あはせる1(1あわせる1)1みる1,
覧,覽,511,510,178,10,17,+78216+,/lan3,1ラン1みる1,
覰,,510,,178,11,18,+26210+,/qu4,1シヨ1(1ショ1)1ソ1うかがふ1(1うかがう1),
覷,覰,511,510,178,11,18,+26210+,/qu4,1シヨ1(1ショ1)1ソ1うかがふ1(1うかがう1),
觑,覰,,510,178,11,15,+27212+,/qu4,1シヨ1(1ショ1)1ソ1うかがふ1(1うかがう1),
覲,,510,,178,11,18,+46110+,/jin3/jin4,1キン1ギン1まみえる1あふ1(1あう1)1みる1,
觐,覲,,510,178,11,15,+47112+,/jin3/jin4,1キン1ギン1まみえる1あふ1(1あう1)1みる1,
観(1),觀,,510,178,11,18,+86210+,/guan1,1クワン1(1カン1)1みる1みせる1しめす1,
観(2),觀,,510,178,11,18,+86210+,/guan4,1クワン1(1カン1),
覶,覼,511,510,178,12,19,+26210+,/luo2,1ラ1,
覵,瞯,511,363,178,12,19,+76210+,/jian4,1カン1ゲン1,
覺(1),,510,,178,13,20,+77216+,/jue2,1カク1おぼえる1おぼえ1さとる1さとす1さとり1,
覺(2),,510,,178,13,20,+77216+,/jiao4,1カウ1(1コウ1)1さます1さめる1,
覻,覰,511,510,178,13,20,+26210+,/qu4,1シヨ1(1ショ1)1ソ1うかがふ1(1うかがう1),
覼,,510,,178,14,21,+16210+,/luo2,1ラ1,
覽,,510,,178,14,21,+78216+,/lan3,1ラン1みる1,
覿,,510,,178,15,22,+46810+,/di2,1テキ1ヂヤク1(1ジャク1)1デキ1チヤク1(1チャク1)1セイ1みる1あふ1(1あう1)1しめす1,
觀(1),,510,,178,18,25,+46210+,/guan1,1クワン1(1カン1)1みる1みせる1しめす1,
觀(2),,510,,178,18,25,+46210+,/guan4,1クワン1(1カン1),
角,,511,,179,0,7,+27227+,/jue2/jiao3,1カク1つの1かど1きそふ1(1きそう1)1くらべる1すみ1つのあし1つのへん1かくあし1かくへん1,
觔(1),筋,511,387,179,2,9,+24227+,/jin1,1キン1コン1すぢ1(1すじ1),
觔(2),斤,511,215,179,2,9,+24227+,/jin1,1キン1コン1,
觖,,511,,179,4,11,+25230+,/jue2,1ケツ1ケチ1,
觚,,511,,179,5,12,+22230+,/gu1,1コ1ク1さかづき1(1さかずき1)1かど1ふだ1ひとり1,
觜,,511,,179,5,12,+21227+22227+,/zui3,1シ1スヰ1(1スイ1)1けづの1とろきぼし1くちばし1,
觝(1),牴,512,324,179,5,12,+22240+,/di3,1ふれる1いたる1さわる1ぶつかる1,
觝(2),抵,512,189,179,5,12,+22240+,/di3,1ふれる1いたる1さわる1ぶつかる1,
解(1),,512,,179,6,13,+27252+,/jie3,1カイ1ケ1ゲ1とく1とかす1とける1さとる1ほぐれる1ほどく1ほどける1わかる1,
解(2),,512,,179,6,13,+27252+,/xie4,1カイ1ケ1ゲ1,
解(3),,512,,179,6,13,+27252+,/jie4,1カイ1ケ1ゲ1つかはす1(1つかわす1),
觥,,512,,179,6,13,+29211+,/gong1,1クワウ1(1コウ1)1つのさかづき1(1つのさかずき1),
触,觸,,512,179,6,13,+25236+,/chu4,1シヨク1(1ショク1)1ソク1さはる1(1さわる1)1ふれる1,
觫,,512,,179,7,14,+25296+,/su4,1ソク1,
觯,觶,,512,179,8,15,+28256+,/zhi4,1シ1,
觱,篥,512,392,179,9,16,+53227+,/bi4,1ヒツ1ヒチ1えびすぶえ1,
觳,觫,512,512,179,10,17,+47247+,/hu1,1コク1ゴク1あとあし1うすい1くらべる1つましい1,
觴,濫,512,308,179,11,18,+28227+,/shang1,1シヤウ1(1ショウ1)1さかづき1(1さかずき1)1もてなす1さす1,
觶,,512,,179,12,19,+26256+,/zhi4,1シ1,
觵,觥,513,512,179,12,19,+24286+,/gong1,1クワウ1(1コウ1)1つのさかづき1(1つのさかずき1),
觸,,512,,179,13,20,+26227+,/chu4,1シヨク1(1ショク1)1ソク1さはる1(1さわる1)1ふれる1,
觽,,513,,179,18,25,+22227+,/xi1,1ケイ1ヱ1(1エ1)1キ1,
言,,513,,180,0,7,+00601+,/yan2,1ゲン1ゴン1いふ1(1いう1)1ここに1こと1ことば1われ1,
訂,,513,,180,2,9,+01620+,/ding4,1テイ1チヤウ1(1チョウ1)1さだめる1ただす1はかる1,
订,訂,,513,180,2,4,+31720+,/ding4,1テイ1チヤウ1(1チョウ1)1さだめる1ただす1はかる1,
訃,赴,513,537,180,2,9,+03600+,/fu4,1フ1つげる1しらせ1,
讣,訃,,513,180,2,4,+33700+,/fu4,1フ1つげる1しらせ1,
訄,,513,,180,2,9,+40016+,/qiu2,1キウ1(1キュウ1)1ク1,
訇,,513,,180,2,9,+27620+,/hong1,1クワウ1(1コウ1),
計,,513,,180,2,9,+04600+,/ji4,1ケイ1カイ1かぞへる1(1かぞえる1)1はかる1はからふ1(1はからう1)1はかりごと1ばかり1,
计,計,,513,180,2,4,+34700+,/ji4,1ケイ1カイ1かぞへる1(1かぞえる1)1はかる1はからふ1(1はからう1)1はかりごと1ばかり1,
认,認,,517,180,2,4,+38700+,/ren4,1ジン1ニン1みとめる1みとめ1したためる1,
讥,譏,,524,180,2,4,+37710+,/ji1,1キ1ケ1せめる1そしる1とがめる1,
訊,,513,,180,3,10,+07610+,/xun4,1シン1シユン1(1シュン1)1ジン1とふ1(1とう1)1たより1たづねる1(1たずねる1),
讯,訊,,513,180,3,5,+37710+,/xun4,1シン1シユン1(1シュン1)1ジン1とふ1(1とう1)1たより1たづねる1(1たずねる1),
訌,,513,,180,3,10,+01610+,/hong2,1ゴウ1グ1みだれる1もめる1うちわもめ1,
讧,訌,,513,180,3,5,+31712+,/hong2,1ゴウ1グ1みだれる1もめる1うちわもめ1,
討,,513,,180,3,10,+04600+,/tao3,1タウ1(1トウ1)1うつ1たづねる1(1たずねる1)1もとめる1,
訏(1),,513,,180,3,10,+01640+,/xu1,1ク1,
訏(2),,513,,180,3,10,+01640+,/xu3,1ク1,
訐,,513,,180,3,10,+01640+,/jie2,1ケツ1ケチ1,
讦,訐,,513,180,3,5,+31740+,/jie2,1ケツ1ケチ1,
訑,,513,,180,3,10,+04612+,/yi2,1イ1あざむく1,
訒,,513,,180,3,10,+07620+,/ren4,1ジン1ニン1,
讱,訒,,513,180,3,5,+37720+,/ren4,1ジン1ニン1,
訓,,514,,180,3,10,+02600+,/xun4,1クン1キン1をしへ1(1おしえ1)1をしへる1(1おしえる1)1よみ1よむ1,
训,訓,,514,180,3,5,+32700+,/xun4,1クン1キン1をしへ1(1おしえ1)1をしへる1(1おしえる1)1よみ1よむ1,
訕,,514,,180,3,10,+02670+,/shan4,1サン1セン1そしる1,
讪,訕,,514,180,3,5,+32770+,/shan4,1サン1セン1そしる1,
訖,,514,,180,3,10,+08617+,/zhi4,1キ1とまる1いたる1ことごとく1ついに1をへる1(1おえる1)1をはる1(1おわる1)1やむ1,
讫,訖,,514,180,3,5,+38717+,/zhi4,1キ1とまる1いたる1ことごとく1ついに1をへる1(1おえる1)1をはる1(1おわる1)1やむ1,
託,,514,,180,3,10,+02614+,/tuo1,1タク1まかせる1かこつける1かこつ1ことづかる1よる1,
讬,託,,514,180,3,5,+32714+,/tuo1,1タク1まかせる1かこつける1かこつ1ことづかる1よる1,
記,,514,,180,3,10,+07617+,/ji4,1キ1しるす1おぼえる1,
记,記,,514,180,3,10,+37717+,/ji4,1キ1しるす1おぼえる1,
议,議,,524,180,3,5,+34703+,/yi4,1ギ1はかる1,
让,讓,,525,180,3,5,+31710+,/rang4,1ジヤウ1(1ジョウ1)1ニヤウ1(1ニョウ1)1ゆずる1せめる1,
訛,,514,,180,4,11,+04610+,/e2,1グワ1(1ガ1)1クワ1(1カ1)1いつはる1(1いつわる1)1いつはり1(1いつわり1)1なまる1なまり1あやまる1,
讹,訛,,514,180,4,6,+34710+,/e2,1グワ1(1ガ1)1クワ1(1カ1)1いつはる1(1いつわる1)1いつはり1(1いつわり1)1なまる1なまり1あやまる1,
訝,,514,,180,4,11,+01640+,/ya4,1ガ1ゲ1いぶかしい1いぶかる1むかへる1(1むかえる1),
讶,訝,,514,180,4,6,+31740+,/ya4,1ガ1ゲ1いぶかしい1いぶかる1むかへる1(1むかえる1),
訟,,514,,180,4,11,+08632+,/song4,1シヨウ1(1ショウ1)1ジユ1(1ジュ1)1あらそふ1(1あらそう1)1うつたへる1(1うったえる1)1うつたへ1(1うったえ1)1せめる1,
讼,訟,,514,180,4,6,+38732+,/song4,1シヨウ1(1ショウ1)1ジユ1(1ジュ1)1あらそふ1(1あらそう1)1うつたへる1(1うったえる1)1うつたへ1(1うったえ1)1せめる1,
訢,欣,514,266,180,4,11,+02621+,/xin1,1キン1コン1よろこぶ1,
訣,,514,,180,4,11,+05630+,/jue2,1ケツ1ケチ1わかれる1わかれ1おくぎ1,
诀,訣,,514,180,4,6,+35780+,/jue2,1ケツ1ケチ1わかれる1わかれ1おくぎ1,
訥,,514,,180,4,11,+04627+,/ne4/na4,1ドツ1ノチ1タツ1タチ1トツ1くちべた1どもる1,
讷,訥,,514,180,4,6,+34727+,/ne4/na4,1ドツ1ノチ1タツ1タチ1トツ1くちべた1どもる1,
訩(1),洶,514,287,180,4,11,+02670+,/xiong1,1キヨウ1(1キョウ1)1ク1さわぐ1わく1,
訩(2),恟,514,170,180,4,11,+02670+,/xiong1,1キヨウ1(1キョウ1)1ク1おそれる1,
讻(1),訩,,514,180,4,6,+32770+,/xiong1,1キヨウ1(1キョウ1)1ク1さわぐ1わく1,
讻(2),訩,,514,180,4,6,+32770+,/xiong1,1キヨウ1(1キョウ1)1ク1おそれる1,
訪,,514,,180,4,11,+00627+,/fang3,1ハウ1(1ホウ1)1おとづれる1(1おとずれる1)1たづねる1(1たずねる1)1とふ1(1とう1),
访,訪,,514,180,4,6,+30727+,/fang3,1ハウ1(1ホウ1)1おとづれる1(1おとずれる1)1たづねる1(1たずねる1)1とふ1(1とう1),
設,,514,,180,4,11,+07647+,/she4,1セツ1セチ1しつらへる1(1しつらえる1)1まうけ1(1もうけ1)1まうける1(1もうける1)1もし1,
设,設,,514,180,4,6,+37747+,/she4,1セツ1セチ1しつらへる1(1しつらえる1)1まうけ1(1もうけ1)1まうける1(1もうける1)1もし1,
許,,514,,180,4,11,+08640+,/xu3,1キヨ1(1キョ1)1コ1ゆるす1もと1ところ1ばかり1ばく1,
许,許,,514,180,4,6,+38740+,/xu3,1キヨ1(1キョ1)1コ1ゆるす1もと1ところ1ばかり1ばく1,
论,論,,520,180,4,6,+38712+,/lun4/lun2,1ロン1とく1あげつらふ1(1あげつらう1),
讳,諱,,521,180,4,6,+35727+,/hui4,1キ1いむ1いみな1はばかる1,
讽,諷,,521,180,4,6,+37710+,/feng4/feng1,1フウ1フ1うたふ1(1うたう1)1そらんじる1そらんずる1あてこする1ほのめかす1いさめる1,
讲,講,,522,180,4,6,+35700+,/jiang3,1カウ1(1コウ1),
讴,謳,,523,180,4,6,+31714+,/ou1,1オウ1ウ1うたふ1(1うたう1)1うた1,
訳,譯,,524,180,4,11,+07687+,/yi4,1エキ1ヤク1とく1わけ1,
訴,愬,515,175,180,5,12,+02631+,/su4,1ソ1うつたへる1(1うったえる1)1うつたへ1(1うったえ1),
诉,訴,,515,180,5,7,+32741+,/su4,1ソ1うつたへる1(1うったえる1)1うつたへ1(1うったえ1),
訶,,515,,180,5,12,+01620+,/he1,1カ1しかる1せめる1,
诃,訶,,515,180,5,7,+31720+,/he1,1カ1しかる1せめる1,
診,,515,,180,5,12,+08622+,/zhen3/zhen1,1シン1みる1うらなふ1(1うらなう1),
诊,診,,515,180,5,7,+38722+,/zhen3/zhen1,1シン1みる1うらなふ1(1うらなう1),
註,注,515,285,180,5,12,+00614+,/zhu4,1シユ1(1シュ1)1チユ1(1チュ1)1チユウ1(1チュウ1)1しるす1ときあかす1,
証,證,515,523,180,5,12,+01611+,/zheng4,1セイ1シヤウ1(1ショウ1)1いさめる1あかす1あかし1,
訾,,515,,180,5,12,+21601+22601+,/zi3,1シ1そしる1,
詁,故,515,211,180,5,12,+04660+,/gu3,1コ1とく1よみ1よむ1わけ1,
诂,詁,,515,180,5,7,+34760+,/gu3,1コ1とく1よみ1よむ1わけ1,
詆,,515,,180,5,12,+02640+,/di3,1テイ1タイ1そしる1なじる1あばく1あてる1しかる1しいる1はづかしめる1(1はずかしめる1),
诋,詆,,515,180,5,7,+32740+,/di3,1テイ1タイ1そしる1なじる1あばく1あてる1しかる1しいる1はづかしめる1(1はずかしめる1),
詈,,515,,180,5,12,+60601+,/li4,1リ1ののしる1,
詎,,515,,180,5,12,+01617+,/ju4,1キヨ1(1キョ1)1ゴ1なに1なんすれぞ1なんぞ1,
讵,詎,,515,180,5,7,+31717+,/ju4,1キヨ1(1キョ1)1ゴ1なに1なんすれぞ1なんぞ1,
詐,,515,,180,5,12,+08611+,/zha4,1サ1セ1いつはる1(1いつわる1)1あざむく1いつはり1(1いつわり1),
诈,詐,,515,180,5,7,+38711+,/zha4,1サ1セ1いつはる1(1いつわる1)1あざむく1いつはり1(1いつわり1),
詒,貽,515,532,180,5,12,+03660+,/yi2,1イ1おくる1のこす1あざむく1,
诒,詒,,515,180,5,7,+33760+,/yi2,1イ1おくる1のこす1あざむく1,
詔,,515,,180,5,12,+07662+,/zhao4,1セウ1(1ショウ1)1つげる1みことのり1,
诏,詔,,515,180,5,7,+37762+,/zhao4,1セウ1(1ショウ1)1つげる1みことのり1,
評,,515,,180,5,12,+01649+,/ping2,1ヘイ1ビヤウ1(1ビョウ1)1ヒヤウ1(1ヒョウ1)1あげつらふ1(1あげつらう1)1はかる1,
评,評,,515,180,5,7,+31749+,/ping2,1ヘイ1ビヤウ1(1ビョウ1)1ヒヤウ1(1ヒョウ1)1あげつらふ1(1あげつらう1)1はかる1,
詖,,515,,180,5,12,+04647+,/bi4,1ヒ1ビ1,
诐,詖,,515,180,5,7,+34747+,/bi4,1ヒ1ビ1,
詗,,516,,180,5,12,+07620+,/xiong4,1ケイ1キヤウ1(1キョウ1),
诇,詗,,516,180,5,7,+37720+,/xiong4,1ケイ1キヤウ1(1キョウ1),
詘,屈黜,516,132650,180,5,12,+02672+,/qu1,1クツ1クチ1かがむ1かがめる1しりぞける1まがる1まげる1,
诎,詘,,516,180,5,7,+32772+,/qu1,1クツ1クチ1かがむ1かがめる1しりぞける1まがる1まげる1,
詛,,516,,180,5,12,+07610+,/zu3,1シヨ1(1ショ1)1ソ1のろふ1(1のろう1)1のろひ1(1のろい1)1ちかふ1(1ちかう1)1ちかひ1(1ちかい1)1そしる1うらむ1,
诅,詛,,516,180,5,7,+37712+,/zu3,1シヨ1(1ショ1)1ソ1のろふ1(1のろう1)1のろひ1(1のろい1)1ちかふ1(1ちかう1)1ちかひ1(1ちかい1)1そしる1うらむ1,
詞,,516,,180,5,12,+07620+,/ci2,1シ1ジ1ことば1,
词,詞,,516,180,5,7,+37720+,/ci2,1シ1ジ1ことば1,
詠,,516,,180,5,12,+03632+03692+,/yong3,1エイ1ヤウ1(1ヨウ1)1よむ1うたふ1(1うたう1)1うた1ながめる1ながめ1,
诌,謅,,522,180,5,7,+37777+,/zou1,1サウ1(1ソウ1)1セウ1(1ショウ1),
証,證,,523,180,5,12,+01611+,/zheng4,1シヨウ1(1ショウ1)1あかし1あかす1,
证,證,,523,180,5,7,+31711+,/zheng4,1シヨウ1(1ショウ1)1あかし1あかす1,
识(1),識,,524,180,5,7,+36780+,/shi4,1シヨク1(1ショク1)1シキ1しる1,
识(2),識,,524,180,5,7,+36780+,/zhi4,1シ1しるす1しるし1,
译,譯,,524,180,5,7,+37754+,/yi4,1エキ1ヤク1とく1わけ1,
詟,讋,,525,180,5,12,+43601+,/zhe2,1セフ1(1ショウ1),
詡,,516,,180,6,13,+07620+,/xu3,1ク1うつくしい1なまめかしい1やはらぐ1(1やわらぐ1),
诩,詡,,516,180,6,8,+37720+,/xu3,1ク1うつくしい1なまめかしい1やはらぐ1(1やわらぐ1),
詢,,516,,180,6,13,+07620+,/xun2,1シユン1(1シュン1)1ジユン1(1ジュン1)1とふ1(1とう1)1はかる1まこと1,
询,詢,,516,180,6,8,+37720+,/xun2,1シユン1(1シュン1)1ジユン1(1ジュン1)1とふ1(1とう1)1はかる1まこと1,
詣,,516,,180,6,13,+01661+02661+,/yi4,1ゲイ1ガイ1ケイ1いたる1まうでる1(1もうでる1),
诣,詣,,516,180,6,8,+32761+31761+,/yi4,1ゲイ1ガイ1ケイ1いたる1まうでる1(1もうでる1),
試,,516,,180,6,13,+03640+,/shi4,1シ1こころみる1ためす1こころみ1もちゐる1(1もちひる1もちいる1),
试,試,,516,180,6,8,+33740+,/shi4,1シ1こころみる1ためす1こころみ1もちゐる1(1もちひる1もちいる1),
詧,察,516,,180,6,13,+27601+,/cha2,1サツ1サチ1あきらか1しる1みる1,
詩,,516,,180,6,13,+04641+,/shi1,1シ1うた1からうた1,
诗,詩,,516,180,6,8,+34741+,/shi1,1シ1うた1からうた1,
詫,,516,,180,6,13,+03614+,/cha4,1タ1テ1いぶかる1わびる1わび1かこつ1ほこる1,
诧,詫,,516,180,6,8,+33714+,/cha4,1タ1テ1いぶかる1わびる1わび1かこつ1ほこる1,
詬,,516,,180,6,13,+02661+,/gou4,1コウ1ク1そしる1ののしる1はぢ1(1はじ1)1はづかしめる1(1はずかしめる1),
诟,詬,,516,180,6,8,+32761+,/gou4,1コウ1ク1そしる1ののしる1はぢ1(1はじ1)1はづかしめる1(1はずかしめる1),
詭,,516,,180,6,13,+07612+,/gui3,1キ1せめる1いつはる1(1いつわる1)1たがふ1(1たがう1)1あざむく1あやしい1そむく1,
诡,詭,,516,180,6,8,+37712+,/gui3,1キ1せめる1いつはる1(1いつわる1)1たがふ1(1たがう1)1あざむく1あやしい1そむく1,
詮,,516,,180,6,13,+08614+,/quan2,1セン1とく1そなはる1(1そなわる1)1えらぶ1せんずる1しらべる1,
诠,詮,,516,180,6,8,+38714+,/quan2,1セン1とく1そなはる1(1そなわる1)1えらぶ1せんずる1しらべる1,
詰,,517,,180,6,13,+04661+,/jie2,1キツ1キチ1なじる1とふ1(1とう1)1つめる1つまる1つむ1つめ1つまり1,
诘,詰,,517,180,6,8,+34761+,/jie2,1キツ1キチ1なじる1とふ1(1とう1)1つめる1つまる1つむ1つめ1つまり1,
話,,517,,180,6,13,+02664+,/hua4,1クワ1(1カ1)1ゲ1クワイ1(1カイ1)1ヱ1(1エ1)1ワ1はなし1はなす1,
话,話,,517,180,6,8,+32764+,/hua4,1クワ1(1カ1)1ゲ1クワイ1(1カイ1)1ヱ1(1エ1)1ワ1はなし1はなす1,
該,,517,,180,6,13,+00682+,/gai1,1カイ1ガイ1かねる1そなはる1(1そなわる1)1その1,
该,該,,517,180,6,8,+30782+,/gai1,1カイ1ガイ1かねる1そなはる1(1そなわる1)1その1,
詳,,517,,180,6,13,+08651+,/xiang2,1シヤウ1(1ショウ1)1ザウ1(1ゾウ1)1くわしい1つまびらか1いつはる1(1いつわる1),
详,詳,,517,180,6,8,+38751+,/xiang2,1シヤウ1(1ショウ1)1ザウ1(1ゾウ1)1くわしい1つまびらか1いつはる1(1いつわる1),
詵,,517,,180,6,13,+04611+,/xin1,1シン1おほい1(1おおい1),
诜,詵,,517,180,6,8,+34712+,/xin1,1シン1おほい1(1おおい1),
詹,,517,,180,6,13,+27261+,/zhan1,1セン1,
詼,諧,517,520,180,6,13,+04689+,/hui1,1クワイ1(1カイ1)1ケ1たはむれる1(1たわむれる1)1たはむれ1(1たわむれ1)1あざける1おどける1,
诙,詼,,517,180,6,8,+37489+,/hui1,1クワイ1(1カイ1)1ケ1たはむれる1(1たわむれる1)1たはむれ1(1たわむれ1)1あざける1おどける1,
詿,,517,,180,6,13,+04614+,/gua4,1クワイ1(1カイ1)1ケ1,
诖,詿,,517,180,6,8,+34714+,/gua4,1クワイ1(1カイ1)1ケ1,
誂,,517,,180,6,13,+02613+,/diao3,1テウ1(1チョウ1)1デウ1(1ジョウ1)1いどむ1からかふ1(1からかう1)1あつらへる1(1あつらえる1)1あつらへ1(1あつらえ1),
誄,,517,,180,6,13,+05690+,/lei3,1ルヰ1(1ルイ1)1いのりごと1しのびごと1,
诔,誄,,517,180,6,8,+35790+,/lei3,1ルヰ1(1ルイ1)1いのりごと1しのびごと1,
誅,,517,,180,6,13,+05690+,/zhu1,1チユ1(1チュ1)1チユウ1(1チュウ1)1ころす1ほろぼす1せめる1うつ1のぞく1,
诛,誅,,517,180,6,8,+35790+,/zhu1,1チユ1(1チュ1)1チユウ1(1チュウ1)1ころす1ほろぼす1せめる1うつ1のぞく1,
誇,,517,,180,6,13,+04627+,/kua1,1クワ1(1カ1)1ケ1コ1ほこり1ほこる1,
诤(1),諍,,520,180,6,8,+37757+,/zheng1/zheng4,1サウ1(1ソウ1)1シヤウ1(1ショウ1)1いさめる1,
诤(2),諍,,520,180,6,8,+37757+,/zheng1/zheng4,1サウ1(1ソウ1)1シヤウ1(1ショウ1)1あらそふ1(1あらそう1)1うつたへる1(1うったえる1),
诨,諢,,520,180,6,8,+37754+,/hun4,1コン1たはむれる1(1たわむれる1)1たはむれ1(1たわむれ1)1おどけ1,
誉,譽,,525,180,6,13,+32601+,/yu4,1ヨ1ほまれ1ほめる1,
誆,誑,526,517,180,6,13,+01611+,/kuang2,1キヤウ1(1キョウ1)1カウ1(1コウ1)1たぶらかす1あざむく1だます1たらす1,
诓,誆,,526,180,6,8,+31711+,/kuang2,1キヤウ1(1キョウ1)1カウ1(1コウ1)1たぶらかす1あざむく1だます1たらす1,
詾,訩,526,514,180,6,13,+07620+,/xiong1,1キヨウ1(1キョウ1)1ク1さわぐ1わく1おそれる1,
誌,,517,,180,7,14,+04631+,/zhi4,1シ1しるす1しるし1,
認,,517,,180,7,14,+07632+,/ren4,1ジン1ニン1みとめる1みとめ1したためる1,
誑,,517,,180,7,14,+01614+,/kuang2,1キヤウ1(1キョウ1)1カウ1(1コウ1)1たぶらかす1あざむく1だます1たらす1,
诳,誑,,517,180,7,9,+31714+,/kuang2,1キヤウ1(1キョウ1)1カウ1(1コウ1)1たぶらかす1あざむく1だます1たらす1,
誓,,518,,180,7,14,+52601+,/shi4,1セイ1ゼイ1エイ1ちかひ1(1ちかい1)1ちかふ1(1ちかう1)1いましめる1,
誕,,518,,180,7,14,+02641+,/dan4,1タン1ダン1うまれる1いつはる1(1いつわる1)1いつはり1(1いつわり1)1おほきい1(1おおきい1)1ここに1ほしいまま1,
诞,誕,,518,180,7,9,+32741+,/dan4,1タン1ダン1うまれる1いつはる1(1いつわる1)1いつはり1(1いつわり1)1おほきい1(1おおきい1)1ここに1ほしいまま1,
誘,,518,,180,7,14,+02627+,/you4,1イウ1(1ユウ1)1ユ1いざなふ1(1いざなう1)1おびく1さそふ1(1さそう1)1みちびく1,
诱,誘,,518,180,7,9,+32727+,/you4,1イウ1(1ユウ1)1ユ1いざなふ1(1いざなう1)1おびく1さそふ1(1さそう1)1みちびく1,
誚,,518,,180,7,14,+09627+,/qiao4,1セウ1(1ショウ1)1ゼウ1(1ジョウ1)1せめる1そしる1しかる1,
诮,誚,,518,180,7,9,+39727+,/qiao4,1セウ1(1ショウ1)1ゼウ1(1ジョウ1)1せめる1そしる1しかる1,
語(1),,518,,180,7,14,+01661+,/yu3,1ギヨ1(1ギョ1)1ゴ1かたる1かたらふ1(1かたらう1)1ことば1,
語(2),,518,,180,7,14,+01661+,/yu4,1ギヨ1(1ギョ1)1ゴ1つげる1,
语(1),語,,518,180,7,9,+31761+,/yu3,1ギヨ1(1ギョ1)1ゴ1かたる1かたらふ1(1かたらう1)1ことば1,
语(2),語,,518,180,7,9,+31761+,/yu4,1ギヨ1(1ギョ1)1ゴ1つげる1,
誠,,518,,180,7,14,+03650+,/cheng2,1セイ1ジヤウ1(1ジョウ1)1まこと1まことに1,
诚,誠,,518,180,7,9,+33750+,/cheng2,1セイ1ジヤウ1(1ジョウ1)1まこと1まことに1,
誡,,518,,180,7,14,+03650+,/jie4,1カイ1ケ1いましめ1いましめる1,
诫,誡,,518,180,7,9,+33750+,/jie4,1カイ1ケ1いましめ1いましめる1,
誣,,518,,180,7,14,+01618+,/wu2/wu1,1フ1ム1ブ1しひる1(1しいる1)1あざむく1そしる1,
诬,誣,,518,180,7,9,+31718+,/wu2/wu1,1フ1ム1ブ1しひる1(1しいる1)1あざむく1そしる1,
誤,,518,,180,7,14,+06681+,/wu4,1ゴ1あやまる1あやまり1まどはす1(1まどわす1),
误,誤,,518,180,7,9,+36784+,/wu4,1ゴ1あやまる1あやまり1まどはす1(1まどわす1),
誥,,518,,180,7,14,+04661+,/gao4,1カウ1(1コウ1)1つげる1いましめ1ふれ1みことのり1,
诰,誥,,518,180,7,9,+34761+,/gao4,1カウ1(1コウ1)1つげる1いましめ1ふれ1みことのり1,
誦,,518,,180,7,14,+07627+,/song4,1シヨウ1(1ショウ1)1ジユ1(1ジュ1)1となへる1(1となえる1)1そらんずる1よむ1,
诵,誦,,518,180,7,9,+37727+,/song4,1シヨウ1(1ショウ1)1ジユ1(1ジュ1)1となへる1(1となえる1)1そらんずる1よむ1,
誨,,518,,180,7,14,+08657+,/hui4,1クワイ1(1カイ1)1ケ1をしへる1(1おしえる1)1をしへ1(1おしえ1),
诲,誨,,518,180,7,9,+38757+,/hui4,1クワイ1(1カイ1)1ケ1をしへる1(1おしえる1)1をしへ1(1おしえ1),
說(1),,518,,180,7,14,+08616+,/shuo1,1セツ1セチ1とく1,
說(2),悅,518,171,180,7,14,+08616+,/yue4,1エツ1エチ1よろこぶ1よろこばしい1,
說(3),,518,,180,7,14,+08616+,/shui3,1セイ1セ1ゼイ1,
説(1),說,,518,180,7,14,+08616+,/shuo1,1セツ1セチ1とく1,
説(2),說,,518,180,7,14,+08616+,/yue4,1エツ1エチ1よろこぶ1よろこばしい1,
説(3),說,,518,180,7,14,+08616+,/shui3,1セイ1セ1ゼイ1,
说(1),說,,518,180,7,9,+38712+,/shuo1,1セツ1セチ1とく1,
说(2),說,,518,180,7,9,+38712+,/yue4,1エツ1エチ1よろこぶ1よろこばしい1,
说(3),說,,518,180,7,9,+38712+,/shui3,1セイ1セ1ゼイ1,
诪,譸,,525,180,7,9,+35740+,/zhou1,1チウ1(1チュウ1)1チユ1(1チュ1),
読(1),讀,,525,180,7,14,+04612+,/du2,1トク1ドク1よむ1よみ1,
読(2),讀,,525,180,7,14,+04612+,/dou4,1トウ1ヅ1(1ズ1)1とまる1,
35521,話,526,517,180,7,14,+02664+,/hua4,1クワ1(1カ1)1ゲ1クワイ1(1カイ1)1ヱ1(1エ1)1ワ1はなし1はなす1,
誖,悖,526,171,180,7,14,+04647+,/bei4,1ハイ1バイ1もとる1みだれる1,
35528,誼,526,519,180,7,14,+03617+,/yi4/yi2,1ギ1よい1よしみ1はかる1すぢみち1(1すじみち1),
誰,,518,,180,8,15,+00614+,/shui2,1スヰ1(1スイ1)1ズヰ1(1ズイ1)1たれ1だれ1た1,
谁,誰,,518,180,8,10,+30715+,/shui2,1スヰ1(1スイ1)1ズヰ1(1ズイ1)1たれ1だれ1た1,
課,,519,,180,8,15,+06694+,/ke4,1クワ1(1カ1)1こころみる1はかる1わりあてる1,
课,課,,519,180,8,10,+36794+,/ke4,1クワ1(1カ1)1こころみる1はかる1わりあてる1,
誶,,519,,180,8,15,+00648+,/sui4,1スヰ1(1スイ1)1サイ1,
谇,誶,,519,180,8,10,+30748+,/sui4,1スヰ1(1スイ1)1サイ1,
誹,,519,,180,8,15,+01611+,/fei3,1ヒ1そしる1,
诽,誹,,519,180,8,10,+31711+,/fei3,1ヒ1そしる1,
誼,義,519,421,180,8,15,+03617+,/yi4/yi2,1ギ1よい1よしみ1はかる1すぢみち1(1すじみち1),
谊,誼,,519,180,8,10,+33712+,/yi4/yi2,1ギ1よい1よしみ1はかる1すぢみち1(1すじみち1),
誾,,519,,180,8,15,+77601+,/yin2,1ギン1ゴン1,
調(1),,519,,180,8,15,+07620+,/tiao2,1テウ1(1チョウ1)1デウ1(1ジョウ1)1ととのふ1(1ととのう1)1ととのへる1(1ととのえる1)1あざける1,
調(2),,519,,180,8,15,+07620+,/diao4,1テウ1(1チョウ1)1デウ1(1ジョウ1)1しらべる1しらべ1つき1みつぎ1やはらぐ1(1やわらぐ1),
调(1),調,,519,180,8,10,+37720+,/tiao2,1テウ1(1チョウ1)1デウ1(1ジョウ1)1ととのふ1(1ととのう1)1ととのへる1(1ととのえる1)1あざける1,
调(2),調,,519,180,8,10,+37720+,/diao4,1テウ1(1チョウ1)1デウ1(1ジョウ1)1しらべる1しらべ1つき1みつぎ1やはらぐ1(1やわらぐ1),
諂,,519,,180,8,15,+07677+,/chan3,1テン1おもねる1こびる1へつらふ1(1へつらう1),
谄,諂,,519,180,8,10,+37777+,/chan3,1テン1おもねる1こびる1へつらふ1(1へつらう1),
諄,,519,,180,8,15,+00647+,/zhun1,1シユン1(1シュン1)1ジユン1(1ジュン1)1ねんごろ1あつい1くどい1くどくど1まこと1,
谆,諄,,519,180,8,10,+30747+,/zhun1,1シユン1(1シュン1)1ジユン1(1ジュン1)1ねんごろ1あつい1くどい1くどくど1まこと1,
談,,519,,180,8,15,+09689+,/tan2,1タン1ダン1かたる1,
谈,談,,519,180,8,10,+39789+,/tan2,1タン1ダン1かたる1,
諉,,519,,180,8,15,+02644+,/wei3,1ヂ1(1ジ1)1ニ1ズヰ1(1ズイ1)1ヌイ1,
诿,諉,,519,180,8,10,+32744+,/wei3,1ヂ1(1ジ1)1ニ1ズヰ1(1ズイ1)1ヌイ1,
請(1),,519,,180,8,15,+05627+,/qing3,1セイ1シヤウ1(1ショウ1)1シン1こふ1(1こう1),
請(2),,519,,180,8,15,+05627+,/qing3,1セイ1ジヤウ1(1ジョウ1)1うける1,
请(1),請,,519,180,8,10,+35727+,/qing3,1セイ1シヤウ1(1ショウ1)1シン1こふ1(1こう1),
请(2),請,,519,180,8,10,+35727+,/qing3,1セイ1ジヤウ1(1ジョウ1)1うける1,
諍(1),,520,,180,8,15,+02657+,/zheng1/zheng4,1サウ1(1ソウ1)1シヤウ1(1ショウ1)1いさめる1,
諍(2),爭,520,320,180,8,15,+02657+,/zheng1/zheng4,1サウ1(1ソウ1)1シヤウ1(1ショウ1)1あらそふ1(1あらそう1)1うつたへる1(1うったえる1),
諏,,520,,180,8,15,+01647+,/zou1,1ス1シユ1(1シュ1)1ソウ1はかる1とふ1(1とう1)1えらぶ1,
诹,諏,,520,180,8,10,+37740+,/zou1,1ス1シユ1(1シュ1)1ソウ1はかる1とふ1(1とう1)1えらぶ1,
諑,,520,,180,8,15,+01632+,/zhuo2,1タク1,
诼,諑,,520,180,8,10,+31732+,/zhuo2,1タク1,
諒,,520,,180,8,15,+00696+,/liang4,1リヤウ1(1リョウ1)1まこと1まことに1あきらか1おもひやる1(1おもいやる1)1さとる1,
谅,諒,,520,180,8,10,+30796+,/liang4,1リヤウ1(1リョウ1)1まこと1まことに1あきらか1おもひやる1(1おもいやる1)1さとる1,
論,,520,,180,8,15,+08627+,/lun4/lun2,1ロン1とく1あげつらふ1(1あげつらう1),
諗,,520,,180,8,15,+08632+,/shen3,1シン1つげる1,
谂,諗,,520,180,8,10,+38732+,/shen3,1シン1つげる1,
读(1),讀,,525,180,8,10,+34784+,/du2,1トク1ドク1よむ1よみ1,
读(2),讀,,525,180,8,10,+34784+,/dou4,1トウ1ヅ1(1ズ1)1とまる1,
諐,愆,526,174,180,8,15,+26601+,/qian1,1ケン1あやまち1あやまる1,
諩,譜,526,524,180,8,15,+08617+,/pu3,1ホ1フ1しるす1つづく1,
35665,謗,526,522,180,8,15,+01627+,/bang4,1ハウ1(1ホウ1)1バウ1(1ボウ1)1そしる1そしり1うらむ1,
諌,諫,,521,180,8,15,+05696+,/jian4,1カン1ケン1いさめ1(1いさめる1),
諛,,520,,180,9,16,+07637+,/yu2,1ユ1へつらふ1(1へつらう1)1へつらひ1(1へつらい1),
谀,諛,,520,180,9,11,+37787+,/yu2,1ユ1へつらふ1(1へつらう1)1へつらひ1(1へつらい1),
諜,,520,,180,9,16,+04694+,/die2,1テフ1(1チョウ1)1デフ1(1ジョウ1)1うかがふ1(1うかがう1)1さぐる1ふだ1,
谍,諜,,520,180,9,11,+34794+,/die2,1テフ1(1チョウ1)1デフ1(1ジョウ1)1うかがふ1(1うかがう1)1さぐる1ふだ1,
諞,,520,,180,9,16,+03627+,/pian2,1ヘン1ベン1へつらふ1(1へつらう1),
谝,諞,,520,180,9,11,+33727+,/pian2,1ヘン1ベン1へつらふ1(1へつらう1),
諟,是,520,224,180,9,16,+06681+,/shi4,1シ1ジ1をさめる1(1おさめる1)1この1ただす1,
諠,諼,520,521,180,9,16,+03616+,/xuan1,1ケン1クワン1(1カン1)1かまびすしい1やかましい1わすれる1,
諡,,520,,180,9,16,+08617+,/shi4,1シ1おくりな1よびな1,
諢,,520,,180,9,16,+07656+,/hun4,1コン1たはむれる1(1たわむれる1)1たはむれ1(1たわむれ1)1おどけ1,
諤,,520,,180,9,16,+06627+,/e4,1ガク1いふ1(1いう1),
谔,諤,,520,180,9,11,+36727+,/e4,1ガク1いふ1(1いう1),
諦,,520,,180,9,16,+00627+,/di4,1テイ1タイ1つまびらか1あきらか1まこと1あきらめる1,
谛,諦,,520,180,9,11,+30727+,/di4,1テイ1タイ1つまびらか1あきらか1まこと1あきらめる1,
諧,,520,,180,9,16,+01661+02661+,/xie2,1カイ1ガイ1かなふ1(1かなう1)1やはらぐ1(1やわらぐ1)1やはらげる1(1やわらげる1)1ととのへる1(1ととのえる1)1たはむれ1(1たわむれ1),
谐,諧,,520,180,9,11,+32762+31761+,/xie2,1カイ1ガイ1かなふ1(1かなう1)1やはらぐ1(1やわらぐ1)1やはらげる1(1やわらげる1)1ととのへる1(1ととのえる1)1たはむれ1(1たわむれ1),
諫,,521,,180,9,16,+05696+,/jian4,1カン1ケン1いさめ1(1いさめる1),
谏,諫,,521,180,9,11,+35796+,/jian4,1カン1ケン1いさめ1(1いさめる1),
諭,,521,,180,9,16,+08621+,/yu4,1ユ1さとす1さとる1さとし1たとへる1(1たとえる1)1たとへ1(1たとえ1),
谕,諭,,521,180,9,11,+38721+,/yu4,1ユ1さとす1さとる1さとし1たとへる1(1たとえる1)1たとへ1(1たとえ1),
諮,,521,,180,9,16,+07668+,/zi1,1シ1はかる1とふ1(1とう1),
谘,諮,,521,180,9,11,+37768+,/zi1,1シ1はかる1とふ1(1とう1),
諱,,521,,180,9,16,+04656+,/hui4,1キ1いむ1いみな1はばかる1,
諳,,521,,180,9,16,+00661+,/an1,1アン1オン1そらんずる1さとる1,
谙,諳,,521,180,9,11,+30761+,/an1,1アン1オン1そらんずる1さとる1,
諶,,521,,180,9,16,+04611+,/chen2,1シン1ジン1まこと1まことに1,
谌,諶,,521,180,9,11,+34718+,/chen2,1シン1ジン1まこと1まことに1,
諷,,521,,180,9,16,+07610+,/feng4/feng1,1フウ1フ1うたふ1(1うたう1)1そらんじる1そらんずる1あてこする1ほのめかす1いさめる1,
諸,,521,,180,9,16,+04660+,/zhu1,1シヨ1(1ショ1)1これ1もろもろ1もろ1,
诸,諸,,521,180,9,11,+34760+,/zhu1,1シヨ1(1ショ1)1これ1もろもろ1もろ1,
諺,,521,,180,9,16,+00622+,/yan4,1ゲン1ことわざ1,
谚,諺,,521,180,9,11,+30722+,/yan4,1ゲン1ことわざ1,
諼,萱,521,463,180,9,16,+02647+,/xuan1,1ケン1クワン1(1カン1)1いつはる1(1いつわる1)1わすれる1,
谖,諼,,521,180,9,11,+32747+,/xuan1,1ケン1クワン1(1カン1)1いつはる1(1いつわる1)1わすれる1,
諾,,521,,180,9,16,+04664+,/nuo4,1ダク1ナク1うべなふ1(1うべなう1)1うけがふ1(1うけがう1),
诺,諾,,521,180,9,11,+34764+,/nuo4,1ダク1ナク1うべなふ1(1うべなう1)1うけがふ1(1うけがう1),
謀,,521,,180,9,16,+04694+,/mou2,1ボウ1ム1はかる1はかりごと1もとめる1,
谋,謀,,521,180,9,11,+34794+,/mou2,1ボウ1ム1はかる1はかりごと1もとめる1,
謁,,522,,180,9,16,+06627+,/ye4,1エツ1エチ1まみえる1つげる1,
谒,謁,,522,180,9,11,+36727+,/ye4,1エツ1エチ1まみえる1つげる1,
謂,,522,,180,9,16,+06627+,/wei4,1ヰ1(1イ1)1いふ1(1いう1)1おもふ1(1おもう1)1いひ1(1いい1)1いはれ1(1いわれ1),
谓,謂,,522,180,9,11,+36727+,/wei4,1ヰ1(1イ1)1いふ1(1いう1)1おもふ1(1おもう1)1いひ1(1いい1)1いはれ1(1いわれ1),
谗,讒,,525,180,9,11,+37733+,/chan2,1サン1ザン1そしる1つげぐち1へつらふ1(1へつらう1)1よこしま1,
35779,諄,526,519,180,9,16,+00647+,/zhun1,1シユン1(1シュン1)1ジユン1(1ジュン1)1ねんごろ1あつい1くどい1くどくど1まこと1,
謄,,522,,180,10,17,+79261+,/teng2,1トウ1ドウ1うつす1,
謊,,522,,180,10,17,+04611+,/huang3,1クワウ1(1コウ1)1ねごと1,
謅,,522,,180,10,17,+07627+,/zou1,1サウ1(1ソウ1)1セウ1(1ショウ1),
謆,,522,,180,10,17,+03627+,/shan4,1セン1,
謇,,522,,180,10,17,+30601+,/jian3,1ケン1どもる1,
謎,,522,,180,10,17,+09639+,/mei4/mi2,1ベイ1マイ1メイ1なぞ1,
谜,謎,,522,180,10,12,+39739+,/mei4/mi2,1ベイ1マイ1メイ1なぞ1,
謏(1),,522,,180,10,17,+07647+,/xiao3,1セウ1(1ショウ1)1シユウ1(1シュウ1),
謏(2),,522,,180,10,17,+07647+,/xiao3,1ソウ1ス1,
謐,,522,,180,10,17,+03617+,/mi4,1ビツ1ミツ1ヒツ1しづか1(1しずか1)1やすらか1,
谧,謐,,522,180,10,12,+33712+,/mi4,1ビツ1ミツ1ヒツ1しづか1(1しずか1)1やすらか1,
謔,,522,,180,10,17,+01614+,/nve4,1キヤク1(1キャク1)1カク1ギヤク1(1ギャク1)1たはむれる1(1たわむれる1)1たはむれ1(1たわむれ1)1ふざける1,
谑,謔,,522,180,10,12,+31714+,/nve4,1キヤク1(1キャク1)1カク1ギヤク1(1ギャク1)1たはむれる1(1たわむれる1)1たはむれ1(1たわむれ1)1ふざける1,
謖,,522,,180,10,17,+06647+,/su4,1シユク1(1シュク1)1シヨク1(1ショク1)1たつ1おきあがる1,
谡,謖,,522,180,10,12,+36747+,/su4,1シユク1(1シュク1)1シヨク1(1ショク1)1たつ1おきあがる1,
謗,,522,,180,10,17,+00627+,/bang4,1ハウ1(1ホウ1)1バウ1(1ボウ1)1そしる1そしり1うらむ1,
谤,謗,,522,180,10,12,+30727+,/bang4,1ハウ1(1ホウ1)1バウ1(1ボウ1)1そしる1そしり1うらむ1,
謙,,522,,180,10,17,+08637+,/qian1,1ケン1へりくだる1,
谦,謙,,522,180,10,12,+38737+,/qian1,1ケン1へりくだる1,
講,,522,,180,10,17,+05657+,/jiang3,1カウ1(1コウ1),
謝,,522,,180,10,17,+04600+,/xie4,1シヤ1(1シャ1)1ジヤ1(1ジャ1)1あやまる1ことわる1さる1つげる1,
谢,謝,,522,180,10,12,+34700+,/xie4,1シヤ1(1シャ1)1ジヤ1(1ジャ1)1あやまる1ことわる1さる1つげる1,
謠,,523,,180,10,17,+07672+,/yao2,1エウ1(1ヨウ1)1うたふ1(1うたう1)1うたひ1(1うたい1)1うた1,
谣,謠,,523,180,10,12,+32772+,/yao2,1エウ1(1ヨウ1)1うたふ1(1うたう1)1うたひ1(1うたい1)1うた1,
谠,讜,,526,180,10,12,+39712+,/dang3,1タウ1(1トウ1),
謌,歌,526,267,180,10,17,+01621+,/ge1,1カ1うた1うたふ1(1うたう1),
謚,諡,526,520,180,10,17,+08617+,/shi4,1シ1おくりな1よびな1,
谥,諡謚,,520526,180,10,12,+38712+,/shi4,1シ1おくりな1よびな1,
謦,,523,,180,11,18,+47601+,/jing4,1ケイ1キヤウ1(1キョウ1),
謨,,523,,180,11,18,+04634+,/mo2,1ボ1モ1はかりごと1はかる1,
谟,謨,,523,180,11,13,+34784+,/mo2,1ボ1モ1はかりごと1はかる1,
謫,,523,,180,11,18,+00627+,/zhe2,1タク1チヤク1(1チャク1)1せめる1つみ1とが1ながす1,
谪,謫,,523,180,11,13,+30727+,/zhe2,1タク1チヤク1(1チャク1)1せめる1つみ1とが1ながす1,
謬,,523,,180,11,18,+07622+,/miu4/niu4,1ビウ1(1ビュウ1)1ミウ1(1ミュウ1)1ベウ1(1ビョウ1)1あやまる1あやまり1あざむく1,
谬,謬,,523,180,11,13,+37722+,/miu4/niu4,1ビウ1(1ビュウ1)1ミウ1(1ミュウ1)1ベウ1(1ビョウ1)1あやまる1あやまり1あざむく1,
謳,,523,,180,11,18,+01616+,/ou1,1オウ1ウ1うたふ1(1うたう1)1うた1,
謷,,523,,180,11,18,+48601+,/ao2,1ガウ1(1ゴウ1),
謹,,523,,180,11,18,+04614+,/jin3,1キン1コン1つつしむ1,
謻,,523,,180,11,18,+07627+,/yi2,1イ1,
謾,,523,,180,11,18,+06647+,/man2/man4,1バン1マン1あざむく1あなどる1おこたる1,
谩,謾,,523,180,11,13,+36747+,/man2/man4,1バン1マン1あざむく1あなどる1おこたる1,
谫,譾,,525,180,11,13,+38727+,/jian3,1セン1,
謼,呼,526,069,180,11,18,+01649+,/hu1/hu2,1コ1よぶ1,
謯,詛,526,516,180,11,18,+01617+,/zu3,1シヨ1(1ショ1)1ソ1のろふ1(1のろう1)1のろひ1(1のろい1)1ちかふ1(1ちかう1)1ちかひ1(1ちかい1)1そしる1うらむ1,
譁,,523,,180,12,19,+04654+,/hua2,1クワ1(1カ1)1ケ1かまびすしい1やかましい1,
譅,,523,,180,12,19,+07611+,/se4,1シフ1(1シュウ1),
譆,,523,,180,12,19,+04661+,/xi1,1キ1ああ1あつい1,
譈,,523,,180,12,19,+08640+,/dui4,1タイ1ダイ1,
證,症,523,348,180,12,19,+02618+,/zheng4,1シヨウ1(1ショウ1)1あかし1あかす1,
譎,,524,,180,12,19,+07627+,/jue2,1ケツ1ケチ1キツ1いつはる1(1いつわる1)1あやしい1いつはり1(1いつわり1)1とほまわし1(1とおまわし1),
谲,譎,,524,180,12,14,+37727+,/jue2,1ケツ1ケチ1キツ1いつはる1(1いつわる1)1あやしい1いつはり1(1いつわり1)1とほまわし1(1とおまわし1),
譏,,524,,180,12,19,+02653+,/ji1,1キ1ケ1せめる1そしる1とがめる1,
譖,,524,,180,12,19,+05661+,/zen4,1シン1ソン1いつはる1(1いつわる1)1うつたへる1(1うったえる1)1そしる1そしり1,
谮,譖,,524,180,12,14,+31761+,/zen4,1シン1ソン1いつはる1(1いつわる1)1うつたへる1(1うったえる1)1そしる1そしり1,
識(1),,524,,180,12,19,+03650+,/shi4,1シヨク1(1ショク1)1シキ1しる1,
識(2),,524,,180,12,19,+03650+,/zhi4,1シ1しるす1しるし1,
譙(1),誚,524,518,180,12,19,+00631+,/jiao4,1セウ1(1ショウ1)1ゼウ1(1ジョウ1)1しかる1せめる1,
譙(2),,524,,180,12,19,+00631+,/qiao2,1セウ1(1ショウ1)1ゼウ1(1ジョウ1)1たかどの1ものみやぐら1,
谯(1),譙,,524,180,12,14,+30731+,/jiao4,1セウ1(1ショウ1)1ゼウ1(1ジョウ1)1しかる1せめる1,
谯(2),譙,,524,180,12,14,+30731+,/qiao2,1セウ1(1ショウ1)1ゼウ1(1ジョウ1)1たかどの1ものみやぐら1,
譚,談,524,519,180,12,19,+01646+,/tan2,1タン1ダン1ふかい1かたる1はなし1ものがたり1,
谭,譚,,524,180,12,14,+31746+,/tan2,1タン1ダン1ふかい1かたる1はなし1ものがたり1,
譜,,524,,180,12,19,+08661+,/pu3,1ホ1フ1しるす1つづく1,
谱,譜,,524,180,12,14,+38761+,/pu3,1ホ1フ1しるす1つづく1,
谰,讕,,526,180,12,14,+37720+,/lan2,1ラン1,
譛,譖,526,524,180,12,19,+05663+,/zen4,1シン1ソン1いつはる1(1いつわる1)1うつたへる1(1うったえる1)1そしる1そしり1,
譔,撰,526,205,180,12,19,+07681+,/zhuan4,1サン1セン1,
譍,應,523,179,180,13,20,+00261+,/ying4,1ヨウ1オウ1,
譟,,524,,180,13,20,+06694+,/zao4,1サウ1(1ソウ1)1さわぐ1さわがしい1,
警,,524,,180,13,20,+48601+,/jing3,1ケイ1キヤウ1(1キョウ1)1いましめる1いましめ1,
譫,,524,,180,13,20,+07661+,/zhan1,1セン1たはごと1(1たわごと1),
谵,譫,,524,180,13,15,+37761+,/zhan1,1セン1たはごと1(1たわごと1),
譬,,524,,180,13,20,+70601+,/pi4,1ヒ1たとへる1(1たとえる1)1たとへ1(1たとえ1)1さとす1,
譯,,524,,180,13,20,+06641+,/yi4,1エキ1ヤク1とく1わけ1,
議,,524,,180,13,20,+08653+,/yi4,1ギ1はかる1,
谴,譴,,524,180,13,15,+35737+,/qian3,1ケン1せめる1せめ1つみ1とがめ1とがめる1,
譲,讓,,525,180,13,20,+00632+,/rang4,1ジヤウ1(1ジョウ1)1ニヤウ1(1ニョウ1)1ゆずる1せめる1,
谳,讞,,526,180,13,15,+33784+,/yan4,1ゲン1ゲツ1ゲチ1,
譱(1),善,526,076,180,13,20,+80661+,/shan3,1セン1ゼン1よい1,
譱(2),善,526,076,180,13,20,+80661+,/shan4,1セン1ゼン1よみする1,
譴,,524,,180,14,21,+05637+,/qian3,1ケン1せめる1せめ1つみ1とがめ1とがめる1,
護,,525,,180,14,21,+04647+,/hu4,1コ1ゴ1まもる1まもり1,
譸,,525,,180,14,21,+04641+,/zhou1,1チウ1(1チュウ1)1チユ1(1チュ1),
譽,,525,,180,14,21,+77601+,/yu4,1ヨ1ほまれ1ほめる1,
譾,,525,,180,15,22,+08627+,/jian3,1セン1,
讀(1),,525,,180,15,22,+04686+,/du2,1トク1ドク1よむ1よみ1,
讀(2),,525,,180,15,22,+04686+,/dou4,1トウ1ヅ1(1ズ1)1とまる1,
讅,審,525,,180,15,22,+03669+,/shen3,1シン1つまびらか1まことに1,
讃,讚,,526,180,15,22,+05686+,/zan4,1サン1たすける1たたへる1(1たたえる1)1ほめる1,
36109,讖,526,526,180,15,22,+03650+,/chan4,1シン1ソン1しるし1しらせ1,
讁,謫,526,523,180,15,22,+00632+,/zhe2,1タク1チヤク1(1チャク1)1せめる1つみ1とが1ながす1,
變,,525,,180,16,23,+22408+,/bian1,1ヘン1かはる1(1かわる1)1かへる1(1かえる1),
讋,,525,,180,16,23,+01601+,/zhe2,1セフ1(1ショウ1),
讌,,525,,180,16,23,+04631+,/yan4,1エン1さかもり1くつろぐ1,
讎,,525,,180,16,23,+20214+,/chou2,1シウ1(1シュウ1)1ジユ1(1ジュ1)1こたへる1(1こたえる1)1むくいる1ともがら1あだ1,
雠,讎,,525,180,16,18,+20215+,/chou2,1シウ1(1シュウ1)1ジユ1(1ジュ1)1こたへる1(1こたえる1)1むくいる1ともがら1あだ1,
讒,,525,,180,17,24,+07616+,/chan2,1サン1ザン1そしる1つげぐち1へつらふ1(1へつらう1)1よこしま1,
讓,,525,,180,17,24,+00632+,/rang4,1ジヤウ1(1ジョウ1)1ニヤウ1(1ニョウ1)1ゆずる1せめる1,
讕,,526,,180,17,24,+07620+,/lan2,1ラン1,
讖,,526,,180,17,24,+03650+,/chan4,1シン1ソン1しるし1しらせ1,
谶,讖,,526,180,17,19,+33750+,/chan4,1シン1ソン1しるし1しらせ1,
讙,歡,526,268,180,18,25,+04614+,/huan1,1クワン1(1カン1)1かまびすしい1やかましい1よろこぶ1,
讚,,526,,180,19,26,+04686+,/zan4,1サン1たすける1たたへる1(1たたえる1)1ほめる1,
讜,,526,,180,20,27,+09631+,/dang3,1タウ1(1トウ1),
讞,,526,,180,20,27,+03634+,/yan4,1ゲン1ゲツ1ゲチ1,
讟,,526,,180,22,29,+00661+,/du2,1トク1ドク1そしる1,
谷(1),,526,,181,0,7,+80608+,/gu3,1コク1たに1きはまる1(1きわまる1)1きはめる1(1きわめる1)1やしなふ1(1やしなう1),
谷(2),,526,,181,0,7,+80608+,/lu3,1ロク1,
谷(3),,526,,181,0,7,+80608+,/yu4,1ヨク1,
谿,溪,526,298,181,10,17,+28468+,/xi1,1ケイ1カイ1たに1たにがは1(1たにがわ1),
豀,,526,,181,10,17,+82634+,/xi1,1ケイ1ガイ1,
豁,,527,,181,10,17,+38668+,/huo4/huo1,1クワツ1(1カツ1)1クワチ1(1カチ1)1ひらく1ひらける1ひろい1むなしい1,
豆,,527,,182,0,7,+10108+,/dou4,1トウ1ヅ1(1ズ1)1たかつき1まめ1,
豇,,527,,182,3,10,+11110+,/jiang1,1カウ1(1コウ1)1ささげ1,
豈(1),,527,,182,3,10,+22108+,/qi3,1キ1ケ1あに1,
豈(2),凱,527,038,182,3,10,+22108+,/kai3,1カイ1ケ1ガイ1やはらぐ1(1やわらぐ1),
豈(3),愷,527,175,182,3,10,+22108+,/kai3,1カイ1ケ1ガイ1たのしむ1,
豉,,527,,182,4,11,+14147+,/shi4/chi3,1シ1ジ1みづすまし1(1みずすまし1),
豋,,527,,182,6,13,+27108+,/deng1,1トウ1,
豊,豐,,527,182,6,13,+55108+,/feng1,1フウ1フ1ホウ1ブ1ゆたか1とよ1,
豌,,527,,182,8,15,+13112+,/wan1,1ワン1ヱン1(1エン1),
豎,,527,,182,8,15,+77108+,/shu4,1シユ1(1シュ1)1ジユ1(1ジュ1)1たつ1たてる1たて1こども1こもの1,
豐,,527,,182,11,18,+22108+,/feng1,1フウ1フ1ホウ1ブ1ゆたか1とよ1,
豒,秩,528,375,182,18,25,+58127+,/zhi4,1チツ1ヂツ1(1ジツ1)1ふち1ついで1,
豔,,527,,182,21,28,+24117+,/yan4,1エン1あでやか1いろ1うつくしい1うらやむ1つや1なまめかしい1みめよい1,
豕,,528,,183,0,7,+10232+,/shi3,1シ1ゐ1(1い1)1ゐのこ1(1いのこ1)1ぶた1,
豗,,528,,183,3,10,+11213+,/hui1,1クワイ1(1カイ1)1ケ1,
豚,,528,,183,4,11,+71232+,/tun2,1トン1ドン1ぶた1,
豝,羓,528,421,183,4,11,+17217+,/ba1,1ハ1ヘ1,
象,像,528,027,183,5,12,+27232+,/xiang4,1シヤウ1(1ショウ1)1ザウ1(1ゾウ1)1かたち1かた1かたどる1のり1,
豢,,528,,183,6,13,+90232+,/huan4,1クワン1(1カン1)1ゲン1かふ1(1かう1)1やしなふ1(1やしなう1),
豨,,528,,183,7,14,+14227+,/xi1,1キ1ケ1,
豪,毫,528,274,183,7,14,+00232+,/hao2,1カウ1(1コウ1)1ガウ1(1ゴウ1)1やまあらし1えらい1つよい1すぐれる1をさ1(1おさ1)1かしら1,
豫,,528,,183,9,16,+17232+,/yu4,1ヨ1あらかじめ1かねて1あづかる1(1あずかる1)1あづける1(1あずける1)1ゆるす1,
豬,,528,,183,9,16,+14260+,/zhu1,1チヨ1(1チョ1)1ゐ1(1い1)1ゐのこ1(1いのこ1)1ゐのしし1(1いのしし1),
豳,,528,,183,10,17,+22770+,/bin1,1ヒン1まだら1,
豷,,528,,183,12,19,+14218+,/yi4,1エイ1,
36488,貛,528,529,183,18,25,+14214+,/huan1,1クワン1(1カン1)1グワン1(1ガン1)1まみ1,
豸(1),,529,,184,0,7,+20222+,/zhi4,1チ1むじな1,
豸(2),廌,529,151,184,0,7,+20222+,/chai3,1タイ1デ1,
豹,,529,,184,3,10,+27220+,/bao4,1ハウ1(1ホウ1)1ヘウ1(1ヒョウ1),
豺,,529,,184,3,10,+24200+,/chai2,1サイ1ザイ1やまいぬ1,
豻,犴,530,325,184,3,10,+21240+,/an4,1カン1ガン1,
貂,,529,,184,5,12,+27262+,/diao1,1テウ1(1チョウ1)1てん1,
貅,貔,529,529,184,6,13,+24290+,/xiu1,1キウ1(1キュウ1)1ク1,
貉(1),,529,,184,6,13,+27264+,/he2/hao2,1カク1ガク1むじな1,
貉(2),貊,529,529,184,6,13,+27264+,/mo4,1バク1ミヤク1(1ミャク1),
貊,,529,,184,6,13,+21260+,/mo4,1バク1ミヤク1(1ミャク1)1えびす1,
貌(1),,529,,184,7,14,+26210+,/mao4,1バウ1(1ボウ1)1メウ1(1ミョウ1)1かほ1(1かお1)1かたち1すがた1,
貌(2),,529,,184,7,14,+26210+,/mao4,1バク1マク1かたどる1,
貍,狸,529,327,184,7,14,+26214+,/li2,1リ1たぬき1ねこ1むじな1,
貓,猫,529,328,184,9,16,+24260+,/mao1,1ベウ1(1ビョウ1)1メウ1(1ミョウ1)1ねこ1,
貔,,529,,184,10,17,+26211+,/pi2,1ヒ1ビ1,
貛,,529,,184,18,25,+24214+,/huan1,1クワン1(1カン1)1グワン1(1ガン1)1まみ1,
貝,,530,,185,0,7,+60800+,/bei4,1ハイ1バイ1かひ1(1かい1),
贝,貝,,530,185,0,4,+77802+,/bei4,1ハイ1バイ1かひ1(1かい1),
貞,,530,,185,2,9,+21806+,/zheng1,1テイ1チヤウ1(1チョウ1)1ヂヤウ1(1ジョウ1)1ただしい1とふ1(1とう1)1きく1さだ1,
贞,貞,,530,185,2,6,+21802+,/zheng1,1テイ1チヤウ1(1チョウ1)1ヂヤウ1(1ジョウ1)1ただしい1とふ1(1とう1)1きく1さだ1,
負,,530,,185,2,9,+27806+,/fu4,1フウ1ブ1フ1たのむ1おふ1(1おう1)1そむく1まける1まかす1まけ1,
负,負,,530,185,2,6,+27802+,/fu4,1フウ1ブ1フ1たのむ1おふ1(1おう1)1そむく1まける1まかす1まけ1,
貟,員,536,072,185,2,9,+23806+,/yuan2,1ヱン1(1エン1)1ヰン1(1イン1)1かず1,
贠,貟員,,536072,185,2,6,+23802+,/yuan2,1ヱン1(1エン1)1ヰン1(1イン1)1かず1,
財,,530,,185,3,10,+64800+,/cai2,1サイ1ザイ1たから1わづか1(1わずか1)1わづかに1(1わずかに1),
财,財,,530,185,3,7,+74800+,/cai2,1サイ1ザイ1たから1わづか1(1わずか1)1わづかに1(1わずかに1),
貢,,530,,185,3,10,+10806+,/gong4,1コウ1ク1みつぐ1みつぎ1みつぎもの1,
贡,貢,,530,185,3,7,+10802+,/gong4,1コウ1ク1みつぐ1みつぎ1みつぎもの1,
貤(1),,530,,185,3,10,+64812+,/yi2,1イ1シ1ジ1,
貤(2),,530,,185,3,10,+64812+,/yi2,1イ1,
貧,,530,,185,4,11,+80806+,/pin2,1ヒン1ビン1まづしい1(1まずしい1),
贫,貧,,530,185,4,8,+80802+,/pin2,1ヒン1ビン1まづしい1(1まずしい1),
貨,,530,,185,4,11,+24806+,/huo4,1クワ1(1カ1)1たから1たから1まいない1,
货,貨,,530,185,4,8,+24802+,/huo4,1クワ1(1カ1)1たから1たから1まいない1,
販,,531,,185,4,11,+61847+62847+,/fan4,1ハン1ひさぐ1あきなふ1(1あきなう1)1あきなひ1(1あきない1),
贩,販,,531,185,4,8,+72847+,/fan4,1ハン1ひさぐ1あきなふ1(1あきなう1)1あきなひ1(1あきない1),
貪,,531,,185,4,11,+80806+,/tan1,1タン1トン1ドン1むさぼる1よくばる1,
贪,貪,,531,185,4,8,+80802+,/tan1,1タン1トン1ドン1むさぼる1よくばる1,
貫,,531,,185,4,11,+77806+,/guan4,1クワン1(1カン1)1つらぬく1なれる1ひく1,
贯,貫,,531,185,4,8,+77802+,/guan4,1クワン1(1カン1)1つらぬく1なれる1ひく1,
責(1),,531,,185,4,11,+50806+,/ze2,1サク1シヤク1(1シャク1)1セキ1せめる1せめ1,
責(2),債,531,026,185,4,11,+50806+,/zhai4,1サイ1セ1,
责(1),責,,531,185,4,8,+50802+,/ze2,1サク1シヤク1(1シャク1)1セキ1せめる1せめ1,
责(2),責,,531,185,4,8,+50802+,/zhai4,1サイ1セ1,
贮,貯,,531,185,4,8,+73812+,/zhu3,1チヨ1(1チョ1)1ト1たくはへる1(1たくわえる1)1たくはへ1(1たくわえ1),
贤,賢,,534,185,4,8,+27802+,/xian2,1ケン1ゲン1かしこい1まさる1さかしい1,
质(1),質貭,,535536,185,4,8,+72282+,/zhi2,1シツ1シチ1もと1しろ1たち1ただす1,
质(2),質貭,,535536,185,4,8,+72282+,/zhi4,1チ1,
账,賬,,535,185,4,8,+72834+,/zhang4,1チヤウ1(1チョウ1),
购,購,,535,185,4,8,+77820+,/gou4,1コウ1ク1あがなふ1(1あがなう1),
貭(1),質,536,535,185,4,11,+72286+,/zhi2,1シツ1シチ1もと1しろ1たち1ただす1,
貭(2),質,536,535,185,4,11,+72286+,/zhi4,1チ1,
貯,,531,,185,5,12,+63821+,/zhu3,1チヨ1(1チョ1)1ト1たくはへる1(1たくわえる1)1たくはへ1(1たくわえ1),
貰,,531,,185,5,12,+44806+,/shi4,1セイ1おきのる1ゆるす1もらふ1(1もらう1)1もらひ1(1もらい1)1かりる1,
贳,貰,,531,185,5,9,+44802+,/shi4,1セイ1おきのる1ゆるす1もらふ1(1もらう1)1もらひ1(1もらい1)1かりる1,
貲,,531,,185,5,12,+21806+22806+,/zi1,1シ1あがなふ1(1あがなう1)1たから1みのしろ1,
赀,貲,,531,185,5,9,+22802+21802+,/zi1,1シ1あがなふ1(1あがなう1)1たから1みのしろ1,
貳,二,531,008,185,5,12,+43800+,/er4,1ジ1ニ1そへる1(1そえる1)1そふ1(1そう1)1ふた1ふたつ1そむく1,
贰,貳,,531,185,5,9,+43802+,/er4,1ジ1ニ1そへる1(1そえる1)1そふ1(1そう1)1ふた1ふたつ1そむく1,
貴,,531,,185,5,12,+50806+,/gui4,1キ1たかい1たつとい1(1たっとい1)1たふとい1(1とうとい1)1たつとぶ1(1たっとぶ1)1たふとぶ1(1とうとぶ1),
贵,貴,,531,185,5,9,+50802+,/gui4,1キ1たかい1たつとい1(1たっとい1)1たふとい1(1とうとい1)1たつとぶ1(1たっとぶ1)1たふとぶ1(1とうとぶ1),
貶,,532,,185,5,12,+62837+,/bian3,1ヘン1おとしめる1おとす1しりぞける1そしる1へらす1,
贬,貶,,532,185,5,9,+72832+,/bian3,1ヘン1おとしめる1おとす1しりぞける1そしる1へらす1,
買,,532,,185,5,12,+60806+,/mai3,1バイ1メ1かふ1(1かう1),
貸(1),,532,,185,5,12,+23806+,/dai4,1タイ1かす1かし1かりる1ゆるす1,
貸(2),忒,532,166,185,5,12,+23806+,/te4/er4,1トク1,
贷(1),貸,,532,185,5,9,+23802+,/dai4,1タイ1かす1かし1かりる1ゆるす1,
贷(2),貸,,532,185,5,9,+23802+,/te4/er4,1トク1,
貺,,532,,185,5,12,+66810+,/kuang4,1キヤウ1(1キョウ1)1カウ1(1コウ1),
贶,貺,,532,185,5,9,+76812+,/kuang4,1キヤウ1(1キョウ1)1カウ1(1コウ1),
費,,532,,185,5,12,+55806+,/fei4,1ヒ1つひやす1(1ついやす1)1つひえる1(1ついえる1)1つひえ1(1ついえ1),
费,費,,532,185,5,9,+55802+,/fei4,1ヒ1つひやす1(1ついやす1)1つひえる1(1ついえる1)1つひえ1(1ついえ1),
貼,,532,,185,5,12,+61860+,/tie1,1テフ1(1チョウ1)1テン1つける1はる1つく1,
贴,貼,,532,185,5,9,+71860+,/tie1,1テフ1(1チョウ1)1テン1つける1はる1つく1,
貽,,532,,185,5,12,+63860+,/yi2,1イ1おくる1のこす1,
贻,貽,,532,185,5,9,+73860+,/yi2,1イ1おくる1のこす1,
貿,,532,,185,5,12,+77806+,/mao4,1ボウ1ム1もとめる1あきなふ1(1あきなう1)1かへる1(1かえる1),
贸,貿,,532,185,5,9,+77802+,/mao4,1ボウ1ム1もとめる1あきなふ1(1あきなう1)1かへる1(1かえる1),
賀,,532,,185,5,12,+46806+,/he4,1カ1ガ1よろこぶ1になふ1(1になう1)1いはふ1(1いわう1),
贺,賀,,531,185,5,9,+46802+,/he4,1カ1ガ1よろこぶ1になふ1(1になう1)1いはふ1(1いわう1),
賁(1),,532,,185,5,12,+40806+,/bi4,1ヒ1かざる1かざり1あや1,
賁(2),,532,,185,5,12,+40806+,/ben4,1フン1ブン1おほきい1(1おおきい1),
賁(3),,532,,185,5,12,+40806+,/ben1,1ホン1はしる1いかる1,
贲(1),賁,,532,185,5,9,+40802+,/bi4,1ヒ1かざる1かざり1あや1,
贲(2),賁,,532,185,5,9,+40802+,/ben4,1フン1ブン1おほきい1(1おおきい1),
贲(3),賁,,532,185,5,9,+40802+,/ben1,1ホン1はしる1いかる1,
贱,賤,,534,185,5,9,+73850+,/jian4,1セン1ゼン1やすい1いやしい1いやしむ1いやしめる1しづ1(1しず1),
36726(1),貤,536,530,185,5,12,+68812+,/yi2,1イ1シ1ジ1,
36726(2),貤,536,530,185,5,12,+68812+,/yi2,1イ1,
賂,,532,,185,6,13,+67864+,/lu4,1ロ1ル1まひなふ1(1まいなう1)1まひなひ1(1まいない1),
赂,賂,,532,185,6,10,+77864+,/lu4,1ロ1ル1まひなふ1(1まいなう1)1まひなひ1(1まいない1),
賃,,533,,185,6,13,+22806+,/ren4/lin4,1ヂン1(1ジン1)1ニン1チン1やとふ1(1やとう1),
赁,賃,,533,185,6,10,+22802+,/ren4/lin4,1ヂン1(1ジン1)1ニン1チン1やとふ1(1やとう1),
賄,,533,,185,6,13,+64827+,/hui4/hui3,1クワイ1(1カイ1)1ワイ1まかなふ1(1まかなう1)1まかなひ1(1まかない1)1まひなひ1(1まいない1)1まひなふ1(1まいなう1),
贿,賄,,533,185,6,10,+74827+,/hui4/hui3,1クワイ1(1カイ1)1ワイ1まかなふ1(1まかなう1)1まかなひ1(1まかない1)1まひなひ1(1まいない1)1まひなふ1(1まいなう1),
賅,該,533,517,185,6,13,+60882+,/gai1,1カイ1,
資,,533,,185,6,13,+37806+,/zi1,1シ1もと1たち1たすける1とる1はかる1,
资,資,,533,185,6,10,+37802+,/zi1,1シ1もと1たち1たすける1とる1はかる1,
賈(1),,533,,185,6,13,+10806+,/gu3,1コ1ク1あきなひ1(1あきない1)1あきなふ1(1あきなう1)1うる1かふ1(1かう1),
賈(2),價,533,028,185,6,13,+10806+,/jia3,1カ1ケ1あたひ1(1あたい1),
賈(3),,533,,185,6,13,+10806+,/jia3,1カ1ケ1,
贾(1),賈,,533,185,6,10,+10802+,/gu3,1コ1ク1あきなひ1(1あきない1)1あきなふ1(1あきなう1)1うる1かふ1(1かう1),
贾(2),賈,,533,185,6,10,+10802+,/jia3,1カ1ケ1あたひ1(1あたい1),
贾(3),賈,,533,185,6,10,+10802+,/jia3,1カ1ケ1,
賊,,533,,185,6,13,+63850+,/ze2/zei2,1ソク1ゾク1そこなふ1(1そこなう1)1ぬすむ1わるもの1,
贼,賊,,533,185,6,10,+73850+,/ze2/zei2,1ソク1ゾク1そこなふ1(1そこなう1)1ぬすむ1わるもの1,
賎,賤,,534,185,6,13,+63853+,/jian4,1セン1ゼン1やすい1いやしい1いやしむ1いやしめる1しづ1(1しず1),
贽,贄,,535,185,6,10,+55802+,/zhi4,1シ1にへ1(1にえ1)1てみやげ1,
赆,贐,,536,185,6,10,+77833+,/jin4,1シン1ジン1はなむけ1おくりもの1,
赃,贓賍,,536536,185,6,10,+70814+,/zang1,1サウ1(1ソウ1)1かくす1,
賍,贓,536,536,185,6,10,+60814+,/zang1,1サウ1(1ソウ1)1かくす1,
賑,,533,,185,7,14,+61832+,/zhen4,1シン1にぎはふ1(1にぎわう1)1にぎはひ1(1にぎわい1)1にぎはす1(1にぎわす1)1とむ1にぎやか1すくう1ほどこす1,
赈,賑,,533,185,7,11,+71832+,/zhen4,1シン1にぎはふ1(1にぎわう1)1にぎはひ1(1にぎわい1)1にぎはす1(1にぎわす1)1とむ1にぎやか1すくう1ほどこす1,
賖,,533,,185,7,14,+68894+,/she1,1シヤ1(1シャ1)1おぎのる1とほい1(1とおい1)1はるか1,
赊,賖,,533,185,7,11,+78891+,/she1,1シヤ1(1シャ1)1おぎのる1とほい1(1とおい1)1はるか1,
賓,,533,,185,7,14,+30806+,/bin1,1ヒン1まらうど1(1まろうど1)1みちびく1したがふ1(1したがう1),
賕,,533,,185,7,14,+63832+,/qiu2,1キウ1(1キュウ1)1ク1まひなひ1(1まいない1)1まひなふ1(1まいなう1),
赇,賕,,533,185,7,11,+73899+,/qiu2,1キウ1(1キュウ1)1ク1まひなひ1(1まいない1)1まひなふ1(1まいなう1),
賙,,534,,185,8,15,+67820+,/zhou1,1シウ1(1シュウ1)1シユ1(1シュ1),
赒,賙,,534,185,8,12,+77820+,/zhou1,1シウ1(1シュウ1)1シユ1(1シュ1),
賚,,534,,185,8,15,+40806+,/lai4,1ライ1たまふ1(1たまう1)1たまもの1,
賜,,534,,185,8,15,+66827+,/si4/ci4,1シ1たまふ1(1たまう1)1たまはる1(1たまわる1)1たまもの1,
赐,賜,,534,185,8,12,+76827+,/si4/ci4,1シ1たまふ1(1たまう1)1たまはる1(1たまわる1)1たまもの1,
賞,,534,,185,8,15,+90806+,/shang3,1シヤウ1(1ショウ1)1ほめる1めでる1,
赏,賞,,534,185,8,12,+90802+,/shang3,1シヤウ1(1ショウ1)1ほめる1めでる1,
賠,,534,,185,8,15,+60861+,/pei2,1ハイ1バイ1つぐなふ1(1つぐなう1),
赔,賠,,534,185,8,12,+70861+,/pei2,1ハイ1バイ1つぐなふ1(1つぐなう1),
賡,,534,,185,8,15,+00286+,/geng1,1カウ1(1コウ1)1キヤウ1(1キョウ1)1つぐなふ1(1つぐなう1)1つぐ1,
赓,賡,,534,185,8,12,+00282+,/geng1,1カウ1(1コウ1)1キヤウ1(1キョウ1)1つぐなふ1(1つぐなう1)1つぐ1,
賢,,534,,185,8,15,+77806+,/xian2,1ケン1ゲン1かしこい1まさる1さかしい1,
賣,,534,,185,8,15,+40806+,/mai4,1バイ1メ1うる1うれる1,
賤,,534,,185,8,15,+63850+,/jian4,1セン1ゼン1やすい1いやしい1いやしむ1いやしめる1しづ1(1しず1),
賦,,534,,185,8,15,+63840+,/fu4,1フ1みつぎ1わかつ1,
赋,賦,,534,185,8,12,+73840+,/fu4,1フ1みつぎ1わかつ1,
賨,,534,,185,8,15,+30806+,/zong1,1ソウ1ズ1,
質(1),,535,,185,8,15,+72806+,/zhi2,1シツ1シチ1もと1しろ1たち1ただす1,
質(2),,535,,185,8,15,+72806+,/zhi4,1チ1,
賬,,535,,185,8,15,+61832+,/zhang4,1チヤウ1(1チョウ1),
賛,贊,536,536,185,8,15,+55806+,/zan4,1サン1たすける1たたへる1(1たたえる1)1すすめる1ほめる1,
赑,贔,,536,185,8,12,+77882+,/bi4,1ヒ1,
赎,贖,,536,185,8,12,+74884+,/shu2,1シヨク1(1ショク1)1ゾク1あがなふ1(1あがなう1)1あがなひ1(1あがない1),
賝,琛,536,334,185,8,15,+67894+,/zhen1,1チン1シン1,
賫,齎,537,654,185,8,15,+40806+,/ji1,1シ1セイ1サイ1もたらす1おくりもの1たから1もちもの1,
赍,賫齎,,537654,185,8,12,+40802+,/ji1,1シ1セイ1サイ1もたらす1おくりもの1たから1もちもの1,
賭,,535,,185,9,16,+64863+,/du3,1ト1ツ1かける1かけ1,
赌,賭,,535,185,9,13,+74860+,/du3,1ト1ツ1かける1かけ1,
賮,,535,,185,9,16,+50806+,/jin4,1シン1ジン1,
賴,,535,,185,9,16,+57986+,/lai4,1ライ1たのむ1たのもしい1たよる1たより1さいはひに1(1さいわいに1),
赖,賴,,535,185,9,13,+57982+,/lai4,1ライ1たのむ1たのもしい1たよる1たより1さいはひに1(1さいわいに1),
賵,,535,,185,9,16,+66860+,/feng4,1フウ1フ1バウ1(1ボウ1),
赗,賵,,535,185,9,13,+76860+,/feng4,1フウ1フ1バウ1(1ボウ1),
賸,,535,,185,10,17,+79286+,/sheng4,1シヨウ1(1ショウ1)1ジヨウ1(1ジョウ1)1あまり1あまる1,
賺,,535,,185,10,17,+68837+,/zhuan4,1タン1ダン1すかす1だます1,
赚,賺,,535,185,10,14,+78837+,/zhuan4,1タン1ダン1すかす1だます1,
賻,,535,,185,10,17,+63842+,/fu4,1フ1ブ1おくる1おくりもの1,
赙,賻,,535,185,10,14,+73842+,/fu4,1フ1ブ1おくる1おくりもの1,
購,,535,,185,10,17,+65857+,/gou4,1コウ1ク1あがなふ1(1あがなう1),
賽,,535,,185,10,17,+30806+,/sai4,1サイ1むくいる1,
赛,賽,,535,185,10,14,+30802+,/sai4,1サイ1むくいる1,
賾,,535,,185,10,17,+75786+,/ze2,1サク1ジヤク1(1ジャク1)1おくぶかい1,
赜,賾,,535,185,10,14,+75782+,/ze2,1サク1ジヤク1(1ジャク1)1おくぶかい1,
賷,齎,537,654,185,10,17,+40806+,/ji1,1シ1セイ1サイ1もたらす1おくりもの1たから1もちもの1,
贄,,535,,185,11,18,+45806+,/zhi4,1シ1にへ1(1にえ1)1てみやげ1,
贅,,535,,185,11,18,+48806+,/zhui4,1セイ1セ1ゼイ1いぼ1こぶ1むだ1,
赘,贅,,535,185,11,15,+58802+,/zhui4,1セイ1セ1ゼイ1いぼ1こぶ1むだ1,
贈,,536,,185,12,19,+68866+,/zeng4,1ソウ1ゾウ1おくる1,
赠,贈,,536,185,12,16,+78866+,/zeng4,1ソウ1ゾウ1おくる1,
贉,,536,,185,12,19,+61846+,/tan3,1タン1ダン1,
贊,,536,,185,12,19,+24806+,/zan4,1サン1たすける1たたへる1(1たたえる1)1すすめる1ほめる1,
赞(1),贊,,536,185,12,16,+24802+,/zan4,1サン1たすける1たたへる1(1たたえる1)1すすめる1ほめる1,
赞(2),讚,,526,185,12,16,+24802+,/zan4,1サン1たすける1たたへる1(1たたえる1)1ほめる1,
赝,贗,,536,185,12,16,+71282+,/yan4,1カン1ゲン1ガン1にせ1,
贋,鴈贗,537,641536,185,12,19,+71286+,/yan4,1ガン1ゲン1かり1にせ1,
贍,,536,,185,13,20,+67861+,/shan4,1セン1ゼン1すくふ1(1すくう1)1たす1たりる1めぐむ1,
赡,贍,,536,185,13,17,+77861+,/shan4,1セン1ゼン1すくふ1(1すくう1)1たす1たりる1めぐむ1,
贏,,536,,185,13,20,+00217+,/ying2,1エイ1ヤウ1(1ヨウ1)1あまる1あまり1かつ1つつむ1になふ1(1になう1)1のびる1まうける1(1もうける1),
赢,贏,,536,185,13,17,+00217+,/ying2,1エイ1ヤウ1(1ヨウ1)1あまる1あまり1かつ1つつむ1になふ1(1になう1)1のびる1まうける1(1もうける1),
贐,,536,,185,14,21,+65817+,/jin4,1シン1ジン1はなむけ1おくりもの1,
贓,,536,,185,14,21,+63850+,/zang1,1サウ1(1ソウ1)1かくす1,
贔,,536,,185,14,21,+60886+,/bi4,1ヒ1,
贑(1),贛,537,536,185,14,21,+01486+,/gong4,1コウ1ク1,
贑(2),贛,537,536,185,14,21,+01486+,/gan4,1カン1,
贖,,536,,185,15,22,+64886+,/shu2,1シヨク1(1ショク1)1ゾク1あがなふ1(1あがなう1)1あがなひ1(1あがない1),
贗,,536,,185,15,22,+71286+,/yan4,1カン1ゲン1ガン1にせ1,
贒,賢,537,534,185,15,22,+75806+,/xian2,1ケン1ゲン1かしこい1まさる1さかしい1,
贛(1),貢,536,530,185,17,24,+07486+,/gong4,1コウ1ク1,
贛(2),,536,,185,17,24,+07486+,/gan4,1カン1,
赣(1),贛,,536,185,17,21,+07482+,/gong4,1コウ1ク1,
赣(2),贛,,536,185,17,21,+07482+,/gan4,1カン1,
赤,,537,,186,0,7,+40331+,/chi4,1セキ1シヤク1(1シャク1)1あか1あかい1あからむ1あからめる1,
赦,,537,,186,4,11,+48340+,/she4,1シヤ1(1シャ1)1ゆるす1ゆるし1,
赧,,537,,186,5,12,+47347+,/nan3,1ダン1ナン1タン1,
赩,,537,,186,6,13,+47317+,/he4,1キヨク1(1キョク1)1コキ1カク1キヤク1(1キャク1),
赪,赬,,537,186,6,13,+41382+,/cheng1,1テイ1チヤウ1(1チョウ1)1あか1あかいろ1,
赫,,537,,186,7,14,+44331+,/he4,1カク1キヤク1(1キャク1)1あかい1あきらか1あつい1おどす1かがやく1さかん1,
赬,,537,,186,9,16,+41386+,/cheng1,1テイ1チヤウ1(1チョウ1)1あか1あかいろ1,
赭,,537,,186,9,16,+44360+,/zhe3,1シヤ1(1シャ1)1あかつち1あか1あかい1はげやま1,
赯,,537,,186,10,17,+40367+,/tang2,1タウ1(1トウ1)1ダウ1(1ドウ1),
走,,537,,187,0,7,+40801+,/zou3,1ソウ1ス1はしる1にげる1はしらす1おもむく1,
赳,,537,,187,2,9,+42800+,/jiu1,1キウ1(1キュウ1)1たけし1,
赴,,537,,187,2,9,+43800+,/fu4,1フ1おもむく1つげる1,
赵,趙,,538,187,2,9,+44800+,/zhao4,1テウ1(1チョウ1)1デウ1(1ジョウ1)1ちいさい1こえる1およぶ1,
赶,,538,,187,3,10,+41804+,/gan3,1カン1,
起,,538,,187,3,10,+47801+,/qi3,1キ1おきる1おこる1おこす1たつ1たてる1,
趁,,538,,187,5,12,+48802+,/chen4,1チン1おふ1(1おう1)1おもむく1のりこむ1ゆきなやむ1,
趄,趑,538,538,187,5,12,+47801+,/ju1,1シヨ1(1ショ1)1ソ1,
超,,538,,187,5,12,+47806+,/zhao1,1テウ1(1チョウ1)1こえる1こす1とほい1(1とおい1),
越,,538,,187,5,12,+43805+,/yue4,1ヱツ1(1エツ1)1ヲチ1(1オチ1)1こす1こえる1ここに1ああ1こし1,
趋,趨,539,539,187,5,12,+47807+,/qu1,1シユ1(1シュ1)1ス1スウ1はしる1おもむく1すみやか1うながす1はやい1,
趑,趄,538,538,187,6,13,+47808+,/zi1,1シ1,
趍(1),遲,,561,187,6,13,+47802+,/chi2,1チ1ヂ1(1ジ1)1おくれる1おくらす1おそい1,
趍(2),遲,,561,187,6,13,+47802+,/zhi4,1チ1ヂ1(1ジ1)1まつ1まつて1(1まって1)1やうやく1(1ようやく1),
趍(3),趨,539,539,187,6,13,+47802+,/qu1,1シユ1(1シュ1)1ス1スウ1はしる1おもむく1すみやか1うながす1はやい1,
趙,,538,,187,7,14,+49802+,/zhao4,1テウ1(1チョウ1)1デウ1(1ジョウ1)1ちいさい1こえる1およぶ1,
趕,赶,539,538,187,7,14,+46804+,/gan3,1カン1,
趟,,538,,187,8,15,+49802+,/cheng2,1タウ1(1トウ1)1チヤウ1(1チョウ1),
趣(1),,538,,187,8,15,+41804+,/qu4,1シユ1(1シュ1)1おもむき1おもむく1,
趣(2),,538,,187,8,15,+41804+,/cu4,1シヨク1(1ショク1)1ソク1うながす1,
趦,趑,539,538,187,9,16,+47806+,/zi1,1シ1,
趨,,539,,187,10,17,+47802+,/qu1,1シユ1(1シュ1)1ス1スウ1はしる1おもむく1すみやか1うながす1はやい1,
趯,,539,,187,14,21,+47801+,/ti4,1テキ1チヤク1(1チャク1)1おどる1,
趱,趲,,539,187,16,23,+44808+,/zan3,1サン1,
趲,,539,,187,19,26,+44808+,/zan3,1サン1,
足(1),,539,,188,0,7,+60801+,/zu2,1シヨク1(1ショク1)1ソク1あし1たりる1たる1たす1,
足(2),,539,,188,0,7,+60801+,/ju4,1シユ1(1シュ1)1ス1,
趵(1),,539,,188,3,10,+67120+,/bao4,1ハク1,
趵(2),,539,,188,3,10,+67120+,/bao4,1ハウ1(1ホウ1)1ヘウ1(1ヒョウ1),
趸,躉,,544,188,3,10,+10801+,/dun3,1トン1,
趹(1),,539,,188,4,11,+65130+,/jue2,1ケツ1ケチ1,
趹(2),,539,,188,4,11,+65130+,/gui4,1ケイ1ケ1,
趺,跗,539,540,188,4,11,+65130+,/fu1,1フ1あし1あぐら1うてな1,
趾,址,539,088,188,4,11,+61110+,/zhi3,1シ1あし1あと1ねもと1もと1,
跂(1),,539,,188,4,11,+64147+,/qi2,1キ1ギ1むつゆび1,
跂(2),企,539,014,188,4,11,+64147+,/qi2,1キ1ギ1つまだてる1はふ1(1はう1),
跁,,539,,188,4,11,+67117+,/pa1,1ハ1ベ1,
跄,蹌,,543,188,4,11,+68112+,/qiang1,1シヤウ1(1ショウ1)1サウ1(1ソウ1)1うごく1はしる1よろめく1,
跃,躍,,544,188,4,11,+62184+,/yue4,1ヤク1おどる1おどらす1,
跅,,539,,188,5,12,+62141+,/tuo4,1タク1,
跋,暴,539,227,188,5,12,+63144+,/ba2,1ハツ1バチ1バツ1いく1ゆく1ふむ1おくがき1こえる1つまづく1(1つまずく1),
跌,,539,,188,5,12,+65130+,/die2,1テツ1デチ1つまづく1(1つまずく1)1あやまつ1あやまる1こえる1,
跎,蹉,540,542,188,5,12,+63112+,/tuo2,1タ1ダ1つまづく1(1つまずく1),
跏,,540,,188,5,12,+66100+,/jia1,1カ1ケ1あぐら1,
跑,,540,,188,5,12,+67112+,/pao3,1ハウ1(1ホウ1)1ベウ1(1ビョウ1)1あがく1はしる1,
跖,蹠,540,543,188,5,12,+61160+,/zhi2,1セキ1シヤク1(1シャク1)1あしうら1あしのうら1ふむ1,
跗,柎,540,240,188,5,12,+64100+,/fu1,1フ1ブ1くびす1,
跚,蹣,540,543,188,5,12,+67140+,/shan1,1サン1,
跛(1),,540,,188,5,12,+64147+,/bo3,1ハ1あしなへ1(1あしなえ1),
跛(2),,540,,188,5,12,+64147+,/pi4,1ヒ1ビ1かたよる1,
距,拒,540,190,188,5,12,+61117+,/ju4,1キヨ1(1キョ1)1ゴ1へだたる1けづめ1こばむ1へだてる1たがふ1(1たがう1)1ふせぐ1へだたり1,
跞(1),躒,,544,188,5,12,+62194+,/li4,1レキ1リヤク1(1リャク1),
跞(2),躒,,544,188,5,12,+62194+,/luo4,1ラク1,
跟,,540,,188,6,13,+67132+,/gen1,1コン1くびす1かかと1したがふ1(1したがう1),
跡,迹,540,555,188,6,13,+60130+,/ji1,1セキ1シヤク1(1シャク1)1あと1,
跣,,540,,188,6,13,+64111+,/xian3,1セン1すあし1はだし1,
跧,,540,,188,6,13,+68114+,/zhuan1,1セン1サン1,
跨,胯,540,434,188,6,13,+64127+,/kua4,1クワ1(1カ1)1ケ1またがる1またぐ1よる1また1,
跪,,540,,188,6,13,+67112+,/gui4,1キ1ひざまづく1(1ひざまずく1),
跫,,540,,188,6,13,+17801+,/qiong2,1キヨウ1(1キョウ1)1グ1あしおと1,
跬,,540,,188,6,13,+64114+,/kui3,1キ1かたあし1ひとあし1,
路,,541,,188,6,13,+67164+,/lu4,1ロ1ぢ1(1じ1)1みち1くるま1,
趼(1),,541,,188,6,13,+61140+,/yan4,1ケン1ゲン1,
趼(2),,541,,188,6,13,+61140+,/jian3,1ケン1ゲン1,
跲,,541,,188,6,13,+68161+,/qia4,1キフ1(1キュウ1)1ギフ1(1ギュウ1)1ケフ1(1キョウ1)1コフ1(1コウ1),
跳,,541,,188,6,13,+62113+,/tiao4,1テウ1(1チョウ1)1デウ1(1ジョウ1)1はねる1とぶ1おどる1,
跴,,541,,188,6,13,+61160+,/cai3,1セン1おふ1(1おう1)1ふむ1,
践,踐,,541,188,6,13,+63150+,/jian4,1セン1ゼン1ふむ1,
跸,蹕,,543,188,6,13,+62141+,/bi4,1ヒツ1ヒチ1ヒ1ビ1さきばらひ1(1さきばらい1),
跷,蹺,,544,188,6,13,+65112+,/qiao1,1ケウ1(1キョウ1)1ゲウ1(1ギョウ1),
跻,躋,,544,188,6,13,+60124+,/ji1,1セイ1サイ1のぼる1のぼらせる1,
跹,躚,,544,188,6,13,+62134+,/xian1,1セン1,
跦,躕,545,544,188,6,13,+65190+,/chu2,1チユ1(1チュ1)1ヂユ1(1ジュ1),
跼,,541,,188,7,14,+67127+,/ju2,1キヨク1(1キョク1)1ゴク1せぐくまる1かがむ1,
跽,,541,,188,7,14,+67131+,/ji4,1キ1ギ1ひざまづく1(1ひざまずく1)1まがる1,
踉(1),跳,541,541,188,7,14,+63132+,/lang2/liang2,1リヤウ1(1リョウ1)1おどる1,
踉(2),,541,,188,7,14,+63132+,/lang2/liang2,1リヤウ1(1リョウ1),
踅,,541,,188,7,14,+52801+,/xue4,1セツ1,
踊,,541,,188,7,14,+67127+,/yong3,1ヨウ1ユ1をどる1(1おどる1)1をどり1(1おどり1)1あがる1,
踌,躊,,544,188,7,14,+65140+,/chou2,1チウ1(1チュウ1)1ヂユ1(1ジュ1)1たちもとをる1(1たちもとおる1)1ためらふ1(1ためらう1),
踁,脛,545,435,188,7,14,+61111+,/jing4,1ケイ1ギヤウ1(1ギョウ1)1すね1はぎ1,
踏,,541,,188,8,15,+62163+,/ta4,1タフ1(1トウ1)1ダフ1(1ドウ1)1ふむ1ふまえる1,
踐,,541,,188,8,15,+63153+,/jian4,1セン1ゼン1ふむ1,
踖,,541,,188,8,15,+64161+,/ji2,1セキ1シヤク1(1シャク1),
踝,,541,,188,8,15,+66194+,/hua4/huai2,1クワ1(1カ1)1グ1くるぶし1かかと1くびす1,
踞,,541,,188,8,15,+67164+,/ju4,1キヨ1(1キョ1)1コ1うづくまる1(1うずくまる1)1おごる1,
踟,,542,,188,8,15,+66100+,/chi2,1チ1ヂ1(1ジ1)1ためらふ1(1ためらう1),
踡,,542,,188,8,15,+69112+,/quan2,1ケン1ゲン1かがむ1せぐくまる1,
踢,,542,,188,8,15,+66127+,/ti1,1テキ1チヤク1(1チャク1)1ける1,
踣,,542,,188,8,15,+60161+,/bo2,1ホク1ボク1ホウ1ブ1さらす1たふる1(1たおす1)1たふれる1(1たおれる1),
踥,,542,,188,8,15,+60144+,/qie4,1セフ1(1ショウ1),
踧(1),,542,,188,8,15,+67140+,/di2,1テキ1ヂヤク1(1ジャク1),
踧(2),,542,,188,8,15,+67140+,/cu4,1シュク1,
踬,躓,,544,188,8,15,+62182+,/zhi4,1チ1つまづく1(1つまずく1)1くじける1くるしむ1しくじる1,
踘,鞠,544,611,188,8,15,+67120+,/ju2,1キク1コク1まり1けまり1やしなふ1(1やしなう1)1きはまる1(1きわまる1)1ただす1きわめる1かがむ1とりしらべる1,
踪,蹤,544,543,188,8,15,+63191+,/zong1,1シヨウ1(1ショウ1)1シユ1(1シュ1)1あしあと1あと1はなつ1したがふ1(1したがう1)1ゆくへ1(1ゆくえ1),
踰,,542,,188,9,16,+68121+,/yu2,1ユ1こえる1こす1いよいよ1,
踵,,542,,188,9,16,+62114+,/zhong3,1シヨウ1(1ショウ1)1シユ1(1シュ1)1くびす1かかと1つぐ1いたる1しきりに1ついで1,
踶,,542,,188,9,16,+66181+,/di4,1テイ1ダイ1,
踱,,542,,188,9,16,+60147+,/duo4,1タク1,
踹,,542,,188,9,16,+62127+,/zhuai4,1セン1ゼン1タン1ふむ1,
踽,,542,,188,9,16,+62127+,/ju3,1ク1,
蹀,,542,,188,9,16,+64194+,/die2,1テフ1(1チョウ1)1デフ1(1ジョウ1),
蹁,,542,,188,9,16,+63127+,/pian2,1ヘン1ベン1,
蹂,,542,,188,9,16,+67194+,/rou2,1ジウ1(1ジュウ1)1ニユ1(1ニュ1)1ふむ1ふみにじる1,
蹄,,542,,188,9,16,+60127+,/ti2,1テイ1ダイ1ひづめ1わな1,
踯,躑,,544,188,9,16,+67127+,/ji2,1テキ1ヂヤク1(1ジャク1)1たちもとをる1(1たちもとおる1)1ためらふ1(1ためらう1),
踴,踊,544,541,188,9,16,+67127+,/yong3,1ヨウ1ユ1をどる1(1おどる1)1をどり1(1おどり1)1あがる1,
蹇,,542,,188,10,17,+30801+,/jian3,1ケン1あしなへ1(1あしなえ1)1かかげる1おごる1かたくな1とまる1なやむ1まがる1,
蹈,,542,,188,10,17,+62177+,/dao4,1タウ1(1トウ1)1ダウ1(1ドウ1)1ふむ1,
蹉,,542,,188,10,17,+68111+,/cuo1,1サ1つまづく1(1つまずく1)1あやまる1,
蹊,,542,,188,10,17,+62134+,/xi1,1ケイ1ガイ1みち1こみち1まつ1わたる1,
蹌,,543,,188,10,17,+68167+,/qiang1,1シヤウ1(1ショウ1)1サウ1(1ソウ1)1うごく1はしる1よろめく1,
蹍,,543,,188,10,17,+67132+,/zhan3,1テン1,
蹐,,543,,188,10,17,+61127+,/ji2,1セキ1シヤク1(1シャク1)1ぬきあし1さしあし1,
蹒,蹣,,543,188,10,17,+64127+,/pan2/man2,1ハン1バン1よろめく1,
蹑,躡,,545,188,10,17,+61147+,/nie4,1デフ1(1ジョウ1)1ネフ1(1ニョウ1)1ふむ1,
蹏,蹄,545,542,188,10,17,+62111+,/ti2,1テイ1ダイ1ひづめ1わな1,
蹋,踏,545,541,188,10,17,+66127+,/ta4,1タフ1(1トウ1)1ダフ1(1ドウ1)1ふむ1ふまえる1,
蹕,,543,,188,11,18,+66150+,/bi4,1ヒツ1ヒチ1ヒ1ビ1さきばらひ1(1さきばらい1),
蹙,蹴,543,543,188,11,18,+53801+,/cu4,1シユク1(1シュク1)1せまる1ちぢむ1ちぢめる1しかめる1きはまる1(1きわまる1)1くるしむ1ける1つつしむ1,
蹜,,543,,188,11,18,+63161+,/suo1,1シユク1(1シュク1),
蹝,,543,,188,11,18,+61181+,/xi3,1シ1,
蹠,,543,,188,11,18,+60137+,/zhi2,1セキ1シヤク1(1シャク1)1ふむ1あし1あしうら1あしのうら1,
蹡,,543,,188,11,18,+67142+,/qiang1,1シヤウ1(1ショウ1)1サウ1(1ソウ1),
蹢(1),,543,,188,11,18,+60127+,/zhi2,1テキ1ヂヤク1(1ジャク1)1タク1たたずむ1,
蹢(2),,543,,188,11,18,+60127+,/di2,1テキ1チヤク1(1チャク1)1ひづめ1,
蹣,,543,,188,11,18,+64127+,/pan2/man2,1ハン1バン1よろめく1,
蹤,縱,543,413,188,11,18,+68181+,/zong1,1シヨウ1(1ショウ1)1シユ1(1シュ1)1あしあと1あと1はなつ1したがふ1(1したがう1)1ゆくへ1(1ゆくえ1),
蹟,跡,545,540,188,11,18,+65186+,/ji1,1セキ1シヤク1(1シャク1)1あと1,
蹞,跬,545,540,188,11,18,+61186+,/kui3,1キ1かたあし1ひとあし1,
蹩,,543,,188,12,19,+98801+,/bie2,1ヘツ1ベチ1ベツ1,
蹬,蹭,543,543,188,12,19,+62118+,/deng4,1トウ1ドウ1のぼる1ふむ1,
蹭,蹬,543,543,188,12,19,+68166+,/ceng4,1ソウ1,
蹯,,543,,188,12,19,+62169+,/fan2,1ハン1ホン1,
蹲,,543,,188,12,19,+68146+,/cun2/dun1,1ソン1ゾン1うづくまる1(1うずくまる1)1つくばひ1(1つくばい1)1つくばふ1(1つくばう1),
蹴,,543,,188,12,19,+63114+,/cu4,1シユク1(1シュク1)1シウ1(1シュウ1)1ふみつける1ける1,
蹵,蹴,543,543,188,12,19,+03801+,/cu4,1シユク1(1シュク1)1シウ1(1シュウ1)1ふみつける1ける1,
蹶(1),,543,,188,12,19,+61182+,/jue2,1ケツ1クワチ1(1カチ1)1つまづく1(1つまずく1)1たふす1(1たおす1)1たふれる1(1たおれる1)1たつ1おきる1,
蹶(2),,543,,188,12,19,+61182+,/gui4,1ケイ1ケ1すみやか1,
蹺,蹻,544,544,188,12,19,+64111+,/qiao1,1ケウ1(1キョウ1)1ゲウ1(1ギョウ1),
蹻(1),蹺,544,544,188,12,19,+62127+,/qiao1,1ケウ1(1キョウ1)1ゲウ1(1ギョウ1)1あげる1おごる1,
蹻(2),蹺,544,544,188,12,19,+62127+,/jue2,1キヤク1(1キャク1)1カク1,
蹼,,544,,188,12,19,+62134+,/pu2,1ホク1ボク1みづかき1(1みずかき1),
蹰,躕,545,544,188,12,19,+61140+,/chu2,1チユ1(1チュ1)1ヂユ1(1ジュ1),
躁,,544,,188,13,20,+66194+,/zao4,1サウ1(1ソウ1)1さわがしい1さわぐ1,
躄,,544,,188,13,20,+70801+,/bi4,1ヘキ1ヒヤク1(1ヒャク1)1いざり1いざる1,
躅,蹢,544,543,188,13,20,+66127+,/zhu2,1チヨク1(1チョク1)1ドク1あと1ふむ1たちもとをる1(1たちもとおる1),
躇,,544,,188,13,20,+64164+,/chu2,1チヨ1(1チョ1)1ド1こえる1たちもとをる1(1たちもとおる1)1ためらふ1(1ためらう1)1ふむ1わたる1,
躃,躄,545,544,188,13,20,+60141+,/bi4,1ヘキ1ヒヤク1(1ヒャク1)1いざり1いざる1,
躉,,544,,188,13,20,+44801+,/dun3,1トン1,
躊,躇,544,544,188,14,21,+64141+,/chou2,1チウ1(1チュウ1)1ヂユ1(1ジュ1)1たちもとをる1(1たちもとおる1)1ためらふ1(1ためらう1),
躋,,544,,188,14,21,+60123+,/ji1,1セイ1サイ1のぼる1のぼらせる1,
躍,,544,,188,14,21,+67114+,/yue4,1ヤク1おどる1おどらす1,
躏,躪,,545,188,14,21,+64127+,/lin4,1リン1ふみにじる1ふむ1,
躐,,544,,188,15,22,+62116+,/lie4,1レフ1(1リョウ1),
躑,,544,,188,15,22,+67127+,/ji2,1テキ1ヂヤク1(1ジャク1)1たちもとをる1(1たちもとおる1)1ためらふ1(1ためらう1),
躒(1),,544,,188,15,22,+62194+,/li4,1レキ1リヤク1(1リャク1),
躒(2),卓,544,053,188,15,22,+62194+,/luo4,1ラク1,
躓,,544,,188,15,22,+62186+,/zhi4,1チ1つまづく1(1つまずく1)1くじける1くるしむ1しくじる1,
躔,,544,,188,15,22,+60114+,/chan2,1テン1デン1やどる1やどり1からまる1ふむ1まつはる1(1まつわる1)1めぐる1,
躕,踟,544,542,188,15,22,+60140+,/chu2,1チユ1(1チュ1)1ヂユ1(1ジュ1),
躚,蹁,544,542,188,16,23,+61131+,/xian1,1セン1,
躛,,544,,188,16,23,+21801+,/wei4/huai4,1ヱイ1(1エイ1)1ヱ1(1エ1),
躙,躪,,545,188,16,23,+67127+,/lin4,1リン1ふみにじる1ふむ1,
躞,蹀,545,542,188,17,24,+69147+,/xie4,1セフ1(1ショウ1),
躡,,545,,188,18,25,+61141+,/nie4,1デフ1(1ジョウ1)1ネフ1(1ニョウ1)1ふむ1,
躧,,545,,188,19,26,+61112+,/xi3,1シ1サイ1セ1,
躩,,545,,188,20,27,+66147+,/que2,1クワク1(1カク1),
躪,,545,,188,20,27,+64127+,/lin4,1リン1ふみにじる1ふむ1,
身,,545,,189,0,7,+27400+,/shen1,1シン1み1みづから1(1みずから1)1みごもる1はらむ1,
躬,,545,,189,3,10,+27227+,/gong1,1キユウ1(1キュウ1)1ク11み1みづから1(1みずから1),
躯,軀,,545,189,4,11,+21216+,/qu1,1ク1からだ1み1むくろ1,
躭,耽,545,428,189,4,11,+24212+,/dan1,1タン1トン1ふける1おくぶかい1,
躰,體,545,630,189,5,12,+25230+,/ti3,1テイ1タイ1からだ1,
38069(1),射,545,128,189,5,12,+28234+,/she4,1シヤ1(1シャ1)1ジヤ1(1ジャ1)1いる1あてる1,
38069(2),射,545,128,189,5,12,+28234+,/shi2,1セキ1ジヤク1(1ジャク1),
38069(3),射,545,128,189,5,12,+28234+,/ye4,1ヤ1,
38069(4),射,545,128,189,5,12,+28234+,/yi4,1エキ1ヤク1いとふ1(1いとう1)1あきる1,
躱,,545,,189,6,13,+27294+,/duo3,1タ1かはす1(1かわす1)1さける1,
躳,躬,545,545,189,7,14,+26260+,/gong1,1キユウ1(1キュウ1)1ク11み1みづから1(1みずから1),
躺,,545,,189,8,15,+29227+,/tang3,1タウ1(1トウ1),
躶,裸,545,503,189,8,15,+26294+,/luo3,1ラ1はだか1,
軀,,545,,189,11,18,+21216+,/qu1,1ク1からだ1み1むくろ1,
車,,546,,190,0,7,+50006+,/qu1/che1,1キヨ1(1キョ1)1コ1シヤ1(1シャ1)1くるま1,
车,車,,546,190,0,4,+40500+,/qu1/che1,1キヨ1(1キョ1)1コ1シヤ1(1シャ1)1くるま1,
軋,,546,,190,1,8,+52010+,/ya4,1アツ1エチ1きしむ1きしる1くはしい1(1くわしい1)1こまかい1,
轧,軋,,546,190,1,5,+42510+,/ya4,1アツ1エチ1きしむ1きしる1くはしい1(1くわしい1)1こまかい1,
軌,,546,,190,2,9,+54017+,/gui3,1キ1わだち1のり1よる1,
轨,軌,,546,190,2,6,+44517+,/gui3,1キ1わだち1のり1よる1,
軍,,546,,190,2,9,+37506+,/jun1,1クン1グン1つはもの1(1つわもの1)1いくさ1,
軏,,546,,190,3,10,+51010+,/yue4,1ゲツ1グワチ1(1ガチ1)1ゴツ1ゴチ1,
軒,,546,,190,3,10,+51040+,/xuan1,1ケン1コン1くるま1たかい1てすり1とぶ1のき1,
轩,軒,,546,190,3,7,+41540+,/xuan1,1ケン1コン1くるま1たかい1てすり1とぶ1のき1,
軔,,546,,190,3,10,+57020+,/ren4,1ジン1ニン1とめる1,
轫,軔,,546,190,3,7,+47520+,/ren4,1ジン1ニン1とめる1,
軛,輈,547,548,190,4,11,+51012+,/e4,1アク1ヤク1くびき1,
轭,軛,,547,190,4,8,+41512+,/e4,1アク1ヤク1くびき1,
軟,,547,,190,4,11,+57082+,/ruan3,1ゼン1ナン1やわらか1やわらかい1,
软,軟,,547,190,4,8,+47582+,/ruan3,1ゼン1ナン1やわらか1やわらかい1,
轮,輪,,549,190,4,8,+48512+,/lun2,1リン1わ1,
転(1),轉,,551,190,4,11,+51031+,/zhuan3,1テン1ころがる1ころげる1ころぶ1まろぶ1うつる1うたた1,
転(2),轉,,551,190,4,11,+51031+,/zhuan4,1テン1ころがす1ころばす1はこぶ1,
转(1),轉,,551,190,4,8,+45532+,/zhuan3,1テン1ころがる1ころげる1ころぶ1まろぶ1うつる1うたた1,
转(2),轉,,551,190,4,8,+45532+,/zhuan4,1テン1ころがす1ころばす1はこぶ1,
轰,轟,,552,190,4,8,+40447+,/hong1,1クワウ1(1コウ1)1ガウ1(1ゴウ1)1とどろく1とどろき1おほいに1(1おおいに1),
軨,,547,,190,5,12,+58037+,/ling2,1レイ1リヤウ1(1リョウ1),
軫,,547,,190,5,12,+58022+,/zhen3,1シン1よこぎ1いたむ1うれへる1(1うれえる1),
轸,軫,,547,190,5,9,+48522+,/zhen3,1シン1よこぎ1いたむ1うれへる1(1うれえる1),
軸,,547,,190,5,12,+55060+,/zhu2/zhou2,1チク1ヂク1(1ジク1)1かなめ1しんぎ1よこがみ1,
轴,軸,,547,190,5,9,+45560+,/zhu2/zhou2,1チク1ヂク1(1ジク1)1かなめ1しんぎ1よこがみ1,
軹,,547,,190,5,12,+56080+,/zhi3,1シ1ふたまた1,
轵,軹,,547,190,5,9,+46580+,/zhi3,1シ1ふたまた1,
軺,,547,,190,5,12,+57067+,/yao2,1エウ1(1ヨウ1)1セウ1(1ショウ1)1ゼウ1(1ジョウ1)1テウ1(1チョウ1)1ひつぎぐるま1,
轺,軺,,547,190,5,9,+47562+,/yao2,1エウ1(1ヨウ1)1セウ1(1ショウ1)1ゼウ1(1ジョウ1)1テウ1(1チョウ1)1ひつぎぐるま1,
軻,轗,547,552,190,5,12,+51020+,/ke1,1カ1,
轲,軻,,547,190,5,9,+41520+,/ke1,1カ1,
軼,,547,,190,5,12,+55030+,/yi4,1イツ1イチ1テツ1デチ1うせる1すぐれる1すぎる1もれる1,
轶,軼,,547,190,5,9,+45580+,/yi4,1イツ1イチ1テツ1デチ1うせる1すぐれる1すぎる1もれる1,
軽(1),輕,,549,190,5,12,+57014+,/qing1,1ケイ1キヤウ1(1キョウ1)1かるい1かろやか1かるがるしい1かろんずる1,
軽(2),輕,,549,190,5,12,+57014+,/qing4,1ケイ1キヤウ1(1キョウ1),
轻(1),輕,,549,190,5,9,+47512+,/qing1,1ケイ1キヤウ1(1キョウ1)1かるい1かろやか1かるがるしい1かろんずる1,
轻(2),輕,,549,190,5,12,+47512+,/qing4,1ケイ1キヤウ1(1キョウ1),
轹,轢,,552,190,5,9,+42594+,/li4,1レキ1リヤク1(1リャク1)1ひく1ふむ1きしる1ふみにじる1,
轳,轤,,552,190,5,9,+41507+,/lu2,1ロ1ル1,
軶,軛,552,547,190,5,12,+53017+,/e4,1アク1ヤク1くびき1,
軾,式,547,154,190,6,13,+53040+,/shi4,1シヨク1(1ショク1)1シキ1しきみ1よこぎ1,
轼,軾,,547,190,6,10,+43540+,/shi4,1シヨク1(1ショク1)1シキ1しきみ1よこぎ1,
輀,,547,,190,6,13,+51027+,/er2,1ジ1ニ1ひつぎぐるま1,
較(1),角,547,511,190,6,13,+50048+,/jue2,1カク1,
較(2),校,547,242,190,6,13,+50048+,/jiao4/jiao3,1カウ1(1コウ1)1ケウ1(1キョウ1)1くらべる1やや1あきらか1,
较(1),較,,547,190,6,13,+40548+,/jue2,1カク1,
较(2),較,,547,190,6,13,+40548+,/jiao4/jiao3,1カウ1(1コウ1)1ケウ1(1キョウ1)1くらべる1やや1あきらか1,
輅(1),路,548,541,190,6,13,+57064+,/lu4,1ロ1くるま1みくるま1,
輅(2),,548,,190,6,13,+57064+,/ya4,1ガ1ゲ1,
辂(1),輅,,548,190,6,10,+47564+,/lu4,1ロ1くるま1みくるま1,
辂(2),輅,,548,190,6,10,+47564+,/ya4,1ガ1ゲ1,
輇,銓,548,581,190,6,13,+58014+,/quan2,1セン1ゼン1,
辁,輇,,548,190,6,10,+48514+,/quan2,1セン1ゼン1,
輈,,548,,190,6,13,+57040+,/zhou1,1チウ1(1チュウ1)1チユ1(1チュ1)1ながえ1,
辀,輈,,548,190,6,10,+47540+,/zhou1,1チウ1(1チュウ1)1チユ1(1チュ1)1ながえ1,
載(1),,548,,190,6,13,+43550+,/zai4,1サイ1のせる1のる1はじまる1はじめて1しるす1すなはち1(1すなわち1),
載(2),,548,,190,6,13,+43550+,/zai4,1サイ1,
載(3),,548,,190,6,13,+43550+,/zai3,1サイ1とし1,
载(1),載,,548,190,6,10,+43550+,/zai4,1サイ1のせる1のる1はじまる1はじめて1しるす1すなはち1(1すなわち1),
载(2),載,,548,190,6,10,+43550+,/zai4,1サイ1,
载(3),載,,548,190,6,10,+43550+,/zai3,1サイ1とし1,
輊,軒,548,546,190,6,10,+51014+,/zhi4,1チ1おもい1ひくい1,
輌,輛,,549,190,6,13,+51027+,/liang2,1リヤウ1(1リョウ1)1くるま1,
轿,轎,,551,190,6,10,+42528+,/jiao4,1ケウ1(1キョウ1)1ゲウ1(1ギョウ1)1かご1こし1,
輒,,548,,190,7,14,+51010+,/zhe2,1テフ1(1チョウ1)1すなはち1(1すなわち1)1たちまち1,
辄,輒,,548,190,7,11,+41512+,/zhe2,1テフ1(1チョウ1)1すなはち1(1すなわち1)1たちまち1,
輓,,548,,190,7,14,+57016+,/wan3,1バン1マン1ベン1ひく1いたむ1おそい1ちかい1,
輔,,548,,190,7,14,+53027+,/fu3,1フ1ブ1ホ1そへぎ1(1そえぎ1)1たすける1たすけ1すけ1,
辅,輔,,548,190,7,11,+43527+,/fu3,1フ1ブ1ホ1そへぎ1(1そえぎ1)1たすける1たすけ1すけ1,
輕(1),,549,,190,7,14,+51011+,/qing1,1ケイ1キヤウ1(1キョウ1)1かるい1かろやか1かるがるしい1かろんずる1,
輕(2),,549,,190,7,14,+51011+,/qing4,1ケイ1キヤウ1(1キョウ1),
辆,輛,,549,190,7,11,+41527+,/liang2,1リヤウ1(1リョウ1)1くるま1,
輗,,549,,190,8,15,+57017+,/ni2,1ゲイ1ガイ1,
輘,,549,,190,8,15,+54047+,/ling2,1リヨウ1(1リョウ1)1ロウ1,
輛,,549,,190,8,15,+51027+,/liang2,1リヤウ1(1リョウ1)1くるま1,
輝,,549,,190,8,15,+97256+,/hui1,1キ1かがやく1てる1かがやき1かがやかしい1,
辉,輝,,549,190,8,12,+97254+,/hui1,1キ1かがやく1てる1かがやき1かがやかしい1,
輞,,549,,190,8,15,+57020+,/wang3,1バウ1(1ボウ1)1マウ1(1モウ1),
辋,輞,,549,190,8,12,+47520+,/wang3,1バウ1(1ボウ1)1マウ1(1モウ1),
輟,,549,,190,8,15,+57047+,/zhuo4,1テツ1テチ1とどめる1やめる1つづる1,
辍,輟,,549,190,8,12,+47547+,/zhuo4,1テツ1テチ1とどめる1やめる1つづる1,
輠,,549,,190,8,15,+56094+,/huo3,1クワ1(1カ1)1グワ1(1ガ1),
輦,,549,,190,8,15,+55506+,/nian3,1レン1こし1たごし1てぐるま1みくるま1,
辇,輦,,549,190,8,12,+55504+,/nian3,1レン1こし1たごし1てぐるま1みくるま1,
輧,,549,,190,8,15,+58041+,/ping2,1ヘイ1ビヤウ1(1ビョウ1)1ヘン1ベン1,
輩,,549,,190,8,15,+11506+,/bei4,1ハイ1ヘ1ともがら1やから1ついで1,
辈,輩,,549,190,8,12,+11504+,/bei4,1ハイ1ヘ1ともがら1やから1ついで1,
輪,,549,,190,8,15,+58027+,/lun2,1リン1わ1,
輜,輺,552,550,190,8,15,+52063+,/zi1,1シ1,
辎,輺輜,,550552,190,8,12,+42563+,/zi1,1シ1,
輙,輒,552,548,190,8,15,+51047+,/zhe2,1テフ1(1チョウ1)1すなはち1(1すなわち1)1たちまち1,
輺,,550,,190,9,16,+52063+,/zi1,1シ1,
輭,軟,550,547,190,9,16,+51034+,/ruan3,1ゼン1ナン1やわらかい1,
輮,揉,550,199,190,9,16,+57094+,/rou2,1ジウ1(1ジュウ1)1ニユ1(1ニュ1),
輯,,550,,190,9,16,+56041+,/ji2,1シフ1(1シュウ1)1ジフ1(1ジュウ1)1あつめる1やわらぐ1,
辑,輯,,550,190,9,13,+46541+,/ji2,1シフ1(1シュウ1)1ジフ1(1ジュウ1)1あつめる1やわらぐ1,
輳,,550,,190,9,16,+55034+,/cou4,1ソウ1ス1あつまる1,
辏,輳,,550,190,9,13,+45584+,/cou4,1ソウ1ス1あつまる1,
輸(1),,550,,190,9,16,+58021+,/shu1,1シユ1(1シュ1)1ユ1うつす1いたす1まける1,
輸(2),,550,,190,9,16,+58021+,/shu1,1シユ1(1シュ1)1ユ1,
输(1),輸,,550,190,9,13,+48521+,/shu1,1シユ1(1シュ1)1ユ1うつす1いたす1まける1,
输(2),輸,,550,190,9,13,+48521+,/shu1,1シユ1(1シュ1)1ユ1,
輹,,550,,190,9,16,+58047+,/fu4,1フク1とこしばり1よこがみしばり1,
輻,輹,550,550,190,9,16,+51066+,/fu2,1フク1や1,
辐,輻,,550,190,9,13,+41566+,/fu2,1フク1や1,
輾(1),,550,,190,10,17,+57032+,/zhan3,1テン1,
輾(2),,550,,190,10,17,+57032+,/nian3,1デン1ネン1ひく1にじる1きしる1ころがる1ひきうす1めぐる1,
辗(1),輾,,550,190,10,14,+47532+,/zhan3,1テン1,
辗(2),輾,,550,190,10,14,+47532+,/nian3,1デン1ネン1ひく1にじる1きしる1ころがる1ひきうす1めぐる1,
輿,,550,,190,10,17,+77801+,/yu2,1ヨ1こし1くるま1かつぐ1のせる1おほい1(1おおい1)1はじめ1めしつかひ1(1めしつかい1),
舆,輿,,550,190,10,14,+77801+,/yu2,1ヨ1こし1くるま1かつぐ1のせる1おほい1(1おおい1)1はじめ1めしつかひ1(1めしつかい1),
轂,,551,,190,10,17,+47547+,/gu3,1コク1こしき1あつめる1おす1くるま1しめくくる1,
毂,轂,,551,190,10,14,+47547+,/gu3,1コク1こしき1あつめる1おす1くるま1しめくくる1,
轄,,551,,190,10,17,+53061+,/xia2,1カツ1ゲチ1くさび1とりしまる1,
辖(1),轄,,551,190,10,14,+43565+,/xia2,1カツ1ゲチ1くさび1とりしまる1,
辖(2),鎋,,585,190,10,14,+43565+,/xia2,1カツ1ガチ1くさび1,
轅,,551,,190,10,17,+54032+,/yuan2,1エン1ながえ1,
辕,轅,,551,190,10,14,+44532+,/yuan2,1エン1ながえ1,
轆,,551,,190,11,18,+50011+,/lu4,1ロク1,
辘,轆,,551,190,11,15,+40512+,/lu4,1ロク1,
轇,,551,,190,11,18,+57022+,/jiu1,1カウ1(1コウ1)1ケウ1(1キョウ1),
轉(1),,551,,190,11,18,+55043+,/zhuan3,1テン1ころがる1ころげる1ころぶ1まろぶ1うつる1うたた1,
轉(2),,551,,190,11,18,+55043+,/zhuan4,1テン1ころがす1ころばす1はこぶ1,
轊,,551,,190,11,18,+55077+,/wei4,1ヱイ1(1エイ1)1ヱ1(1エ1),
轍,,551,,190,12,19,+58040+,/che4/zhe4,1テツ1デチ1わだち1あとかた1のり1,
辙,轍,,551,190,12,16,+48540+,/che4/zhe4,1テツ1デチ1わだち1あとかた1のり1,
轎,,551,,190,12,19,+52027+,/jiao4,1ケウ1(1キョウ1)1ゲウ1(1ギョウ1)1かご1こし1,
轔,,551,,190,12,19,+59059+,/lin2,1リン1ふみにじる1ふむ1,
辚,轔,,551,190,12,16,+49559+,/lin2,1リン1ふみにじる1ふむ1,
轕,轇,551,551,190,13,20,+54027+,/ge2,1カツ1カチ1,
轖,,551,,190,13,20,+54061+,/se4,1シヨク1(1ショク1)1シキ1,
轗,軻,552,547,190,13,20,+53035+,/kan3,1カン1,
轘,,552,,190,13,20,+56032+,/huan4,1クワン1(1カン1)1ゲン1,
轞,,552,,190,14,21,+58017+,/jian4,1カン1ゲン1,
轟,,552,,190,14,21,+50556+,/hong1,1クワウ1(1コウ1)1ガウ1(1ゴウ1)1とどろく1とどろき1おほいに1(1おおいに1),
轡,,552,,190,15,22,+22609+,/pei4,1ヒ1ビ1たづな1くつわ1,
轢,,552,,190,15,22,+52094+,/li4,1レキ1リヤク1(1リャク1)1ひく1ふむ1きしる1ふみにじる1,
轤,,552,,190,16,23,+51017+,/lu2,1ロ1ル1,
辛,,552,,191,0,7,+00401+,/xin1,1シン1かのと1からい1つらい1からし1,
辜,,552,,191,5,12,+40401+,/gu1,1コ1つみ1とが1そむく1,
辟(1),,552,,191,6,13,+70641+,/bi4,1ヘキ1ヒヤク1(1ヒャク1)1きみ1めす1,
辟(2),,552,,191,6,13,+70641+,/pi4,1ヘキ1ヒヤク1(1ヒャク1)1つみ1さける1よこしま1,
辟(3),,552,,191,6,13,+70641+,/pi4,1ヘキ1ヒヤク1(1ヒャク1)1かたよる1,
辞,辭,553,553,191,6,13,+20641+,/ci2,1シ1ジ1ふみ1ことば1ことわる1やめる1,
辠,罪,553,419,191,6,13,+26401+,/zui4,1サイ1ザイ1つみ1,
辢,,552,,191,7,14,+50941+,/la4,1ラツ1ラチ1からい1きびしい1すごい1むごい1,
辣,辢,,552,191,7,14,+05496+,/la4,1ラツ1ラチ1からい1きびしい1すごい1むごい1,
辤,辭,553,553,191,8,15,+20441+,/ci2,1シ1ジ1ふみ1ことば1ことわる1やめる1,
辦,,552,,191,9,16,+00441+,/ban4,1ハン1ベン1そなへる1(1そなえる1)1あつかふ1(1あつかう1)1さばく1つとめる1ととのへる1(1ととのえる1),
辨,辯,552,553,191,9,16,+00441+,/bian4,1ハン1ベン1わきまへる1(1わきまえる1)1わける1,
辩,辯,,553,191,9,16,+00441+,/bian4,1ハン1ベン1,
辫,辮,,416,191,10,17,+00441+,/pian4,1ヘン1ベン1あむ1くむ1,
辭,,553,,191,12,19,+20241+,/ci2,1シ1ジ1ふみ1ことば1ことわる1やめる1,
辯,辨,553,552,191,14,22,+00441+,/bian4,1ハン1ベン1,
辰,,553,,192,0,7,+71232+,/chen2,1シン1ジン1たつ1とき1ひ1,
辱,,553,,192,3,10,+71343+,/ru4/ru3,1ジヨク1(1ジョク1)1ニヨク1(1ニョク1)1ニク1はづかしめる1(1はずかしめる1)1はづかしめ1(1はずかしめ1)1はぢる1(1はじる1)1はぢ1(1はじ1)1かたじけない1,
農,,553,,192,6,13,+55232+,/nong2,1ドウ1ヌ1ノウ1たがやす1,
辵,,553,,193,0,7,+20801+,/zhuo4,1チヤク1(1チャク1)1しんねう1(1しんにょう1),
辽,遼,,562,193,2,5,+37302+,/liao2,1レウ1(1リョウ1)1はるか1とほい1(1とおい1),
辺,邊,,563,193,2,5,+37302+,/bian1,1ヘン1あたり1べ1はし1はて1へり1ふち1へ1ほとり1,
边,邊,,563,193,2,5,+34302+,/bian1,1ヘン1あたり1べ1はし1はて1へり1ふち1へ1ほとり1,
迂,,553,,193,3,7,+31304+,/yu1,1ウ1うとい1とほい1(1とおい1)1まがる1,
迄,,553,,193,3,7,+38301+,/qi4,1キツ1コチ1いたる1およぶ1つひに1(1ついに1)1まで1,
迅,,553,,193,3,7,+37301+,/xun4,1シン1シユン1(1シュン1)1ジン1はやい1はげしい1,
过(1),過,563,559,193,3,7,+34300+,/guo4,1クワ1(1カ1)1あやまち1あやまつ1とが1すぎる1すごす1よぎる1,
过(2),過,563,559,193,3,7,+34300+,/guo1,1クワ1(1カ1)1よぎる1,
达,達,,559,193,3,6,+34308+,/da2,1タツ1ダチ1とほる1(1とおる1)1とほす1(1とおす1)1とどく1,
迁,遷,,561,193,3,6,+32304+,/qian1,1セン1うつる1うつす1,
迈,邁,,562,193,3,6,+31302+,/mai4,1バイ1マイ1ゆく1すぎる1つとめる1すぐれる1,
迍,,554,,193,4,8,+35301+,/zhun1,1チユン1(1チュン1)1たちもとをる1(1たちもとおる1),
迎(1),,554,,193,4,8,+37302+,/ying2,1ゲイ1ギヤウ1(1ギョウ1)1むかへる1(1むかえる1),
迎(2),,554,,193,4,8,+37302+,/ying4,1ゲイ1ギヤウ1(1ギョウ1),
近(1),,554,,193,4,8,+32302+,/jin4,1キン1ゴン1コン1ちかい1ちかづく1,
近(2),,554,,193,4,8,+32302+,/jin4,1キン1ゴン1コン1,
迓,,554,,193,4,8,+31304+,/ya4,1ガ1ゲ1むかへる1(1むかえる1),
返,反,554,058,193,4,8,+31304+,/fan3,1ハン1ホン1ヘン1かへす1(1かえす1)1かへる1(1かえる1),
迕,,554,,193,4,8,+38304+,/wu4,1ゴ1さからふ1(1さからう1),
这(1),這,,556,193,4,7,+30304+,/yan4,1ゲン1むかへる1(1むかえる1)1はふ1(1はう1)1はひ1(1はい1),
这(2),這,,556,193,4,7,+30304+,/zhe4,1シヤ1(1シャ1)1これ1この1,
连,連,,557,193,4,7,+34305+,/lian2,1レン1つらなる1つらねる1つれる1つれ1むらじ1,
进,進,,557,193,4,7,+35300+,/jin4,1シン1すすむ1すすめる1,
违,違,,560,193,4,7,+35302+,/wei2,1ヰ1(1イ1)1さる1そむく1ちがふ1(1ちがう1)1ちがへる1(1ちがえる1)1たがふ1(1たがう1)1たがへる1(1たがえる1),
远(1),遠,,560,193,4,7,+31301+,/yuan3,1ヱン1(1エン1)1ヲン1(1オン1)1とほい1(1とおい1)1をち1(1おち1),
远(2),遠,,560,193,4,7,+31301+,/yuan4,1ヱン1(1エン1)1ヲン1(1オン1)1とほざける1(1とおざける1)1とほざかる1(1とおざかる1)1さかる1,
运,運,,559,193,4,7,+31303+,/yun4,1ウン1はこぶ1めぐる1めぐらす1めぐり1,
迟(1),遲,,561,193,4,7,+37308+,/chi2,1チ1ヂ1(1ジ1)1おくれる1おくらす1おそい1,
迟(2),遲,,561,193,4,7,+37308+,/zhi4,1チ1ヂ1(1ジ1)1まつ1まつて1(1まって1)1やうやく1(1ようやく1),
还(1),還,563,562,193,4,8,+31309+,/huan2,1クワン1(1カン1)1ゲン1かへる1(1かえる1)1かへす1(1かえす1),
还(2),還,563,562,193,4,8,+31309+,/xuan2,1セン1ゼン1めぐらす1めぐる1,
还(3),還,563,562,193,4,8,+31309+,/hai2,1クワン1(1カン1)1ゲン1また1なほ1(1なお1),
迢,,554,,193,5,9,+37306+,/tiao2,1テウ1(1チョウ1)1デウ1(1ジョウ1)1はるか1とほい1(1とおい1),
迤,,554,,193,5,9,+38301+,/yi2/yi3,1イ1これ1,
迥,,554,,193,5,9,+37302+,/jiong3,1ケイ1キヤウ1(1キョウ1)1はるか1とほい1(1とおい1),
迦,,554,,193,5,9,+36300+,/jia1,1カ1ケ1,
迨,逮,554,557,193,5,9,+33306+,/dai4,1タイ1ダイ1いたる1およぶ1ねがふ1(1ねがう1)1まで1,
迪,,554,,193,5,9,+35306+,/di2,1テキ1ヂヤク1(1ジャク1)1みち1みちびく1すすむ1ふむ1,
迫,,554,,193,5,9,+36300+,/bo4,1ハク1ヒヤク1(1ヒャク1)1せまる1,
迭,,555,,193,5,9,+35303+,/die2,1テツ1デチ1かはる1(1かわる1)1たがひに1(1たがいに1),
述,,555,,193,5,9,+33309+,/shu4,1シユツ1(1シュツ1)1ジユチ1(1ジュチ1)1ジユツ1(1ジュツ1)1のべる1,
迳,逕,,556,193,5,8,+37301+,/jing4,1ケイ1キヤウ1(1キョウ1)1こみち1みち1さしわたし1ただちに1,
迩,邇,563,563,193,5,9,+31302+,/er3,1ジ1ニ1ちかい1,
迷,,555,,193,6,10,+39309+,/mi2,1ベイ1メイ1まよふ1(1まよう1)1まよひ1(1まよい1)1まわはす1(1まよわす1)1まどふ1(1まどう1),
迹,跡,555,540,193,6,10,+30303+,/ji1,1セキ1シヤク1(1シャク1)1あと1たづねる1(1たずねる1)1あとかた1おこなひ1(1おこない1),
追,,555,,193,6,10,+37307+,/zhui1,1ツヰ1(1ツイ1)1おふ1(1おう1),
退,,555,,193,6,10,+37303+,/tui4,1タイ1しりぞく1しりぞける1ひく1すさる1のく1のける1,
送,,555,,193,6,10,+38303+,/song4,1ソウ1ス1おくる1,
适(1),,555,,193,6,10,+32306+,/gua1/kuo4,1クワツ1(1カツ1)1クワチ1(1カチ1),
适(2),適,,540,193,6,9,+32306+,/shi4,1セキ1シヤク1(1シャク1)1テキ1ゆく1とつぐ1,
适(3),適,,540,193,6,9,+32306+,/di4,1テキ1チヤク1(1チャク1)1かなふ1(1かなう1)1たまたま1ただ1,
逃,,555,,193,6,10,+32301+,/tao2,1タウ1(1トウ1)1ダウ1(1ドウ1)1にげる1にがす1のがす1のがれる1,
逄,,555,,193,6,10,+37304+,/pang2,1ハウ1(1ホウ1)1ボウ1,
逅,遘,555,560,193,6,10,+32306+,/hou4/kou4,1コウ1グ1あふ1(1あう1)1まみえる1めぐりあふ1(1めぐりあう1),
逆,,555,,193,6,10,+38304+,/ni4,1ゲキ1ギヤク1(1ギャク1)1さか1さからふ1(1さからう1)1たがふ1(1たがう1)1さかさま1むかへる1(1むかえる1)1あらかじめ1,
选,選,,561,193,6,9,+34301+,/xuan3,1セン1えらぶ1える1すぐる1よる1,
迺(1),乃,563,005,193,6,10,+31306+,/nai3,1ナイ1ダイ1すなはち1(1すなわち1)1なんぢ1(1なんじ1)1の1,
迺(2),乃,563,005,193,6,10,+31306+,/ai3,1アイ1エ1,
38817(1),後,563,161,193,6,10,+32304+,/hou4,1コウ1グ1ゴ1のち1うしろ1あと1しりへ1(1しりえ1),
38817(2),後,563,161,193,6,10,+32304+,/hou4,1コウ1グ1ゴ1おくれる1,
逈,迥,563,554,193,6,10,+37302+,/jiong3,1ケイ1キヤウ1(1キョウ1)1はるか1とほい1(1とおい1),
迴,回廻,563,084153,193,6,10,+36300+,/hui2/hui4,1クワイ1(1カイ1)1ヱ1(1エ1)1まはる1(1まわる1)1まはす1(1まわす1)1めぐる1めぐらす1かへる1(1かえる1)1かへす1(1かえす1)1たがふ1(1たがう1)1たび1,
逋,,556,,193,7,11,+33302+,/bu1,1ホ1フ1にげる1のがれる1かくれる1おひめ1(1おいめ1),
逌,攸,556,210,193,7,11,+31306+,/you2,1イウ1(1ユウ1)1ユ1くつろぐ1ゆるやか1,
逍,,556,,193,7,11,+39302+,/xiao1,1セウ1(1ショウ1)1さまよふ1(1さまよう1),
透,,556,,193,7,11,+32302+,/tou4,1トウ1ヅ1(1ズ1)1すく1すかす1すける1とほる1(1とおる1)1とほす1(1とおす1),
逐,,556,,193,7,11,+31303+,/zhu2,1チク1ヂク1(1ジク1)1おふ1(1おう1),
逑,,556,,193,7,11,+33303+,/qiu2,1キウ1(1キュウ1)1グ1あつめる1あつまる1つれあひ1(1つれあい1)1とも1,
途,,556,,193,7,11,+38309+,/tu2,1ト1ヅ1(1ズ1)1みち1,
逕,,556,,193,7,11,+31301+,/jing4,1ケイ1キヤウ1(1キョウ1)1こみち1みち1さしわたし1ただちに1,
逖,,556,,193,7,11,+39308+,/ti4,1テキ1チヤク1(1チャク1)1にげる1とほい1(1とおい1)1はるか1,
逗,,556,,193,7,11,+31301+,/dou4,1トウ1ヅ1(1ズ1)1とどまる1とどめる1くぎり1,
這(1),,556,,193,7,11,+30306+,/yan4,1ゲン1むかへる1(1むかえる1)1はふ1(1はう1)1はひ1(1はい1),
這(2),,556,,193,7,11,+30306+,/zhe4,1シヤ1(1シャ1)1これ1この1,
通,,556,,193,7,11,+37302+,/tong1,1トウ1ヅ1(1ズ1)1ツウ1とほる1(1とおる1)1とほす1(1とおす1)1かよふ1(1かよう1)1とほり1(1とおり1)1かよひ1(1かよい1),
逛,,556,,193,7,11,+31301+,/guang3,1キヤウ1(1キョウ1),
逝,,557,,193,7,11,+32302+,/shi4,1セイ1ゆく1さる1,
逞,,557,,193,7,11,+36301+,/cheng3,1テイ1チヤウ1(1チョウ1)1こころよい1たくましい1たくましくする1,
速,,557,,193,7,11,+35309+,/su4,1ソク1はやい1はやめる1すみやか1まねく1はやさ1,
造(1),,557,,193,7,11,+34306+,/zao4,1サウ1(1ソウ1)1ザウ1(1ゾウ1)1つくる1なす1なる1はじめる1みやつこ1,
造(2),,557,,193,7,11,+34306+,/zao4,1サウ1(1ソウ1)1ザウ1(1ゾウ1)1いたる1,
逡,,557,,193,7,11,+33304+,/qun1,1シユン1(1シュン1)1しりぞく1はやい1ためらふ1(1ためらう1)1しさる1,
逢(1),,557,,193,7,11,+37304+,/feng2,1ホウ1ブ1あふ1(1あう1)1あひ1(1あい1)1おほきい1(1おおきい1)1むかえる1ゆたか1,
逢(2),,557,,193,7,11,+37304+,/peng2/pang2,1ホウ1ブ1,
連,,557,,193,7,11,+35300+,/lian2,1レン1つらなる1つらねる1つれる1つれ1むらじ1,
逓,遞,,560,193,7,10,+32302+,/di4,1テイ1ダイ1つたへる1(1つたえる1)1たがひに1(1たがいに1)1かはつて1(1かわって1)1かはる1(1かわる1),
递,遞,,560,193,7,10,+38302+,/di4,1テイ1ダイ1つたへる1(1つたえる1)1たがひに1(1たがいに1)1かはつて1(1かわって1)1かはる1(1かわる1),
38875,退,563,555,193,7,11,+36304+,/tui4,1タイ1しりぞく1しりぞける1ひく1すさる1のく1のける1,
逬,屛,557,133,193,8,12,+38304+,/beng4,1ハウ1(1ホウ1)1ヒヤウ1(1ヒョウ1)1たばしる1はしる1ほとばしる1,
逭,,557,,193,8,12,+33307+,/huan4,1クワン1(1カン1)1グワン1(1ガン1)1のがれる1,
逮,迨,557,554,193,8,12,+35303+,/dai4/dai3,1タイ1ダイ1およぶ1とらへる1(1とらえる1),
週,周,557,068,193,8,12,+37302+,/zhou1,1シウ1(1シュウ1)1シユ1(1シュ1)1めぐる1,
進,,557,,193,8,12,+30301+,/jin4,1シン1すすむ1すすめる1,
逴,,558,,193,8,12,+31304+,/chuo4,1タク1チヤク1(1チャク1),
逵,,558,,193,8,12,+34301+,/kui2,1キ1ギ1おほぢ1(1おおじ1)1おほどおり1(1おおどおり1),
逶,,558,,193,8,12,+32304+,/wei1,1ヰ1(1イ1),
逸,,558,,193,8,12,+37301+,/yi4,1イツ1イチ1はしる1のがれる1はやる1うしなふ1(1うしなう1)1すぐれる1そらす1それる1,
逻,邏,,563,193,8,11,+36302+,/luo2,1ラ1めぐる1みまはる1(1みまわる1)1みまはり1(1みまわり1),
逼,,558,,193,9,13,+31306+,/bi1,1ヒヨク1(1ヒョク1)1ヒキ1ヒツ1せまる1,
逾,,558,,193,9,13,+38302+,/yu2,1ユ1こえる1こす1いよいよ1,
遁(1),遯,558,561,193,9,13,+32306+,/dun4,1トン1ドン1のがれる1かくれる1,
遁(2),巡,558,140,193,9,13,+32306+,/xun2,1シユン1(1シュン1)1しりごみする1,
遂,,558,,193,9,13,+38303+,/sui4,1スヰ1(1スイ1)1ズヰ1(1ズイ1)1とげる1おほせる1(1おおせる1)1つひに1(1ついに1),
遄,,558,,193,9,13,+32302+,/chuan2,1セン1ゼン1,
遇,,558,,193,9,13,+36302+,/yu4,1グ1グウ1あふ1(1あう1)1もてなす1たまたま1,
遊,游,558,296,193,9,13,+38304+,/you2,1イウ1(1ユウ1)1ユ1あそぶ1あそばす1あそび1すさぶ1すさび1,
運,,559,,193,9,13,+37304+,/yun4,1ウン1はこぶ1めぐる1めぐらす1めぐり1,
遌,,559,,193,9,13,+36302+,/e4/wu4,1ガク1,
遍,徧,559,162,193,9,13,+33302+,/bian4,1ヘン1ベン1あまねし1あまねく1,
過(1),,559,,193,9,13,+37302+,/guo4,1クワ1(1カ1)1あやまち1あやまつ1とが1すぎる1すごす1よぎる1,
過(2),,559,,193,9,13,+37302+,/guo1,1クワ1(1カ1)1よぎる1,
遏,,559,,193,9,13,+36302+,/e4,1アツ1アチ1とどめる1さへぎる1(1さえぎる1)1つくす1たつ1,
遐,,559,,193,9,13,+37304+,/xia2,1カ1ゲ1とほい1(1とおい1)1はるか1とほざける1(1とおざける1)1なんぞ1,
遑,,559,,193,9,13,+36301+,/huang2,1クワウ1(1コウ1)1ワウ1(1オウ1),
遒,,559,,193,9,13,+38306+,/qiu2,1シウ1(1シュウ1)1シユ1(1シュ1)1イウ1(1ユウ1)1せまる1つきる1はやい1あつまる1あつめる1かたまる1かたい1つよい1ちからづよい1,
道(1),,559,,193,9,13,+38306+,/dao4,1タウ1(1トウ1)1ダウ1(1ドウ1)1みち1いふ1(1いう1),
道(2),,559,,193,9,13,+38306+,/dao4,1タウ1(1トウ1)1ダウ1(1ドウ1)1みちびく1,
達,,559,,193,9,13,+34304+,/da2,1タツ1ダチ1とほる1(1とおる1)1とほす1(1とおす1)1とどく1,
違,,560,,193,9,13,+34304+,/wei2,1ヰ1(1イ1)1さる1そむく1ちがふ1(1ちがう1)1ちがへる1(1ちがえる1)1たがふ1(1たがう1)1たがへる1(1たがえる1),
遅(1),遲,563,561,193,9,12,+37304+,/chi2,1チ1ヂ1(1ジ1)1おくれる1おくらす1おそい1,
遅(2),遲,563,561,193,9,12,+37304+,/zhi4,1チ1ヂ1(1ジ1)1まつ1まつて1(1まって1)1やうやく1(1ようやく1),
遗(1),遺,,562,193,9,12,+35308+,/yi2,1ヰ1(1イ1)1ユヰ1(1ユイ1)1わすれる1のこす1のこる1すてる1,
遗(2),遺,,562,193,9,12,+35308+,/kui4,1ヰ1(1イ1)1ユヰ1(1ユイ1)1おくる1,
遉,偵,563,025,193,9,13,+31308+,/zhen1,1テイ1チヤウ1(1チョウ1)1うかがふ1(1うかがう1),
遘,,560,,193,10,14,+35305+,/gou4,1コウ1ク1あふ1(1あう1)1まみえる1,
遙,逍,560,556,193,10,14,+37307+,/yao2,1エウ1(1ヨウ1)1はるか1ながい1さまよふ1(1さまよう1)1とほい1(1とおい1),
遜,,560,,193,10,14,+32309+,/xun4/sun4,1ソン1へりくだる1ゆずる1のがれる1おとる1,
遝,雜,560,605,193,10,14,+36303+,/ta4,1タフ1(1トウ1)1ダフ1(1ドウ1),
遞,,560,,193,10,14,+32301+,/di4,1テイ1ダイ1つたへる1(1つたえる1)1たがひに1(1たがいに1)1かはつて1(1かわって1)1かはる1(1かわる1),
遠(1),,560,,193,10,14,+34303+,/yuan3,1ヱン1(1エン1)1ヲン1(1オン1)1とほい1(1とおい1)1をち1(1おち1),
遠(2),,560,,193,10,14,+34303+,/yuan4,1ヱン1(1エン1)1ヲン1(1オン1)1とほざける1(1とおざける1)1とほざかる1(1とおざかる1)1さかる1,
遡,泝,560,284,193,10,14,+37302+,/su4,1ソ1さかのぼる1(1むかふ1),
遢,邋,560,563,193,10,14,+36302+,/ta4,1タフ1,
遣,,560,,193,10,14,+35307+,/qian3,1ケン1つかふ1(1つかう1)1つかはす1(1つかわす1)1つかひ1(1つかい1)1やる1しむ1,
遛,39126,,561,193,10,13,+37306+,/liu2/liu4,1リウ1(1リュウ1)1ル1,
39053(1),道,563,559,193,10,14,+32306+,/dao4,1タウ1(1トウ1)1ダウ1(1ドウ1)1みち1いふ1(1いう1),
39053(2),道,563,559,193,10,14,+32306+,/dao4,1タウ1(1トウ1)1ダウ1(1ドウ1)1みちびく1,
39033,遷,563,561,193,10,14,+31305+,/qian1,1セン1うつる1うつす1,
遟(1),遲,563,561,193,10,14,+37304+,/chi2,1チ1ヂ1(1ジ1)1おくれる1おくらす1おそい1,
遟(2),遲,563,561,193,10,14,+37304+,/zhi4,1チ1ヂ1(1ジ1)1まつ1まつて1(1まって1)1やうやく1(1ようやく1),
遨,,560,,193,11,15,+38304+,/ao2,1ガウ1(1ゴウ1)1あそぶ1,
適(1),,560,,193,11,15,+30302+,/shi4,1セキ1シヤク1(1シャク1)1テキ1ゆく1とつぐ1,
適(2),嫡敵謫,560,113213523,193,11,15,+30302+,/di4,1テキ1チヤク1(1チャク1)1かなふ1(1かなう1)1たまたま1ただ1,
遭,,561,,193,11,15,+35306+,/zao1,1サウ1(1ソウ1)1あふ1(1あう1),
遮,,561,,193,11,15,+30303+,/zhe1,1シヤ1(1シャ1)1さへぎる1(1さえぎる1)1これ1この1,
遯,遁,561,558,193,11,15,+31303+,/dun4,1トン1ドン1のがれる1かくれる1にげる1,
遰,迢,561,554,193,11,15,+34302+,/ti4,1テイ1ダイ1,
遲(1),,561,,193,12,16,+37304+,/chi2,1チ1ヂ1(1ジ1)1おくれる1おくらす1おそい1,
遲(2),,561,,193,12,16,+37304+,/zhi4,1チ1ヂ1(1ジ1)1まつ1まつて1(1まって1)1やうやく1(1ようやく1),
39126,逗,561,556,193,12,16,+31306+,/liu2/liu4,1リウ1(1リュウ1)1ル1,
遴(1),,561,,193,12,16,+39304+,/lin4,1リン1,
遴(2),,561,,193,12,16,+39304+,/lin2,1リン1,
遵,,561,,193,12,16,+38304+,/zun1,1シユン1(1シュン1)1ジユン1(1ジュン1)1したがふ1(1したがう1)1ひきゐる1(1ひきいる1),
遶,繞,561,415,193,12,16,+34301+,/rao4,1ゼウ1(1ジョウ1)1ネウ1(1ニョウ1)1かこむ1めぐる1めぐらす1,
遷,,561,,193,12,16,+31301+,/qian1,1セン1うつる1うつす1,
選,,561,,193,12,16,+37308+,/xuan3,1セン1えらぶ1える1すぐる1よる1,
遹,,562,,193,12,16,+37302+,/yu4,1イツ1イチ1,
遺(1),,562,,193,12,16,+35308+,/yi2,1ヰ1(1イ1)1ユヰ1(1ユイ1)1わすれる1のこす1のこる1すてる1,
遺(2),,562,,193,12,16,+35308+,/kui4,1ヰ1(1イ1)1ユヰ1(1ユイ1)1おくる1,
遼,,562,,193,12,16,+34309+,/liao2,1レウ1(1リョウ1)1はるか1とほい1(1とおい1),
遽,,562,,193,13,17,+31303+,/ju4,1キヨ1(1キョ1)1ゴ1にはか1(1にわか1)1すみやか1あはただしい1(1あわただしい1)1あはてる1(1あわてる1)1おそれる1せまる1,
避,,562,,193,13,17,+30304+,/bi4,1ヒ1ビ1さける1さけ1よける1,
邀,,562,,193,13,17,+38304+,/yao1,1エウ1(1ヨウ1)1むかへる1(1むかえる1)1もとめる1,
邁,,562,,193,13,17,+34302+,/mai4,1バイ1マイ1ゆく1すぎる1つとめる1すぐれる1,
邂,逅,562,555,193,13,17,+37304+,/xie4,1カイ1ケ1あふ1(1あう1)1めぐりあふ1(1めぐりあう1),
還(1),,562,,193,13,17,+36303+,/huan2,1クワン1(1カン1)1ゲン1かへる1(1かえる1)1かへす1(1かえす1),
還(2),旋,562,218,193,13,17,+36303+,/xuan2,1セン1ゼン1めぐらす1めぐる1,
還(3),,562,,193,13,17,+36303+,/hai2,1クワン1(1カン1)1ゲン1また1なほ1(1なお1),
邅,迍,562,554,193,13,17,+30301+,/zhan1,1テン1めぐらす1めぐる1,
邃,,562,,193,14,18,+33303+,/sui4,1スヰ1(1スイ1)1ふかい1おくぶかい1とほい1(1とおい1),
邇,,563,,193,14,18,+38309+,/er3,1ジ1ニ1ちかい1,
邈,,563,,193,14,18,+36301+,/miao3,1バク1マク1あなどる1とほい1(1とおい1)1はるか1もだえる1,
邊,,563,,193,15,19,+36302+,/bian1,1ヘン1あたり1べ1はし1はて1へり1ふち1へ1ほとり1,
邋,遢,563,560,193,15,19,+32301+,/la2,1レフ1(1リョウ1),
39235,邈,563,563,193,16,20,+31308+,/miao3,1バク1マク1あなどる1とほい1(1とおい1)1はるか1もだえる1,
邏,,563,,193,19,23,+36301+,/luo2,1ラ1めぐる1みまはる1(1みまわる1)1みまはり1(1みまわり1),
邐,迤,563,554,193,19,23,+31301+,/li3,1リ1つづく1つらなる1,
邑,悒,563,171,194,0,7,+60717+,/yi4,1イフ1(1ユウ1)1オフ1(1オウ1)1くに1みやこ1むら1うれへる1(1うれえる1)1おほざと1(1おおざと1),
邓,鄧,,568,194,2,5,+17427+,/deng4,1トウ1ドウ1,
邕,雍壅,563,604097,194,3,10,+22717+,/yong1,1ヨウ1ユ1やはらぐ1(1やわらぐ1),
邗,,563,,194,3,6,+17427+,/han2,1カン1ガン1,
邙,,563,,194,3,6,+07727+,/mang2,1バウ1(1ボウ1)1マウ1(1モウ1),
邛,,563,,194,3,6,+17127+,/qiong2,1キヨウ1(1キョウ1)1グ1,
邝,鄺,,569,194,3,6,+07227+,/guang4/guang3,1クワウ1(1コウ1),
邠,,564,,194,4,7,+87227+,/bin1,1ヒン1,
邡,,564,,194,4,7,+07227+,/fang1,1ハウ1(1ホウ1),
那(1),,564,,194,4,7,+17527+,/nuo2,1ダ1ナ1,
那(2),,564,,194,4,7,+17527+,/na3,1ダ1ナ1いかんぞ1いづれ1(1いずれ1)1なに1なんぞ1,
那(3),,564,,194,4,7,+17527+,/na4,1ダ1ナ1,
邦,,564,,194,4,7,+57027+,/bang1,1ハウ1(1ホウ1)1くに1,
邪(1),,564,,194,4,7,+17227+,/xie2,1シヤ1(1シャ1)1ジヤ1(1ジャ1)1よこしま1ななめ1,
邪(2),耶,564,427,194,4,7,+17227+,/ye2,1ヤ1や1か1,
邬,鄔,,567,194,4,7,+27127+,/wu1,1ヲ1(1ウ1),
邨,村,569,235,194,4,7,+57727+,/cun1,1ソン1むら1,
邢,郉,569,565,194,4,7,+17427+,/xing2,1ケイ1ギヤウ1(1ギョウ1),
邯(1),,564,,194,5,8,+47727+,/han2,1カン1ガン1,
邯(2),,564,,194,5,8,+47727+,/han2,1カン1ガン1,
邰,,564,,194,5,8,+27627+,/tai2,1タイ1,
邱,丘,564,003,194,5,8,+77127+,/qiu1,1キウ1(1キュウ1)1ク1をか1(1おか1),
邲,,564,,194,5,8,+37027+,/bi4,1ヒツ1ヒチ1,
邳,,564,,194,5,8,+17127+,/pei2,1ヒ1ビ1,
邵,,564,,194,5,8,+17627+,/shao4,1セウ1(1ショウ1)1ゼウ1(1ジョウ1),
邶,,565,,194,5,8,+17127+,/bei4,1ハイ1バイ1,
邸,,565,,194,5,8,+77727+,/di3,1テイ1タイ1やしき1とどめる1いたる1,
邮,郵,,566,194,5,8,+57627+,/you2,1イウ1(1ユウ1)1ユ1しゆくば1(1しゅくば1)1とが1,
邹,鄒,,567,194,5,8,+27127+,/zou1,1シウ1(1シュウ1)1シユ1(1シュ1)1スウ1,
邺,鄴,,568,194,5,8,+37127+,/ye4,1ゲフ1(1ギョウ1)1ゴフ1(1ゴウ1),
邻,鄰,,568,194,5,8,+87327+,/lin2,1リン1となり1となる1,
邾,,565,,194,6,9,+27792+,/zhu1,1チユ1(1チュ1)1シユ1(1シュ1),
邿,,565,,194,6,9,+47327+,/shi1,1シ1,
郁(1),,565,633,194,6,9,+47227+,/yu4,1イク1,
郁(2),鬱,565,633,194,6,9,+47227+,/yu4,1ウツ1ウチ1こもる1ふさがる1かをり1(1かおり1)1さかん1しげる1,
郃,,565,,194,6,9,+87627+,/ge2/he2,1カフ1(1コウ1),
郅,,565,,194,6,9,+17127+,/zhi4,1シツ1シチ1チツ1チチ1,
郇,,565,,194,6,9,+27627+,/xun2,1シユン1(1シュン1),
郈,,565,,194,6,9,+77227+,/hou4,1コウ1グ1,
郉,,565,,194,6,9,+17427+,/xing2,1ケイ1ギヤウ1(1ギョウ1),
郊,,565,,194,6,9,+07427+,/jiao1,1カウ1(1コウ1)1ケウ1(1キョウ1)1まちはづれ1(1まちはずれ1)1まつる1,
郎,郞,,566,194,6,9,+37727+,/lang3,1ラウ1(1ロウ1)1をとこ1(1おとこ1),
郓,鄆,,567,194,6,9,+37752+,/yun4,1ウン1,
郑,鄭,,568,194,6,9,+87827+,/zheng4,1テイ1ヂヤウ1(1ジョウ1)1ねんごろ1,
郄,郤,569,566,194,6,9,+47427+,/xi4,1ケキ1キヤク1(1キャク1)1ゲキ1くぼみ1すきま1ひま1なかたがひ1(1なかたがい1),
郛,,565,,194,7,10,+27427+,/fu2,1フ1くるわ1,
郜,,565,,194,7,10,+27627+,/gao4,1カウ1(1コウ1),
郝,,565,,194,7,10,+47327+,/he4/hao3,1カク1,
郞,,566,,194,7,10,+37727+,/lang3,1ラウ1(1ロウ1)1をとこ1(1おとこ1),
郟,,566,,194,7,10,+47027+,/jia2,1カフ1(1コウ1),
郡,,566,,194,7,10,+17627+,/jun4,1クン1グン1こほり1(1こおり1),
郢,,566,,194,7,10,+67127+,/ying3,1エイ1ヤウ1(1ヨウ1),
郤,隙,566,601,194,7,10,+87627+,/xi4,1ケキ1キヤク1(1キャク1)1ゲキ1くぼみ1すきま1ひま1なかたがひ1(1なかたがい1),
郧,鄖,,567,194,7,10,+67827+,/yun2,1ウン1,
郦(1),酈,,569,194,7,10,+17227+,/li4,1リ1,
郦(2),酈,,569,194,7,10,+17227+,/li4,1レキ1リヤク1(1リャク1),
部,,566,,194,8,11,+07627+,/bu4,1ホ1ブ1わける1くみ1すべる1つかさ1べ1,
郫,邵,566,564,194,8,11,+27427+,/pi2,1ヒ1ビ1,
郭,,566,,194,8,11,+07427+,/guo1,1クワク1(1カク1)1くるわ1,
郯,,566,,194,8,11,+97827+,/tan2,1タン1ダン1,
郴,,566,,194,8,11,+47927+,/chen1,1チン1,
郵,尤,566,130,194,8,11,+27127+,/you2,1イウ1(1ユウ1)1ユ1しゆくば1(1しゅくば1)1とが1,
郷(1),鄕,569,567,194,8,11,+27727+,/xiang1,1キヤウ1(1キョウ1)1ガウ1(1ゴウ1)1さと1ふるさと1,
郷(2),鄕,569,567,194,8,11,+27727+,/xiang4,1キヤウ1(1キョウ1)1ガウ1(1ゴウ1)1むく1さきに1,
郸,鄲,,568,194,8,11,+87527+,/dan1,1タン1,
郰,鄹,569,568,194,8,11,+17127+,/zou1,1シウ1(1シュウ1)1シユ1(1シュ1)1スウ1,
都(1),,567,,194,9,12,+47627+,/du1/dou1,1ト1ヅ1(1ズ1)1みやこ1あつめる1あつまる1すべる1ああ1,
都(2),,567,,194,9,12,+47627+,/dou1,1ト1ヅ1(1ズ1)1すべて1,
郿,,567,,194,9,12,+77227+,/mei2,1ビ1ミ1,
鄀,若,567,452,194,9,12,+47627+,/ruo4,1ジヤク1(1ジャク1)1ニヤク1(1ニャク1),
鄂,,567,,194,9,12,+67227+,/e4,1ガク1さかひ1(1さかい1)1かぎり1,
鄆,,567,,194,9,12,+37527+,/yun4,1ウン1,
鄊(1),鄕,569,567,194,9,12,+27727+,/xiang1,1キヤウ1(1キョウ1)1ガウ1(1ゴウ1)1さと1ふるさと1,
鄊(2),鄕,569,567,194,9,12,+27727+,/xiang4,1キヤウ1(1キョウ1)1ガウ1(1ゴウ1)1むく1さきに1,
鄉(1),鄕,,567,194,9,12,+27727+,/xiang1,1キヤウ1(1キョウ1)1ガウ1(1ゴウ1)1さと1ふるさと1,
鄉(2),鄕,,567,194,9,12,+27727+,/xiang4,1キヤウ1(1キョウ1)1ガウ1(1ゴウ1)1むく1さきに1,
鄏,郟,567,566,194,10,13,+77227+,/ru4,1ジヨク1(1ジョク1)1ニヨク1(1ニョク1),
鄒,,567,,194,10,13,+27427+,/zou1,1シウ1(1シュウ1)1シユ1(1シュ1)1スウ1,
鄔,,567,,194,10,13,+27327+,/wu1,1ヲ1(1ウ1),
鄕(1),,567,,194,10,13,+27727+,/xiang1,1キヤウ1(1キョウ1)1ガウ1(1ゴウ1)1さと1ふるさと1,
鄕(2),向嚮,567,065083,194,10,13,+27727+,/xiang4,1キヤウ1(1キョウ1)1ガウ1(1ゴウ1)1むく1さきに1,
鄖,,567,,194,10,13,+67827+,/yun2,1ウン1,
鄘,,567,,194,11,14,+07227+,/yong1/yong2,1ヨウ1ユ1,
鄙,,568,,194,11,14,+67627+,/bi3,1ヒ1ひな1ひなびる1いやしい1いやしむ1,
鄜,,568,,194,11,14,+07227+,/fu1,1フ1,
鄞,,568,,194,11,14,+47127+,/yin2,1ギン1ゴン1,
鄠,,568,,194,11,14,+17227+,/hu4,1コ1グ1,
鄢,,568,,194,11,14,+17327+,/yan1,1エン1オン1,
39598,鄙,569,568,194,11,14,+27627+,/bi3,1ヒ1ひな1ひなびる1いやしい1いやしむ1,
鄦,許,568,514,194,12,15,+87327+,/xu3,1キヨ1(1キョ1)1コ1,
鄧,,568,,194,12,15,+17127+,/deng4,1トウ1ドウ1,
鄭,,568,,194,12,15,+87427+,/zheng4,1テイ1ヂヤウ1(1ジョウ1)1ねんごろ1,
鄯,,568,,194,12,15,+87627+,/shan4,1セン1ゼン1,
鄰,,568,,194,12,15,+97227+,/lin2,1リン1となり1となる1,
鄱,,568,,194,12,15,+27627+,/bo2,1ハ1バ1,
鄲,邯,568,564,194,12,15,+67527+,/dan1,1タン1,
鄴,,568,,194,13,16,+37927+,/ye4,1ゲフ1(1ギョウ1)1ゴフ1(1ゴウ1),
鄷,酆,,569,194,13,16,+27127+,/feng1,1ホウ1フ1,
鄹,,568,,194,14,17,+17227+,/zou1,1シウ1(1シュウ1)1シユ1(1シュ1)1スウ1,
鄺,,569,,194,15,18,+07227+,/guang4/guang3,1クワウ1(1コウ1),
酂(1),酇,,569,194,16,19,+27827+,/zuan3,1サン1,
酂(2),酇,,569,194,16,19,+27827+,/zan4,1サン1ザン1,
酆,豐,569,527,194,18,21,+27127+,/feng1,1ホウ1フ1,
酇(1),,569,,194,19,22,+27827+,/zuan3,1サン1,
酇(2),,569,,194,19,22,+27827+,/zan4,1サン1ザン1,
酈(1),,569,,194,19,22,+17227+,/li4,1リ1,
酈(2),,569,,194,19,22,+17227+,/li4,1レキ1リヤク1(1リャク1),
酉,,569,,195,0,7,+10600+,/you3,1イウ1(1ユウ1)1ユ1とり1ひよみのとり1,
酊,酩,569,,195,2,9,+11620+,/ding3,1テイ1よふ1(1よう1),
酋,,569,,195,2,9,+80601+,/qiu2,1シウ1(1シュウ1)1ジユ1(1ジュ1)1イフ1(1ユウ1)1をさ1(1おさ1)1かしら1,
酌,,569,,195,3,10,+17620+,/zhuo2,1シヤク1(1シャク1)1くむ1,
配,,569,,195,3,10,+17617+,/pei4,1ハイ1つれあひ1(1つれあい1)1くばる1ながす1ならぶ1,
酎,,569,,195,3,10,+14600+,/zhou4,1チウ1(1チュウ1)1ヂユ1(1ジュ1),
酒,,569,,195,3,10,+31160+,/jiu3,1シウ1(1シュウ1)1シユ1(1シュ1)1さけ1さか1,
酖(1),,570,,195,4,11,+14612+,/dan1,1タン1ふける1,
酖(2),鴆,570,640,195,4,11,+14612+,/dan1,1タン1,
酗,,570,,195,4,11,+12670+,/xu4,1ク1,
酔,醉,,571,195,4,11,+14641+,/zui4,1スヰ1(1スイ1)1よふ1(1よう1),
酡,,570,,195,5,12,+13611+,/tuo2,1タ1ダ1あからむ1,
酢,醋,570,571,195,5,12,+18611+,/zuo4/cu4,1サク1ザク1むくいる1す1すい1,
酣,,570,,195,5,12,+14670+,/han1,1カン1ガン1たけなわ1,
酤,沽,570,282,195,5,12,+14660+,/gu1,1コ1うる1さけ1ひとよざけ1,
酥,酴,570,570,195,5,12,+12694+,/su1,1ソ1どぶろく1にごりざけ1,
酦(1),醱,,572,195,5,12,+13647+,/po4,1ハツ1ハチ1かもす1,
酦(2),醱,,572,195,5,12,+13647+,/po4,1ハツ1ハチ1,
酩,酊,570,569,195,6,13,+17660+,/ming3/ming2,1ベイ1ミヤウ1(1ミョウ1)1メイ1,
酪,,570,,195,6,13,+17664+,/luo4/lao4,1ラク1ちちざけ1,
酬,醻,570,573,195,6,13,+12600+,/chou2,1シウ1(1シュウ1)1ジユ1(1ジュ1)1チウ1(1チュウ1)1ヂユ1(1ジュ1)1むくいる1むくい1,
酧,酬,573,570,195,6,13,+13642+,/chou2,1シウ1(1シュウ1)1ジユ1(1ジュ1)1チウ1(1チュウ1)1ヂユ1(1ジュ1)1むくいる1むくい1,
酲,,570,,195,7,14,+16614+,/cheng2,1テイ1チヤウ1(1チョウ1)1あきる1よふ1(1よう1)1わるよひ1(1わるよい1),
酴,,570,,195,7,14,+18694+,/tu2,1ト1ヅ1(1ズ1)1ド1どぶろく1にごりざけ1,
酵,,570,,195,7,14,+14647+,/xiao4,1カウ1(1コウ1)1ケウ1(1キョウ1)1かうぢ1(1こうじ1)1もと1,
酷,,571,,195,7,14,+14661+,/ku4,1コク1むごい1きびしい1はなはだしい1はなはだ1,
酸,,571,,195,7,14,+13647+,/suan1,1サン1す1すい1つらい1,
酹,,571,,195,7,14,+12643+,/lei4,1ライ1レ1ルイ1ラツ1ラチ1そそぐ1,
酺,,571,,195,7,14,+13627+,/pu2,1ホ1ブ1,
酿,釀,,573,195,7,14,+13632+,/niang4,1ヂヤウ1(1ジョウ1)1ニヤウ1(1ニョウ1)1ジヤウ1(1ジョウ1)1かもす1,
酾,釃,,573,195,7,14,+11627+,/si1,1シ1こす1したむ1しぼる1わける1,
酽,釅,,573,195,7,14,+11601+,/yan4,1ゲン1,
醁,,571,,195,8,15,+17632+,/lu4,1リヨク1(1リョク1)1ロク1,
醃,,571,,195,8,15,+14616+,/yan1,1エン1つけもの1,
醅,,571,,195,8,15,+10661+,/pei1,1ハイ1ヘ1,
醇,,571,,195,8,15,+10647+,/chun2,1シユン1(1シュン1)1ジユン1(1ジュン1)1あつい1もつぱら1(1もっぱら1),
醉,,571,,195,8,15,+10648+,/zui4,1スヰ1(1スイ1)1よふ1(1よう1),
醊,,571,,195,8,15,+17647+,/chuo4,1テツ1テチ1テイ1テ1,
醋,,571,,195,8,15,+14661+,/cu4,1す1すい1むくいる1,
醆,盞,573,356,195,8,15,+13653+,/zhan3,1サン1セン1さかづき1(1さかずき1),
醍(1),,571,,195,9,16,+16681+,/ti2,1テイ1タイ1,
醍(2),,571,,195,9,16,+16681+,/ti2,1テイ1ダイ1,
醐,醍,571,571,195,9,16,+17620+,/hu2,1コ1ゴ1,
醑,,572,,195,9,16,+17627+,/xu3,1シヨ1(1ショ1)1ソ1,
醒,,572,,195,9,16,+16614+,/xing3,1セイ1シヤウ1(1ショウ1)1さめる1さます1,
醗(1),醱,,572,195,9,16,+12647+,/po4,1ハツ1ハチ1かもす1,
醗(2),醱,,572,195,9,16,+12647+,/po4,1ハツ1ハチ1,
醕,醇,573,571,195,9,16,+10666+,/lao2,1ラウ1(1ロウ1),
醜,,572,,195,10,17,+16613+,/zhou3,1シウ1(1シュウ1)1シユ1(1シュ1)1みにくい1はぢる1(1はじる1)1はづかしめる1(1はずかしめる1)1しこ1たぐひ1(1たぐい1)1にくむ1,
醝,,572,,195,10,17,+18611+,/cuo1,1サ1ザ1,
醞,,572,,195,10,17,+16617+,/yun4,1ウン1かもす1つつむ1ふくむ1,
醢,,572,,195,10,17,+14617+,/hai3,1カイ1ひしほ1(1ひしお1)1ししびしほ1(1ししびしお1)1しほから1(1しおから1),
醤,醬,,572,195,10,17,+27601+,/jiang4,1シヤウ1(1ショウ1)1サウ1(1ソウ1)1ひしほ1(1ひしお1)1ししびしほ1(1ししびしお1),
醨,漓,572,301,195,11,18,+10627+,/li2,1リ1うすざけ1,
醪,醇,572,571,195,11,18,+17622+,/lao2,1ラウ1(1ロウ1),
醫,,572,,195,11,18,+77601+,/yi1,1イ1いやす1くすし1,
醬,,572,,195,11,18,+27601+,/jiang4,1シヤウ1(1ショウ1)1サウ1(1ソウ1)1ひしほ1(1ひしお1)1ししびしほ1(1ししびしお1),
40007,酴,573,570,195,11,18,+14694+,/mi2,1ビ1ミ1,
醭,,572,,195,12,19,+12634+,/bu2,1ホク1ボク1,
醮,,572,,195,12,19,+10631+,/jiao4,1セウ1(1ショウ1)1まつる1,
醯,,572,,195,12,19,+10617+,/xi1,1ケイ1カイ1す1すざけ1しほから1(1しおから1)1ひしほ1(1ひしお1),
醰,,572,,195,12,19,+11646+,/tan2,1タン1ドン1,
醱(1),,572,,195,12,19,+12647+,/po4,1ハツ1ハチ1かもす1,
醱(2),,572,,195,12,19,+12647+,/po4,1ハツ1ハチ1,
醲,濃,572,307,195,13,20,+15632+,/nong2,1ヂヨウ1(1ジョウ1)1ニユ1(1ニュ1),
醳,,572,,195,13,20,+16641+,/yi4,1エキ1ヤク1セキ1シヤク1(1シャク1)1ねぎらふ1(1ねぎらう1),
醴,,572,,195,13,20,+15618+,/li3,1レイ1ライ1あまざけ1あまい1,
醵,,573,,195,13,20,+11632+,/ju4,1キヤク1(1キャク1)1ギヤク1(1ギャク1)1キヨ1(1キョ1)1ゴ1あつめる1つのる1,
醸,釀,,573,195,13,20,+10632+,/niang4,1ヂヤウ1(1ジョウ1)1ニヤウ1(1ニョウ1)1ジヤウ1(1ジョウ1)1かもす1,
醺,,573,,195,14,21,+12631+,/xun1,1クン1よふ1(1よう1)1ほろよひ1(1ほろよい1),
醻,酬,573,570,195,14,21,+14641+,/chou2,1シウ1(1シュウ1)1シユ1(1シュ1),
醼,宴,573,123,195,16,23,+14631+,/yan4,1エン1うたげ1さかもり1たのしむ1やすい1やすんずる1,
醽,醁,573,571,195,17,24,+11663+,/ling2,1レイ1リヤウ1(1リョウ1),
釀,,573,,195,17,24,+10632+,/niang4,1ヂヤウ1(1ジョウ1)1ニヤウ1(1ニョウ1)1ジヤウ1(1ジョウ1)1かもす1,
醾,釄,573,573,195,17,24,+10694+,/mi2,1ビ1ミ1,
釁,,573,,195,18,25,+77227+,/xin4,1キン1ちぬる1ぬる1きず1すき1すきま1,
釂,,573,,195,18,25,+12646+,/jiao4,1セウ1(1ショウ1),
釃,,573,,195,19,26,+11611+,/si1,1シ1こす1したむ1しぼる1わける1,
釄,酴,573,570,195,19,26,+10611+,/mi2,1ビ1ミ1,
釅,,573,,195,20,27,+16648+,/yan4,1ゲン1,
釆,辨,573,552,196,0,7,+20904+,/bian4,1ハン1ベン1わきまへる1(1わきまえる1)1わける1のごめ1,
采(1),採彩,573,197159,196,1,8,+20904+,/cai3,1サイ1とる1いろどり1うね1こと1すがた1,
采(2),,573,,196,1,8,+20904+,/cai4,1サイ1,
釈,釋,,574,196,4,11,+27987+,/shi4,1セキ1シヤク1(1シャク1)1とく1とける1とかす1ゆるす1おく1すてる1,
釉,,574,,196,5,12,+25960+,/you4,1イウ1(1ユウ1)1ユ1うはぐすり1(1うわぐすり1)1つや1ひかり1,
釋,,574,,196,13,20,+26941+,/shi4,1セキ1シヤク1(1シャク1)1とく1とける1とかす1ゆるす1おく1すてる1,
里(1),,574,,197,0,7,+60104+,/li3,1リ1さと1みちのり1,
里(2),裏,,502,197,0,7,+60104+,/li3,1リ1うち1うら1,
重(1),,574,,197,2,9,+20104+,/zhong4,1チヨウ1(1チョウ1)1ヂユ1(1ジュ1)1ヂユウ1(1ジュウ1)1おもい1おもさ1おもんずる1おもんじる1はばかる1,
重(2),,574,,197,2,9,+20104+,/chong2,1チヨウ1(1チョウ1)1ヂユ1(1ジュ1)1ヂユウ1(1ジュウ1)1え1かさねる1かさなる1,
野,,574,,197,4,11,+67122+,/ye3,1ヤ1の1ゐなかや1(1いなかや1)1いやしい1,
量(1),,574,,197,5,12,+60104+,/liang4,1リヤウ1(1リョウ1)1ます1,
量(2),,574,,197,5,12,+60104+,/liang2,1リヤウ1(1リョウ1)1はかる1かさ1ちから1,
釐(1),厘,574,,197,11,18,+58214+,/li2,1リ1リン1をさめる1(1おさめる1)1あらためる1わづか1(1わずか1),
釐(2),,574,056,197,11,18,+58214+,/xi2/li2,1シ1さいはひ1(1さいわい1),
金,,577,,199,0,8,+80109+,/jin1,1キン1コン1かね1かな1こがね1,
釗,,577,,199,2,10,+82100+,/zhao1,1セウ1(1ショウ1)1けづる1(1けずる1),
钊,釗,,577,199,2,7,+82700+,/zhao1,1セウ1(1ショウ1)1けづる1(1けずる1),
針,鍼,590,585,199,2,10,+84100+,/zhen1,1シン1はり1,
针,鍼針,,585590,199,2,7,+84700+,/zhen1,1シン1はり1,
釘(1),,577,,199,2,10,+81120+,/ding1,1テイ1チヤウ1(1チョウ1)1くぎ1,
釘(2),,577,,199,2,10,+81120+,/ding4,1テイ1チヤウ1(1チョウ1)1くぎうつ1,
钉(1),釘,,577,199,2,7,+81720+,/ding1,1テイ1チヤウ1(1チョウ1)1くぎ1,
钉(2),釘,,577,199,2,7,+81720+,/ding4,1テイ1チヤウ1(1チョウ1)1くぎうつ1,
釜,,577,,199,2,10,+80109+,/fu3,1フ1かま1,
釣,,577,,199,3,11,+87120+,/diao4,1テウ1(1チョウ1)1つり1つる1,
钓,釣,,577,199,3,8,+87720+,/diao4,1テウ1(1チョウ1)1つり1つる1,
釦,,577,,199,3,11,+86100+,/kou4,1コウ1ク1かざる1ぼたん1,
釧,,577,,199,3,11,+82100+,/chuan4,1セン1くしろ1,
钏,釧,,577,199,3,8,+82700+,/chuan4,1セン1くしろ1,
釪,,578,,199,3,11,+81140+,/yu2,1ウ1,
釬,,578,,199,3,11,+81140+,/han4,1カン1ガン1,
釭(1),,578,,199,3,11,+81110+,/gong1,1コウ1ク1かりも1,
釭(2),,578,,199,3,8,+81110+,/gang1,1カウ1(1コウ1),
釵,,578,,199,3,11,+87140+,/chai1,1サイ1セ1かんざし1,
钗,釵,,578,199,3,8,+87743+,/chai1,1サイ1セ1かんざし1,
鈀,,578,,199,4,12,+87117+,/ba3,1ハ1ヘ1,
钯,鈀,,578,199,4,9,+87717+,/ba3,1ハ1ヘ1,
鈇,,578,,199,4,12,+85130+,/fu1,1フ1,
鈉,,578,,199,4,12,+84127+,/na4,1ダフ1(1ドウ1)1ナフ1(1ノウ1),
钠,鈉,,578,199,4,9,+84727+,/na4,1ダフ1(1ドウ1)1ナフ1(1ノウ1),
鈍,,578,,199,4,12,+85117+,/dun4,1トン1ドン1にぶい1にぶる1なまる1にび1,
钝,鈍,,578,199,4,9,+85717+,/dun4,1トン1ドン1にぶい1にぶる1なまる1にび1,
鈐,,578,,199,4,12,+88127+,/qian2,1ケン1ゲン1おさへる1(1おさえる1)1かぎ1からすき1くさび1しづめる1(1しずめる1)1しるし1すき1,
钤,鈐,,578,199,4,9,+88727+,/qian2,1ケン1ゲン1おさへる1(1おさえる1)1かぎ1からすき1くさび1しづめる1(1しずめる1)1しるし1すき1,
鈔(1),抄,578,187,199,4,12,+89120+,/chao1,1サウ1(1ソウ1)1セウ1(1ショウ1)1かすめる1うつし1うつす1,
鈔(2),,578,,199,4,12,+89120+,/chao1,1サウ1(1ソウ1)1セウ1(1ショウ1)1さつ1,
钞(1),鈔,,578,199,4,9,+89720+,/chao1,1サウ1(1ソウ1)1セウ1(1ショウ1)1かすめる1うつし1うつす1,
钞(2),鈔,,578,199,4,9,+89720+,/chao1,1サウ1(1ソウ1)1セウ1(1ショウ1)1さつ1,
鈕,,578,,199,4,12,+87115+,/niu3,1ヂウ1(1ジュウ1)1ニウ1(1ニュウ1)つまみ1とつて1(1とって1)1ぼたん1,
钮,鈕,,578,199,4,9,+87712+,/niu3,1ヂウ1(1ジュウ1)1ニウ1(1ニュウ1)つまみ1とつて1(1とって1)1ぼたん1,
鈞,均,578,088,199,4,12,+87120+,/jun1,1キン1ひとしい1はかる1ろくろ1,
钧,鈞,,578,199,4,9,+87720+,/jun1,1キン1ひとしい1はかる1ろくろ1,
鈣,,579,,199,4,12,+81127+,/gai4,1カイ1,
钙,鈣,,579,199,4,9,+81727+,/gai4,1カイ1,
鈎,鉤,590,580,199,4,12,+87120+,/gou1,1コウ1ク1かぎ1さぐる1おびどめ1かける1つりばり1まがる1,
钩,鉤,,580,199,4,9,+87720+,/gou1,1コウ1ク1かぎ1さぐる1おびどめ1かける1つりばり1まがる1,
钢,鋼,,584,199,4,9,+87720+,/gang1,1カウ1(1コウ1)1はがね1,
钨,鎢,,586,199,4,9,+87727+,/wu1,1ヲ1(1オ1)1ウ1,
钟,鐘,,588,199,4,9,+85706+,/zhong1,1シヨウ1(1ショウ1)1シユ1(1シュ1)1かね1,
钥,鑰,,590,199,4,9,+87720+,/yue4/yao4,1ヤク1かぎ1とぢる1(1とじる1),
鈴,,579,,199,5,13,+88137+,/ling2,1レイ1リヤウ1(1リョウ1)1すず1,
铃,鈴,,579,199,5,10,+88732+,/ling2,1レイ1リヤウ1(1リョウ1)1すず1,
鈸,,579,,199,5,13,+83147+,/ba2/bo2,1ハツ1バチ1すず1,
钹,鈸,,579,199,5,10,+83747+,/ba2/bo2,1ハツ1バチ1すず1,
鈹,,579,,199,5,13,+84147+,/pi2,1ヒ1,
铍,鈹,,579,199,5,10,+84747+,/pi2,1ヒ1,
鈿,,579,,199,5,13,+86100+,/dian4/tian2,1テン1デン1かんざし1かざり1,
钿,鈿,,579,199,5,10,+86700+,/dian4/tian2,1テン1デン1かんざし1かざり1,
鉀,,579,,199,5,13,+86150+,/jia3,1カフ1(1コウ1),
钾,鉀,,579,199,5,10,+86750+,/jia3,1カフ1(1コウ1),
鉅,巨,579,140,199,5,13,+81117+,/ju4,1キヨ1(1キョ1)1ゴ1おほきい1(1おおきい1)1おほい1(1おおい1)1のり1あに1なんぞ1,
钜,鉅,,579,199,5,10,+81717+,/ju4,1キヨ1(1キョ1)1ゴ1おほきい1(1おおきい1)1おほい1(1おおい1)1のり1あに1なんぞ1,
鉉,,579,,199,5,13,+80132+,/xuan4,1ケン1ゲン1つる1とつて1(1とって1),
铉,鉉,,579,199,5,10,+80732+,/xuan4,1ケン1ゲン1つる1とつて1(1とって1),
鉋,,579,,199,5,13,+87112+,/bao4,1ハウ1(1ホウ1)1バウ1(1ボウ1)1かんな1,
铇,鉋,,579,199,5,10,+87712+,/bao4,1ハウ1(1ホウ1)1バウ1(1ボウ1)1かんな1,
鉏(1),鋤,579,582,199,5,13,+87110+,/chu2,1シヨ1(1ショ1)1ゾ1くは1(1くわ1)1ころす1すき1すく1ほろぼす1,
鉏(2),,579,,199,5,13,+87110+,/ju3,1シヨ1(1ショ1)1ゾ1くひちがひ1(1くいちがい1)1くひちがふ1(1くいちがう1),
鉑,,579,,199,5,13,+86100+,/bo2,1ハク1バク1,
铂,鉑,,579,199,5,10,+86702+,/bo2,1ハク1バク1,
鉗,箝,579,390,199,5,13,+84170+,/qian2,1ケン1ゲン1カン1かなばさみ1くびかせ1とぢる1(1とじる1)1はさむ1,
钳,鉗,,579,199,5,10,+84770+,/qian2,1ケン1ゲン1カン1かなばさみ1くびかせ1とぢる1(1とじる1)1はさむ1,
鉛,,580,,199,5,13,+88160+,/qian1,1エン1なまり1おしろい1,
铅,鉛,,580,199,5,10,+87761+,/qian1,1エン1なまり1おしろい1,
鉞,,580,,199,5,13,+83150+,/yue4,1ヱツ1(1エツ1)1ヲチ1(1オチ1)1まさかり1,
钺,鉞,,580,199,5,10,+83750+,/yue4,1ヱツ1(1エツ1)1ヲチ1(1オチ1)1まさかり1,
鉢,,580,,199,5,13,+85130+,/bo1,1ハツ1ハチ1,
钵,鉢,,580,199,5,10,+85731+,/bo1,1ハツ1ハチ1,
鉤,,580,,199,5,13,+87120+,/gou1,1コウ1ク1かぎ1さぐる1おびどめ1かける1つりばり1まがる1,
鉥,,580,,199,5,13,+83194+,/shu4,1シユツ1(1シュツ1)1ジユチ1(1ジュチ1)1ジユツ1(1ジュツ1),
鉦,,580,,199,5,13,+81111+,/zheng1,1セイ1シヤウ1(1ショウ1)1かね1どら1,
钲,鉦,,580,199,5,10,+81711+,/zheng1,1セイ1シヤウ1(1ショウ1)1かね1どら1,
鈺,,580,,199,5,13,+81113+,/yu4,1ギヨク1(1ギョク1)1ゴク1,
钰,鈺,,580,199,5,10,+81713+,/yu4,1ギヨク1(1ギョク1)1ゴク1,
钱(1),錢,,583,199,5,10,+83750+,/qian2,1セン1ゼン1すき1,
钱(2),錢,,583,199,5,10,+83750+,/qian2,1セン1ゼン1ぜに1,
鉄,鐵,590,588,199,5,13,+85130+,/tie3,1テツ1テチ1くろがね1,
铁,鐵,,588,199,5,10,+85780+,/tie3,1テツ1テチ1くろがね1,
铎,鐸,,589,199,5,10,+87754+,/duo2,1タク1ダク1おほすず1(1おおすず1)1すず1,
鉴,鑑,,589,199,5,13,+28109+,/jian4,1カン1かがみ1かんがみる1,
鉱,鑛,,589,199,5,13,+80132+,/kuang3/gong3/kuang4,1クワウ1(1コウ1)1あらがね1,
铄,鑠,,589,199,5,10,+82794+,/shuo4,1シヤク1(1シャク1)1とかす1とける1うつくしい1,
钻(1),鑽,,590,199,5,10,+81760+,/zuan4,1サン1きり1のみ1,
钻(2),鑽,,590,199,5,10,+81760+,/zuan1,1サン1うがつ1きる1あつめる1きはめる1(1きわめる1),
鉸,,580,,199,6,14,+80148+,/jiao3,1カウ1(1コウ1)1ケウ1(1キョウ1)1かねかざり1はさみ1,
铰,鉸,,580,199,6,11,+80748+,/jiao3,1カウ1(1コウ1)1ケウ1(1キョウ1)1かねかざり1はさみ1,
銀,,580,,199,6,14,+87132+,/yin2,1ギン1ゴン1しろがね1,
银,銀,,580,199,6,11,+87732+,/yin2,1ギン1ゴン1しろがね1,
銃,,580,,199,6,14,+80113+,/chong4,1シユウ1(1シュウ1)1シユ1(1シュ1)1ジユウ1(1ジュウ1)1つつ1,
铳,銃,,580,199,6,11,+80712+,/chong4,1シユウ1(1シュウ1)1シユ1(1シュ1)1ジユウ1(1ジュウ1)1つつ1,
銅,,580,,199,6,11,+87120+,/tong2,1トウ1ヅ1(1ズ1)1ドウ1あかがね1,
铜,銅,,580,199,6,11,+87720+,/tong2,1トウ1ヅ1(1ズ1)1ドウ1あかがね1,
銍,,580,,199,6,14,+81114+,/zhi4,1チツ1チチ1,
铚,銍,,580,199,6,11,+81714+,/zhi4,1チツ1チチ1,
銑,,581,,199,6,14,+84111+,/xian3,1セン1づく1(1ずく1),
铣,銑,,581,199,6,11,+84712+,/xian3,1セン1づく1(1ずく1),
銓,輇,581,548,199,6,14,+88114+,/quan2,1セン1はかり1はかる1えらぶ1しらべる1,
铨,銓,,581,199,6,11,+88714+,/quan2,1セン1はかり1はかる1えらぶ1しらべる1,
銖,,581,,199,6,14,+85190+,/zhu1,1シユ1(1シュ1)1ジユ1(1ジュ1)1かるい1にぶる1わづか1(1わずか1),
铢,銖,,581,199,6,11,+85790+,/zhu1,1シユ1(1シュ1)1ジユ1(1ジュ1)1かるい1にぶる1わづか1(1わずか1),
銗,,581,,199,6,14,+82161+,/hou2,1コウ1グ1,
銘,,581,,199,6,14,+87160+,/ming2,1ベイ1ミヤウ1(1ミョウ1)1メイ1しるす1,
铭,銘,,581,199,6,11,+87762+,/ming2,1ベイ1ミヤウ1(1ミョウ1)1メイ1しるす1,
銚(1),,581,,199,6,14,+82113+,/yao2,1エウ1(1ヨウ1)1すき1,
銚(2),,581,,199,6,14,+82113+,/diao4,1テウ1(1チョウ1)1デウ1(1ジョウ1)1なべ1とくり1,
铫(1),銚,,581,199,6,11,+82713+,/yao2,1エウ1(1ヨウ1)1すき1,
铫(2),銚,,581,199,6,11,+82713+,/diao4,1テウ1(1チョウ1)1デウ1(1ジョウ1)1なべ1とくり1,
銛,,581,,199,6,14,+82164+,/xian1,1もり1すき1するどい1けづる1(1けずる1),
铦,銛,,581,199,6,11,+82764+,/xian1,1もり1すき1するどい1けづる1(1けずる1),
銜,,581,,199,6,14,+21109+,/xian2,1カン1ガン1くつわ1はみ1ふくむ1はむ1くらひ1(1くらい1)1くはへる1(1くわえる1)1ふくむ1,
衔,銜,,581,199,6,11,+21221+21704+,/xian2,1カン1ガン1くつわ1はみ1ふくむ1はむ1くらひ1(1くらい1)1くはへる1(1くわえる1)1ふくむ1,
銎,,581,,199,6,14,+17109+,/qiong2,1キヨウ1(1キョウ1)1ク1,
鉶,,581,,199,6,14,+82100+,/xing2,1ケイ1ギヤウ1(1ギョウ1),
铏,鉶,,581,199,6,11,+80207+,/xing2,1ケイ1ギヤウ1(1ギョウ1),
铗,鋏,,582,199,6,11,+85780+,/jia2,1ケフ1(1キョウ1)1かなばし1かなばさみ1はさみ1つか1つるぎ1,
铮,錚,,583,199,6,11,+87757+,/zheng1,1サウ1(1ソウ1)1シヤウ1(1ショウ1)1かね1どら1,
銭(1),錢,,583,199,6,14,+83150+,/qian2,1セン1ゼン1すき1,
銭(2),錢,,583,199,6,14,+83150+,/qian2,1セン1ゼン1ぜに1,
铡,鍘,,584,199,6,11,+82700+,/zha2,1サツ1サチ1,
铠,鎧,,586,199,6,11,+82717+,/kai3,1カイ1ケ1ガイ1よろひ1(1よろい1)1よろふ1(1よろう1),
铲,鏟,,587,199,6,11,+80701+,/chan3,1サン1セン1けづる1(1けずる1)1ならし1,
铙,鐃,,587,199,6,11,+85712+,/nao2,1ダウ1(1ドウ1)1ネウ1(1ニョウ1)1どら1,
铴,鐋,,587,199,6,11,+87727+,/tang4,1タウ1(1トウ1),
铛(1),鐺,,589,199,6,11,+89777+,/dang1,1タウ1(1トウ1)1こて1こじり1くさり1,
铛(2),鐺,,589,199,6,11,+89777+,/cheng1,1サウ1(1ソウ1)1シヤウ1(1ショウ1)1なべ1あしがなへ1(1あしがなえ1),
铝(1),鋁,,581,199,6,11,+86760+,/lv3*,1リヨ1(1リョ1),
铝(2),鑢,,589,199,6,11,+86760+,/lv4,1リヨ1(1リョ1)1やすり1,
銮,鑾,,590,199,6,14,+00109+,/luan2,1ラン1すず1,
銕,鐵,590,588,199,6,14,+85132+,/tie3,1テツ1テチ1くろがね1,
鋭,,581,,199,7,15,+88116+,/rui4,1エイ1するどい1はやい1,
锐,鋭,,581,199,7,12,+88712+,/rui4,1エイ1するどい1はやい1,
銶,,581,,199,7,15,+83132+,/qiu2,1キウ1(1キュウ1)1ク1,
銻,,581,,199,7,15,+88127+,/ti4,1テイ1ダイ1,
锑,銻,,581,199,7,12,+88727+,/ti4,1テイ1ダイ1,
鋁,,581,,199,7,15,+86160+,/lv3,1リヨ1(1リョ1)1ロ1,
銷,,582,,199,7,15,+89127+,/xiao1,1セウ1(1ショウ1)1とかす1とける1けす1きえる1そこなふ1(1そこなう1)1ちる1つきる1つくす1,
销,銷,,582,199,7,12,+89727+,/xiao1,1セウ1(1ショウ1)1とかす1とける1けす1きえる1そこなふ1(1そこなう1)1ちる1つきる1つくす1,
鋅(1),,582,,199,7,15,+80141+,/zi3,1シ1,
鋅(2),,582,,199,7,15,+80141+,/xin1,1シン1,
锌(1),鋅,,582,199,7,12,+80741+,/zi3,1シ1,
锌(2),鋅,,582,199,7,12,+80741+,/xin1,1シン1,
鋌(1),錠,582,582,199,7,15,+82141+,/ding4,1テイ1ヂヤウ1(1ジョウ1),
鋌(2),,582,,199,7,15,+82141+,/ting4,1テイ1チヤウ1(1チョウ1),
铤(1),鋌,,582,199,7,12,+82741+,/ding4,1テイ1ヂヤウ1(1ジョウ1),
铤(2),鋌,,582,199,7,12,+82741+,/ting4,1テイ1チヤウ1(1チョウ1),
鋏,,582,,199,7,15,+84138+,/jia2,1ケフ1(1キョウ1)1かなばし1かなばさみ1はさみ1つか1つるぎ1,
鋒,,582,,199,7,15,+87154+,/feng1,1ホウ1(1フ1)1ほこさき1ほこ1さきがけ1,
锋,鋒,,582,199,7,12,+87754+,/feng1,1ホウ1(1フ1)1ほこさき1ほこ1さきがけ1,
鋙,鉏,582,579,199,7,15,+81161+,/yu3,1ギヨ1(1ギョ1)1ゴ1,
铻,鋙,,582,199,7,12,+81761+,/yu3,1ギヨ1(1ギョ1)1ゴ1,
鋝,,582,,199,7,15,+82143+,/luo4,1レツ1レチ1セツ1セチ1,
锊,鋝,,582,199,7,12,+82749+,/luo4,1レツ1レチ1セツ1セチ1,
鋟,,582,,199,7,15,+87147+,/qian1,1シン1セン1,
锓,鋟,,582,199,7,12,+87747+,/qian1,1シン1セン1,
鋤,,582,,199,7,15,+84127+,/chu2,1シヨ1(1ショ1)1ゾ1ジヨ1(1ジョ1)1すき1すく1,
锄,鋤,,582,199,7,12,+84727+,/chu2,1シヨ1(1ショ1)1ゾ1ジヨ1(1ジョ1)1すき1すく1,
鋩,,582,,199,7,15,+84110+,/mang2,1バウ1(1ボウ1)1マウ1(1モウ1)1きつさき1(1きっさき1),
铓,鋩,,582,199,7,12,+84710+,/mang2,1バウ1(1ボウ1)1マウ1(1モウ1)1きつさき1(1きっさき1),
鋪(1),,582,,199,7,15,+83127+,/pu1,1ホ1フ1しく1,
鋪(2),,582,,199,7,15,+83127+,/pu4,1ホ1フ1みせ1,
铺(1),鋪,,582,199,7,12,+83727+,/pu1,1ホ1フ1しく1,
铺(2),鋪,,582,199,7,12,+83727+,/pu4,1ホ1フ1みせ1,
鋃,,582,,199,7,15,+83132+,/lang2,1ラウ1(1ロウ1),
锒,鋃,,582,199,7,12,+83732+,/lang2,1ラウ1(1ロウ1),
锅,鍋,,584,199,7,12,+86727+,/guo1,1クワ1(1カ1)1なべ1,
锁,鎖,,585,199,7,12,+89782+,/suo3,1サ1くさり1とざす1,
链,鏈,,586,199,7,12,+84735+,/lian4,1レン1テン1くさり1,
铿,鏗,,587,199,7,12,+87714+,/keng1,1カウ1(1コウ1)1うつ1つく1,
銹,鏽,590,589,199,7,15,+82127+,/xiu4,1シウ1(1シュウ1)1シユ1(1シュ1)1さび1,
锈,鏽,,589,199,7,12,+82727+,/xiu4,1シウ1(1シュウ1)1シユ1(1シュ1)1さび1,
鋳,鑄,,589,199,7,15,+85140+,/zhu4,1シユ1(1シュ1)1ス1チユウ1(1チュウ1)1いる1,
铸,鑄,,589,199,7,12,+85740+,/zhu4,1シユ1(1シュ1)1ス1チユウ1(1チュウ1)1いる1,
銲,釬,590,578,199,7,12,+86141+,/han4,1カン1ガン1,
鋸,,582,,199,8,16,+87164+,/ju4,1キヨ1(1キョ1)1コ1,
锯,鋸,,582,199,8,13,+87764+,/ju4,1キヨ1(1キョ1)1コ1,
錁,,582,,199,8,16,+86194+,/kuo4,1クワ1(1カ1),
锞,錁,,582,199,8,13,+86794+,/kuo4,1クワ1(1カ1),
錄,,582,,199,8,16,+87132+,/lu4,1リヨク1(1リョク1)1ロク1しるす1さかん1,
録,錄,,582,199,8,16,+87132+,/lu4,1リヨク1(1リョク1)1ロク1しるす1さかん1,
錐,,583,,199,8,16,+80114+,/zhui1,1スヰ1(1スイ1)1きり1,
锥,錐,,583,199,8,13,+80715+,/zhui1,1スヰ1(1スイ1)1きり1,
錔,,583,,199,8,16,+82163+,/ta4,1タフ1(1トウ1),
錘(1),,583,,199,8,16,+82114+,/chui2,1ツヰ1(1ツイ1)1ヅヰ1(1ヅイ1)1スヰ1(1スイ1)1つむ1おもし1おもり1,
錘(2),,583,,199,8,16,+82114+,/chui2,1チ1,
锤(1),錘,,583,199,8,13,+82715+,/chui2,1ツヰ1(1ツイ1)1ヅヰ1(1ヅイ1)1スヰ1(1スイ1)1つむ1おもし1おもり1,
锤(2),錘,,583,199,8,13,+82715+,/chui2,1チ1,
錚,,583,,199,8,16,+82153+,/zheng1,1サウ1(1ソウ1)1シヤウ1(1ショウ1)1かね1どら1,
錞(1),,583,,199,8,16,+80147+,/chun2,1シユン1(1シュン1)1ジユン1(1ジュン1),
錞(2),鐓,583,588,199,8,16,+80147+,/dui3,1タイ1デ1,
錠,鋌,583,582,199,8,16,+83181+,/ding4,1テイ1チヤウ1(1チョウ1)1たかつき1,
锭,錠,,583,199,8,13,+83781+,/ding4,1テイ1チヤウ1(1チョウ1)1たかつき1,
錡,,583,,199,8,16,+84121+,/qi2,1キ1ギ1かたむく1かま1そばだつ1のこぎり1のみ1ゆみかけ1,
锜,錡,,583,199,8,13,+84721+,/qi2,1キ1ギ1かたむく1かま1そばだつ1のこぎり1のみ1ゆみかけ1,
錢(1),,583,,199,8,16,+83153+,/qian2,1セン1ゼン1すき1,
錢(2),,583,,199,8,16,+83153+,/qian2,1セン1ゼン1ぜに1,
錣(1),,583,,199,8,16,+87147+,/chuo4,1テツ1デチ1しころ1,
錣(2),,583,,199,8,16,+87147+,/zhui4,1テイ1テ1,
錦,,583,,199,8,16,+86127+,/jin3,1キン1コン1にしき1,
锦,錦,,583,199,8,13,+86727+,/jin3,1キン1コン1にしき1,
錫,,584,,199,8,16,+86127+,/xi2,1セキ1シヤク1(1シャク1)1すず1たまふ1(1たまう1)1たまもの1つゑ1(1つえ1),
锡,錫,,584,199,8,13,+86727+,/xi2,1セキ1シヤク1(1シャク1)1すず1たまふ1(1たまう1)1たまもの1つゑ1(1つえ1),
錮,,584,,199,8,16,+86100+,/gu4,1コ1ふさぐ1かたい1とぢこめる1(1とじこめる1)1ながわづらひ1(1ながわずらい1),
锢,錮,,584,199,8,13,+86700+,/gu4,1コ1ふさぐ1かたい1とぢこめる1(1とじこめる1)1ながわづらひ1(1ながわずらい1),
錯,措,584,198,199,8,16,+84161+,/cuo4,1サク1まじる1まじはる1(1まじわる1)1あやまる1おく1たがふ1(1たがう1),
错,錯,,584,199,8,13,+84761+,/cuo4,1サク1まじる1まじはる1(1まじわる1)1あやまる1おく1たがふ1(1たがう1),
鋼,,584,,199,8,16,+87120+,/gang1,1カウ1(1コウ1)1はがね1,
錳,,584,,199,8,16,+87117+,/meng3,1バウ1(1ボウ1)1ミヤウ1(1ミョウ1)1マウ1(1モウ1),
锰,錳,,584,199,8,13,+87712+,/meng3,1バウ1(1ボウ1)1ミヤウ1(1ミョウ1)1マウ1(1モウ1),
錙,鍿,,584,199,8,16,+82163+,/zi1,1シ1わづか1(1わずか1),
锱,鍿,,584,199,8,13,+82763+,/zi1,1シ1わづか1(1わずか1),
锚,錨,,584,199,8,13,+84760+,/mao2,1ベウ1(1ビョウ1)1メウ1(1ミョウ1)1いかり1,
錬,鍊,,584,199,8,16,+85196+,/lian4,1レン1ねる1,
錾,鏨,,587,199,8,16,+42109+,/zan4,1サン1ザン1たがね1える1ほる1,
锧,鑕,,589,199,8,13,+82782+,/zhi4,1シツ1シチ1,
锣,鑼,,590,199,8,13,+86727+,/luo2,1ラ1どら1,
鍿,,584,,199,9,17,+82163+,/zi1,1シ1わづか1(1わずか1),
錨,,584,,199,9,17,+84160+,/mao2,1ベウ1(1ビョウ1)1メウ1(1ミョウ1)1いかり1,
鍊,,584,,199,9,17,+85196+,/lian4,1レン1ねる1,
鍋,,584,,199,9,17,+87127+,/guo1,1クワ1(1カ1)1なべ1,
鍍,,584,,199,9,17,+80147+,/du4,1ト1ヅ1(1ズ1)1めつき1(1めっき1),
镀,鍍,,584,199,9,14,+80747+,/du4,1ト1ヅ1(1ズ1)1めつき1(1めっき1),
鍔,,584,,199,9,17,+86127+,/e4,1ガク1は1やいば1つば1,
锷,鍔,,584,199,9,14,+86727+,/e4,1ガク1は1やいば1つば1,
鍘,,584,,199,9,17,+82100+,/zha2,1サツ1サチ1,
鍛,,585,,199,9,17,+87147+,/duan4,1タン1きたへる1(1きたえる1),
锻,鍛,,585,199,9,14,+87747+,/duan4,1タン1きたへる1(1きたえる1),
鍤,,585,,199,9,17,+82177+,/cha2,1サフ1(1ソウ1)1すき1,
锸,鍤,,585,199,9,14,+82777+,/cha2,1サフ1(1ソウ1)1すき1,
鍥,刻,585,042,199,9,17,+87134+,/jie4,1ケツ1ケチ1きざむ1たつ1かま1,
锲,鍥,,585,199,9,14,+87784+,/jie4,1ケツ1ケチ1きざむ1たつ1かま1,
鍪,兜,585,033,199,9,17,+18109+,/mou2,1ボウ1ム1かぶと1,
鍫,,585,,199,9,17,+29109+,/qiao1,1セウ1(1ショウ1)1シウ1(1シュウ1)1すき1,
鍰,,585,,199,9,17,+82147+,/huan2,1クワン1(1カン1)1ゲン1からみ1,
锾,鍰,,585,199,9,14,+82747+,/huan2,1クワン1(1カン1)1ゲン1からみ1,
鍱,,585,,199,9,17,+84194+,/ye4,1エフ1(1ヨウ1)1セフ1(1ショウ1),
鍵,,585,,199,9,17,+85140+,/jian4,1ケン1ゲン1かぎ1,
键,鍵,,585,199,9,14,+85740+,/jian4,1ケン1ゲン1かぎ1,
鍼,針,585,590,199,9,17,+83150+,/zhen1,1シン1はり1,
鍾,,585,,199,9,17,+82114+,/zhong1,1シヨウ1(1ショウ1)1シユ1(1シュ1)1あつまる1あつめる1さかつぼ1さかずき1(1さかづき1)1かね1つりがね1,
锺,鍾,,585,199,9,14,+82715+,/zhong1,1シヨウ1(1ショウ1)1シユ1(1シュ1)1あつまる1あつめる1さかつぼ1さかずき1(1さかづき1)1かね1つりがね1,
鎂,,585,,199,9,17,+88134+,/mei3,1ビ1ミ1,
镁,鎂,,585,199,9,14,+88784+,/mei3,1ビ1ミ1,
锵,鏘,,587,199,9,14,+87742+,/qiang1,1シヤウ1(1ショウ1)1サウ1(1ソウ1),
镂,鏤,,587,199,9,14,+89744+,/lou4,1ロウ1ル1きざむ1ちりばめる1える1かざる1,
鎊,,585,,199,10,18,+80127+,/bang2/bang4,1ハウ1(1ホウ1)1バウ1(1ボウ1),
镑,鎊,,585,199,10,15,+80727+,/bang2/bang4,1ハウ1(1ホウ1)1バウ1(1ボウ1),
鎋,轄,585,551,199,10,18,+83164+,/xia2,1カツ1ガチ1くさび1,
鎌,鐮,585,588,199,10,18,+88137+,/lian2,1レン1ケン1かま1,
鎔,,585,,199,10,18,+83168+,/rong2,1ヨウ1ユ1とかす1とける1いがた1,
镕,鎔,,585,199,10,15,+83768+,/rong2,1ヨウ1ユ1とかす1とける1いがた1,
鎖,,585,,199,10,18,+89186+,/suo3,1サ1くさり1とざす1,
鎗(1),鐺,585,589,199,10,18,+88167+,/qiang1,1サウ1(1ソウ1)1シヤウ1(1ショウ1),
鎗(2),槍,585,257,199,10,18,+88167+,/qiang1,1サウ1(1ソウ1)1シヤウ1(1ショウ1)1やり1,
鎚,椎槌,586,252257,199,10,18,+87137+,/chui2,1ツヰ1(1ツイ1)1ヅヰ1(1ヅイ1)1つち1うつ1かなづち1,
鎛,,586,,199,10,18,+83142+,/bo2,1ハク1かね1くわ1すき1つきがね1,
镈,鎛,,586,199,10,15,+83742+,/bo2,1ハク1かね1くわ1すき1つきがね1,
鎞,篦,586,392,199,10,18,+86111+,/bi4,1ヘイ1ハイ1,
鎡,,586,,199,10,18,+88132+,/zi1,1シ1ジ1,
镃,鎡,,586,199,10,15,+88732+,/zi1,1シ1ジ1,
鎢,,586,,199,10,18,+87127+,/wu1,1ヲ1(1オ1)1ウ1,
鎧,,586,,199,10,18,+82118+,/kai3,1カイ1ケ1ガイ1よろひ1(1よろい1)1よろふ1(1よろう1),
鎪,,586,,199,10,18,+87147+,/sou1,1シウ1(1シュウ1)1シユ1(1シュ1),
锼,鎪,,586,199,10,15,+87747+,/sou1,1シウ1(1シュウ1)1シユ1(1シュ1),
鎬,,586,,199,10,18,+80127+,/hao4,1カウ1(1コウ1)1ガウ1(1ゴウ1)1なべ1しのぎ1,
镐,鎬,,586,199,10,15,+80727+,/hao4,1カウ1(1コウ1)1ガウ1(1ゴウ1)1なべ1しのぎ1,
鎭,,586,,199,10,18,+81181+82181+,/zhen4,1テン1しづめる1(1しずめる1)1しづまる1(1しずまる1)1しづめ1(1しずめ1)1おさへ1(1おさえ1)1つねに1,
鎮,鎭,,586,199,10,18,+84181+,/zhen4,1テン1しづめる1(1しずめる1)1しづまる1(1しずまる1)1しづめ1(1しずめ1)1おさへ1(1おさえ1)1つねに1,
镇,鎭,,586,199,10,15,+84781+,/zhen4,1テン1しづめる1(1しずめる1)1しづまる1(1しずまる1)1しづめ1(1しずめ1)1おさへ1(1おさえ1)1つねに1,
鎰,,586,,199,10,18,+88117+,/yi4,1イチ1イツ1かぎ1,
镒,鎰,,586,199,10,15,+88712+,/yi4,1イチ1イツ1かぎ1,
鎳,,586,,199,10,18,+86194+,/nie4,1ゲツ1ゲチ1,
镍,鎳,,586,199,10,15,+86794+,/nie4,1ゲツ1ゲチ1,
鎲,,586,,199,10,18,+89116+,/dang3,1タウ1(1トウ1)1ダウ1(1ドウ1),
镌,鐫,,588,199,10,15,+80727+,/juan1,1セン1のみ1ゑる1(1える1)1いましめる1うがつ1しりぞける1ほる1,
镔,鑌,,589,199,10,15,+83781+,/bin1,1ヒン1,
镊,鑷,,590,199,10,15,+81747+,/nie4,1デフ1(1ジョウ1)1ネフ1(1ニョウ1)1けぬき1ぬく1,
鍳,鑑,590,589,199,10,18,+78109+,/jian4,1カン1かがみ1かんがみる1,
鏃,,586,,199,11,19,+88134+,/zu2,1ソク1ゾク1やじり1するどい1,
镞,鏃,,586,199,11,16,+88784+,/zu2,1ソク1ゾク1やじり1するどい1,
鏇,,586,,199,11,19,+88181+,/xuan4,1セン1ゼン1,
镟,鏇,,586,199,11,16,+88781+,/xuan4,1セン1ゼン1,
鏈,,586,,199,11,19,+85130+,/lian4,1レン1テン1くさり1,
鏊,,586,,199,11,19,+48109+,/ao2,1ガウ1(1ゴウ1),
鏐,,587,,199,11,19,+87122+,/liu2,1リウ1(1リュウ1)1ル1こがね1しろがね1,
镠,鏐,,587,199,11,16,+87722+,/liu2,1リウ1(1リュウ1)1ル1こがね1しろがね1,
鏑,,587,,199,11,19,+80127+,/di2,1テキ1チヤク1(1チャク1)1かぶらや1,
镝,鏑,,587,199,11,16,+80727+,/di2,1テキ1チヤク1(1チャク1)1かぶらや1,
鏖,,587,,199,11,19,+00219+00109+,/ao2,1フウ1(1オウ1)1みなごろし1,
鏗,,587,,199,11,19,+87114+,/geng1,1カウ1(1コウ1)1うつ1つく1,
鏘,,587,,199,11,19,+87142+,/qiang1,1シヤウ1(1ショウ1)1サウ1(1ソウ1),
鏜,,587,,199,11,19,+89114+,/tang1,1タウ1(1トウ1),
镗,鏜,,587,199,11,16,+29712+,/tang1,1タウ1(1トウ1),
鏝,墁,587,095,199,11,19,+86147+,/man4,1バン1マン1,
镘,鏝,,587,199,11,16,+86747+,/man4,1バン1マン1,
鏞,,587,,199,11,19,+80127+,/yong1/yong2,1ヨウ1ユ1おほがね1(1おおがね1),
镛,鏞,,587,199,11,16,+80727+,/yong1/yong2,1ヨウ1ユ1おほがね1(1おおがね1),
鏟,,587,,199,11,19,+80114+,/chan3,1サン1セン1けづる1(1けずる1)1ならし1,
鏡,,587,,199,11,19,+80116+,/jing4,1ケイ1キヤウ1(1キョウ1)1かがみ1かんがみる1,
镜,鏡,,587,199,11,16,+80712+,/jing4,1ケイ1キヤウ1(1キョウ1)1かがみ1かんがみる1,
鏢,,587,,199,11,19,+81191+,/biao1,1ヘウ1(1ヒョウ1),
镖,鏢,,587,199,11,16,+81791+,/biao1,1ヘウ1(1ヒョウ1),
鏤,,587,,199,11,19,+85144+,/lou4,1ロウ1ル1きざむ1ちりばめる1える1かざる1,
鏨,,587,,199,11,19,+52109+,/zan4,1サン1ザン1たがね1える1ほる1,
鏁,鎖,590,585,199,11,19,+82194+,/suo3,1サ1くさり1とざす1,
鏹,,587,,199,12,20,+83136+,/qiang3/qiang1,1キヤウ1(1キョウ1)1カウ1(1コウ1),
镪,鏹,,587,199,12,17,+86736+,/qiang3/qiang1,1キヤウ1(1キョウ1)1カウ1(1コウ1),
鐃,,587,,199,12,20,+84111+,/nao2,1ダウ1(1ドウ1)1ネウ1(1ニョウ1)1どら1,
鐋,,587,,199,12,20,+86127+,/tang4,1タウ1(1トウ1),
鐍,,587,,199,12,20,+87127+,/jue2,1ケツ1ケチ1,
鐎,,587,,199,12,20,+80131+,/jiao1,1セウ1(1ショウ1),
鐏,,587,,199,12,20,+88146+,/zun1,1ソン1ゾン1いしづき1,
鐐,,588,,199,12,20,+84196+,/liao2/liao4,1レウ1(1リョウ1)1あしかせ1しろがね1ひらがね1,
镣,鐐,,588,199,12,17,+84796+,/liao2/liao4,1レウ1(1リョウ1)1あしかせ1しろがね1ひらがね1,
鐓,,588,,199,12,20,+88140+,/dui4,1タイ1デ1いしづき1つち1,
镦,鐓,,588,199,12,17,+88740+,/dui4,1タイ1デ1いしづき1つち1,
鐔,,588,,199,12,20,+81146+,/tan2,1シン1ジン1タン1ダン1つば1,
镡,鐔,,588,199,12,17,+21746+,/tan2,1シン1ジン1タン1ダン1つば1,
鐗,,588,,199,12,20,+87120+,/jian3,1ケン1ゲン1,
锏,鐗,,588,199,12,17,+87720+,/jian3,1ケン1ゲン1,
鐘,,588,,199,12,20,+80114+,/zhong1,1シヨウ1(1ショウ1)1シユ1(1シュ1)1かね1,
鐙(1),豋燈,588,527317,199,12,20,+82118+,/deng1,1トウ1たかつき1あぶらざら1,
鐙(2),,588,,199,12,20,+82118+,/deng4,1トウ1あぶみ1,
镫(1),鐙,,588,199,12,20,+82718+,/deng1,1トウ1たかつき1あぶらざら1,
镫(2),鐙,,588,199,12,20,+82718+,/deng4,1トウ1あぶみ1,
鐂,劉,590,045,199,12,20,+81167+,/liu2,1リウ1(1リュウ1)1ル1,
鐫,,588,,199,13,21,+80127+,/juan1,1セン1のみ1ゑる1(1える1)1いましめる1うがつ1しりぞける1ほる1,
鐮,鎌,588,585,199,13,21,+80137+,/lian2,1レン1かま1,
镰,鐮,,588,199,13,18,+80737+,/lian2,1レン1かま1,
鐲,,588,,199,13,21,+86127+,/zhuo2,1タク1ヂヨク1(1ジョク1)1かね1,
镯,鐲,,588,199,13,18,+86727+,/zhuo2,1タク1ヂヨク1(1ジョク1)1かね1,
鐵,,588,,199,13,21,+83150+,/tie3,1テツ1テチ1くろがね1,
鐶,,588,,199,13,21,+86132+,/huan2,1クワン1(1カン1)1ゲン1わ1かなわ1たまき1,
镮,鐶,,588,199,13,18,+86732+,/huan2,1クワン1(1カン1)1ゲン1わ1かなわ1たまき1,
鐸,,589,,199,13,21,+86141+,/duo2,1タク1ダク1おほすず1(1おおすず1)1すず1,
鐺(1),,589,,199,13,21,+89166+,/dang1,1タウ1(1トウ1)1こて1こじり1くさり1,
鐺(2),鎗,589,585,199,13,21,+89166+,/cheng1,1サウ1(1ソウ1)1シヤウ1(1ショウ1)1なべ1あしがなへ1(1あしがなえ1),
镬,鑊,,589,199,13,18,+84747+,/huo4,1クワク1(1カク1)1ワク1かま1なべ1,
鏽,,589,,199,14,22,+85127+,/xiu4,1シウ1(1シュウ1)1シユ1(1シュ1)1さび1,
鑄,,589,,199,14,22,+84141+,/zhu4,1シユ1(1シュ1)1ス1チユウ1(1チュウ1)1いる1,
鑊,,589,,199,14,22,+84147+,/huo4,1クワク1(1カク1)1ワク1かま1なべ1,
鑌,,589,,199,14,22,+83186+,/bin1,1ヒン1,
鑑,,589,,199,14,22,+88117+,/jian4,1カン1かがみ1かんがみる1,
鑕,鈇,589,578,199,15,23,+82186+,/zhi4,1シツ1シチ1,
鑛,礦,589,369,199,15,23,+80186+,/kuang3/gong3/kuang4,1クワウ1(1コウ1)1あらがね1,
鑞,,589,,199,15,23,+82116+,/la4,1ラフ1(1ロウ1)1すず1,
鑠,,589,,199,15,23,+82194+,/shuo4,1シヤク1(1シャク1)1とかす1とける1うつくしい1,
鑢,,589,,199,15,23,+81136+,/lv4,1リヨ1(1リョ1)1やすり1,
鑣,標鏢,589,259587,199,15,23,+80131+,/biao1,1ヘウ1(1ヒョウ1)1くつばみ1くつわ1,
镳,鑣,,589,199,15,20,+80731+,/biao1,1ヘウ1(1ヒョウ1)1くつばみ1くつわ1,
鑤,鉋,590,579,199,15,20,+86132+,/bao4,1ハウ1(1ホウ1)1バウ1(1ボウ1)1かんな1,
鑒,鑑,590,589,199,15,20,+78109+,/jian4,1カン1かがみ1かんがみる1,
鑪,,589,,199,16,24,+81117+,/lu2,1リヨ1(1リョ1)1ロ1いろり1さかば1ふいご1,
鑫,興,589,443,199,16,24,+80119+,/xin1,1キン1コン1,
鑰,籥,590,396,199,17,25,+88127+,/yue4/yao4,1ヤク1かぎ1とぢる1(1とじる1),
鑱,,590,,199,17,25,+87113+,/chan2,1サン1ザン1いしばり1,
镵,鑱,,590,199,17,22,+87713+,/chan2,1サン1ザン1いしばり1,
鑲,,590,,199,17,25,+80132+,/xiang1,1ジヤウ1(1ジョウ1)1ニヤウ1(1ニョウ1),
镶,鑲,,590,199,17,22,+80732+,/xiang1,1ジヤウ1(1ジョウ1)1ニヤウ1(1ニョウ1),
鑴,,590,,199,18,26,+82127+,/xi1,1ケイ1ヱ1(1エ1),
鑵,,590,,199,18,26,+84114+,/guan4,1クワン1(1カン1)1つるべ1かま1ほとぎ1,
鑷,,590,,199,18,26,+81141+,/nie4,1デフ1(1ジョウ1)1ネフ1(1ニョウ1)1けぬき1ぬく1,
鑼,,590,,199,19,27,+86114+,/luo2,1ラ1どら1,
鑽(1),,590,,199,19,27,+84186+,/zuan4,1サン1きり1のみ1,
鑽(2),,590,,199,19,27,+84186+,/zuan1,1サン1うがつ1きる1あつめる1きはめる1(1きわめる1),
鑾,,590,,199,19,27,+22109+,/luan2,1ラン1すず1,
鑿(1),,590,,199,20,28,+37109+,/zuo4/zao2,1サク1ザク1のみ1うがつ1,
鑿(2),,590,,199,20,28,+37109+,/zuo4,1サク1,
長(1),,591,,200,0,8,+71732+,/chang2,1チヤウ1(1チョウ1)1ヂヤウ1(1ジョウ1)1ながい1たけ1ながさ1,
長(2),,591,,200,0,8,+71732+,/zhang3,1チヤウ1(1チョウ1)1をさ1(1おさ1)1たける1,
長(3),,591,,200,0,8,+71732+,/zhang4,1チヤウ1(1チョウ1)1まさる1ます1,
长(1),長,,591,200,0,4,+42730+,/chang2,1チヤウ1(1チョウ1)1ヂヤウ1(1ジョウ1)1ながい1たけ1ながさ1,
长(2),長,,591,200,0,4,+42730+,/zhang3,1チヤウ1(1チョウ1)1をさ1(1おさ1)1たける1,
长(3),長,,591,200,0,4,+42730+,/zhang4,1チヤウ1(1チョウ1)1まさる1ます1,
門,,591,,201,0,8,+77777+,/men2,1ボン1モン1かど1いへ1(1いえ1)1かどがまへ1(1かどがまえ1)1みうち1もんがまへ1(1もんがまえ1),
门,門,,591,201,0,3,+37001+,/men2,1ボン1モン1かど1いへ1(1いえ1)1かどがまへ1(1かどがまえ1)1みうち1もんがまへ1(1もんがまえ1),
閂,,591,,201,1,9,+77107+,/shuan1,1サン1セン1くわんぬき1(1かんぬき1),
闩,閂,,591,201,1,4,+37101+,/shuan1,1サン1セン1くわんぬき1(1かんぬき1),
閃,,591,,201,2,10,+77807+,/shan3,1セン1ひらめく1,
闪,閃,,591,201,2,5,+37801+,/shan3,1セン1ひらめく1,
閈,,591,,201,3,11,+77401+,/han4,1カン1ガン1,
闬,閈,,591,201,3,6,+37401+,/han4,1カン1ガン1,
閉,,591,,201,3,11,+77247+,/bi4,1ヘイ1ハイ1ヘツ1ヘチ1とぢる1(1とじる1)1とざす1しめる1しまる1,
闭,閉,,591,201,3,6,+37241+,/bi4,1ヘイ1ハイ1ヘツ1ヘチ1とぢる1(1とじる1)1とざす1しめる1しまる1,
闯,闖,,594,201,3,6,+37127+,/chuang3,1チン1うかがふ1(1うかがう1)1ねらふ1(1ねらう1),
问,問,,075,201,3,6,+37601+,/wen4,1ブン1モン1とふ1(1とう1)1とひ1(1とい1)1とん1おとづれる1(1おとずれる1)1たづねる1(1たずねる1),
開,,591,,201,4,12,+77441+,/kai1,1カイ1ひらく1ひらける1あく1あける1ひらき1,
閎,,592,,201,4,12,+77432+,/hong2,1クワウ1(1コウ1)1ギヤウ1(1ギョウ1)1ひろい1ひろげる1むなしい1,
闳,閎,,592,201,4,7,+37432+,/hong2,1クワウ1(1コウ1)1ギヤウ1(1ギョウ1)1ひろい1ひろげる1むなしい1,
閏,,592,,201,4,12,+77104+,/run4,1ジユン1(1ジュン1)1ニユン1(1ニュン1)1うるふ1(1うるう1),
闰,閏,,592,201,4,7,+37104+,/run4,1ジユン1(1ジュン1)1ニユン1(1ニュン1)1うるふ1(1うるう1),
閑,閒,592,592,201,4,12,+77904+,/xian2,1カン1ゲン1しきり1しづか1(1しずか1)1ならふ1(1ならう1)1ひま1のり1ふさぐ1なれる1,
闲,閑,,592,201,4,7,+37904+,/xian2,1カン1ゲン1しきり1しづか1(1しずか1)1ならふ1(1ならう1)1ひま1のり1ふさぐ1なれる1,
閒(1),,592,,201,4,12,+77227+,/jian1,1カン1ケン1あひだ1(1あいだ1)1あひ1(1あい1)1ま1はざま1ころ1ころほひ1(1ころおい1)1このごろ1しばし1しばらく1まま1,
閒(2),,592,,201,4,12,+77227+,/xian2,1カン1ケン1しづか1(1しずか1),
閒(3),,592,,201,4,12,+77227+,/jian4,1カン1ケン1うかがう1いえる1へだてる1へだたる1かはる1(1かわる1),
間(1),閒,596,592,201,4,12,+77607+,/jian1,1カン1ケン1あひだ1(1あいだ1)1あひ1(1あい1)1ま1はざま1ころ1ころほひ1(1ころおい1)1このごろ1しばし1しばらく1まま1,
間(2),閒,596,592,201,4,12,+77607+,/xian2,1カン1ケン1しづか1(1しずか1),
間(3),閒,596,592,201,4,12,+77607+,/jian4,1カン1ケン1うかがう1いえる1へだてる1へだたる1かはる1(1かわる1),
间(1),閒間,,592596,201,4,7,+37601+,/jian1,1カン1ケン1あひだ1(1あいだ1)1あひ1(1あい1)1ま1はざま1ころ1ころほひ1(1ころおい1)1このごろ1しばし1しばらく1まま1,
间(2),閒間,,592596,201,4,7,+37601+,/xian2,1カン1ケン1しづか1(1しずか1),
间(3),閒間,,592596,201,4,7,+37601+,/jian4,1カン1ケン1うかがう1いえる1へだてる1へだたる1かはる1(1かわる1),
閔,憫,592,178,201,4,12,+77400+,/min3,1ビン1ミン1いたむ1あはれむ1(1あわれむ1)1なやむ1なやみ1やむ1やまひ1(1やまい1)1うれへる1(1うれえる1)1をしむ1(1おしむ1)1つとめる1,
闵,閔,,592,201,4,7,+37400+,/min3,1ビン1ミン1いたむ1あはれむ1(1あわれむ1)1なやむ1なやみ1やむ1やまひ1(1やまい1)1うれへる1(1うれえる1)1をしむ1(1おしむ1)1つとめる1,
閘,牐,592,322,201,5,13,+77506+,/jia2/zha2,1アフ1(1オウ1)1カフ1(1コウ1)1ひのくち1,
闸,閘,,592,201,5,8,+37506+,/jia2/zha2,1アフ1(1オウ1)1カフ1(1コウ1)1ひのくち1,
閙,鬧,593,632,201,5,13,+77227+,/nao4,1ダウ1(1ドウ1)1ネウ1(1ニョウ1)1さわぐ1さわがしい1さわがす1みだれる1あらそふ1(1あらそう1),
闹,鬧,,632,201,5,8,+37227+,/nao4,1ダウ1(1ドウ1)1ネウ1(1ニョウ1)1さわぐ1さわがしい1さわがす1みだれる1あらそふ1(1あらそう1),
閟,,593,,201,5,13,+77337+,/bi4,1ヒ1とざす1とぢる1(1とじる1)1をへる1(1おえる1)1をはる1(1おわる1)1つつしむ1,
閡,,593,,201,6,14,+77802+,/he2,1ガイ1ゲ1,
阂,閡,,593,201,6,9,+37802+,/he2,1ガイ1ゲ1,
閣,擱,593,207,201,6,14,+77604+,/ge2,1カク1たかどの1たな1おく1,
阁,閣,,593,201,6,9,+37604+,/ge2,1カク1たかどの1たな1おく1,
閤,閣,593,593,201,6,14,+77601+,/ge2,1カフ1(1コウ1)1くぐりど1,
閥,,593,,201,6,14,+77253+,/fa2,1ハツ1ボチ1バチ1いさを1(1いさお1)1いへがら1(1いえがら1),
阀,閥,,593,201,6,9,+37253+,/fa2,1ハツ1ボチ1バチ1いさを1(1いさお1)1いへがら1(1いえがら1),
閨,,593,,201,6,14,+77104+,/gui1,1ケイ1ケ1こもん1ねや1,
闺,閨,,593,201,6,9,+37104+,/gui1,1ケイ1ケ1こもん1ねや1,
閩,,593,,201,6,14,+77136+,/min2/min3,1ビン1ミン1,
闽,閩,,593,201,6,14,+37136+,/min2/min3,1ビン1ミン1,
闿,闓,,595,201,6,9,+37717+,/kai3,1カイ1,
関(1),關,,595,201,6,14,+77430+,/guan1,1クワン1(1カン1)1ケン1せき1かんぬき1とざす1かかわる1あづかる1(1あずかる1)1からくり1,
関(2),關,,595,201,6,14,+77430+,/wan1,1ワン1エン1ひく1まがる1,
闼,闥,,596,201,6,9,+37308+,/ta4,1タツ1タチ1こもん1,
闻,聞,,428,201,6,9,+37401+,/wen2,1ブン1モン1きく1きこえる1,
閧,鬨,596,632,201,6,14,+77801+,/hong4,1コウ1グ1とき1たたかふ1(1たたかう1),
閫,,593,,201,7,15,+77607+,/kun3,1コン1しきみ1,
阃,閫,,593,201,7,10,+37601+,/kun3,1コン1しきみ1,
閬(1),,593,,201,7,15,+77732+,/lang3/lang4,1ラウ1(1ロウ1),
閬(2),,593,,201,7,15,+77732+,/lang2,1ラウ1(1ロウ1),
阆(1),閬,,593,201,7,10,+37732+,/lang3/lang4,1ラウ1(1ロウ1),
阆(2),閬,,593,201,7,10,+37732+,/lang2,1ラウ1(1ロウ1),
閭,,593,,201,7,15,+77606+,/lv2,1リヨ1(1リョ1)1ロ1むら1さと1むらざと1,
闾,閭,,593,201,7,10,+37606+,/lv2,1リヨ1(1リョ1)1ロ1むら1さと1むらざと1,
閱,,593,,201,7,15,+77216+,/yue4,1エツ1エチ1けみする1みる1いれる1へる1,
閲,閱,,593,201,7,15,+77216+,/yue4,1エツ1エチ1けみする1みる1いれる1へる1,
阅,閱,,593,201,7,10,+37212+,/yue4,1エツ1エチ1けみする1みる1いれる1へる1,
訚,誾,,519,201,7,9,+37601+,/yin2,1ギン1ゴン1,
閶,,594,,201,8,16,+77606+,/chang1,1シヤウ1(1ショウ1),
阊,閶,,594,201,8,11,+37606+,/chang1,1シヤウ1(1ショウ1),
閹,,594,,201,8,16,+77716+,/yan1,1エン1,
阉,閹,,594,201,8,11,+37716+,/yan1,1エン1,
閻,,594,,201,8,16,+77777+,/yan2,1エン1みめよい1みめうるはしい1(1みめうるわしい1),
阎,閻,,594,201,8,16,+37777+,/yan2,1エン1みめよい1みめうるはしい1(1みめうるわしい1),
閼(1),,594,,201,8,16,+77233+,/e4,1アツ1アチ1エツ1エチ1ふさぐ1ふさがる1とどめる1さえぎる1,
閼(2),,594,,201,8,16,+77233+,/yan1,1エン1,
阏(1),閼,,594,201,8,11,+37233+,/e4,1アツ1アチ1エツ1エチ1ふさぐ1ふさがる1とどめる1さえぎる1,
阏(2),閼,,594,201,8,11,+37233+,/yan1,1エン1,
閽,,594,,201,8,16,+77604+,/hun1,1コン1もんばん1,
阍,閽,,594,201,8,11,+37604+,/hun1,1コン1もんばん1,
閾,,594,,201,8,16,+77153+,/yu4,1ヨク1イキ1キヨク1(1キョク1)1ケキ1しきみ1しきゐ1(1しきい1)1くぎる1くぎり1,
阈,閾,,594,201,8,11,+37153+,/yu4,1ヨク1イキ1キヨク1(1キョク1)1ケキ1しきみ1しきゐ1(1しきい1)1くぎる1くぎり1,
閿,,594,,201,8,16,+77407+,/wen2,1ブン1モン1,
阌,閿,,594,201,8,11,+37407+,/wen2,1ブン1モン1,
阐,闡,,596,201,8,11,+37506+,/chan3,1セン1ひらく1ひろまる1ひろめる1あらはす1(1あらわす1)1あきらか1,
41405,鬩,596,632,201,8,16,+77217+,/xi4,1ケキ1キヤク1(1キャク1)1せめぐ1いひあらそふ1(1いいあらそう1)1なかたがひ1(1なかたがい1),
阋,鬩,,632,201,8,11,+37212+,/xi4,1ケキ1キヤク1(1キャク1)1せめぐ1いひあらそふ1(1いいあらそう1)1なかたがひ1(1なかたがい1),
闃,,594,,201,9,17,+77430+,/qu4,1ケキ1キヤク1(1キャク1)1クワク1(1カク1)1ゲキ1,
阒,闃,,594,201,9,12,+37804+,/qu4,1ケキ1キヤク1(1キャク1)1クワク1(1カク1)1ゲキ1,
闇,,594,,201,9,17,+77601+,/an4,1アン1オン1くらい1やみ1,
闈,,594,,201,9,17,+77506+,/wei2,1ヰ1(1イ1)1くぐり1,
闱,闈,,594,201,9,12,+37527+,/wei2,1ヰ1(1イ1)1くぐり1,
闉,,594,,201,9,17,+77104+,/yin1,1イン1,
闊,,594,,201,9,17,+77164+,/kuo4,1クワツ1(1カツ1)1クワチ1(1カチ1)1ひろい1うとい1はるか1ゆるい1,
阔,闊,,594,201,9,12,+37164+,/kuo4,1クワツ1(1カツ1)1クワチ1(1カチ1)1ひろい1うとい1はるか1ゆるい1,
闋,,594,,201,9,17,+77430+,/que4,1ケツ1ケチ1むなしい1やむ1,
阕,闋,,594,201,9,12,+37804+,/que4,1ケツ1ケチ1むなしい1やむ1,
闌,欄攔,594,265208,201,9,17,+77906+,/lan2,1ラン1さへぎる1(1さえぎる1)1たけなは1(1たけなわ1)1みだりに1おそい1たける1てすり1,
阑,闌,,594,201,9,12,+37906+,/lan2,1ラン1さへぎる1(1さえぎる1)1たけなは1(1たけなわ1)1みだりに1おそい1たける1てすり1,
闍,闉,595,594,201,9,17,+77604+,/du1*/she2*,1ト1ツ1シヤ1(1シャ1)1ジヤ1(1ジャ1)1うてな1まち1ものみ1,
阇,闍,,595,201,9,12,+37604+,/du1*/she2*,1ト1ツ1シヤ1(1シャ1)1ジヤ1(1ジャ1)1うてな1まち1ものみ1,
闐,,595,,201,10,18,+77801+,/tian2,1テン1デン1みちる1,
闑,,595,,201,10,18,+77904+,/nie4,1ゲツ1ゲチ1,
闒,,595,,201,10,18,+77127+,/ta4,1タフ1(1トウ1)1ダフ1(1ドウ1),
阘,闒,,595,201,10,13,+37127+,/ta4,1タフ1(1トウ1)1ダフ1(1ドウ1),
闓,凱,595,038,201,10,18,+77108+,/kai3,1カイ1,
闔,合,595,063,201,10,18,+77107+,/he2,1カフ1(1コウ1)1ガフ1(1ゴウ1)1とびら1とぢる1(1とじる1)1すべて1もん1なんぞ1ざる1,
阖,闔,,595,201,10,13,+37102+,/he2,1カフ1(1コウ1)1ガフ1(1ゴウ1)1とびら1とぢる1(1とじる1)1すべて1もん1なんぞ1ざる1,
闕,缺,595,418,201,10,18,+77482+,/que4,1ケツ1クワチ1(1カチ1)1もん1かける1かく1のぞく1あやまち1,
阙,闕,,595,201,10,13,+37482+,/que4,1ケツ1クワチ1(1カチ1)1もん1かける1かく1のぞく1あやまち1,
闖,,595,,201,10,18,+77327+,/chuang3,1チン1うかがふ1(1うかがう1)1ねらふ1(1ねらう1),
闘,鬬,596,633,201,10,18,+77147+,/dou4,1トウ1ヅ1(1ズ1)1たたかふ1(1たたかう1),
關(1),,595,,201,11,19,+77772+,/guan1,1クワン1(1カン1)1ケン1せき1かんぬき1とざす1かかわる1あづかる1(1あずかる1)1からくり1,
關(2),彎,595,158,201,11,19,+77772+,/wan1,1ワン1エン1ひく1まがる1,
闚,窺,596,382,201,11,19,+77516+,/kui1,1キ1うかがひ1(1うかがい1)1うかがふ1(1うかがう1)1のぞく1,
闞(1),,595,,201,12,20,+77148+,/kan4,1カン1コン1のぞむ1みる1,
闞(2),,595,,201,12,20,+77148+,/han3,1カン1コン1,
阚(1),闞,,595,201,12,15,+37448+,/kan4,1カン1コン1のぞむ1みる1,
阚(2),闞,,595,201,12,15,+37448+,/han3,1カン1コン1,
闠,,596,,201,12,20,+77806+,/hui4,1キ1ギ1クワイ1(1カイ1)1ヱ1(1エ1),
阓,闠,,596,201,12,15,+37806+,/hui4,1キ1ギ1クワイ1(1カイ1)1ヱ1(1エ1),
闡,,596,,201,12,20,+77506+,/chan3,1セン1ひらく1ひろまる1ひろめる1あらはす1(1あらわす1)1あきらか1,
闢,,596,,201,13,21,+77641+,/pi4,1ヘキ1ビヤク1(1ビャク1)1ひらく1ひらける1さける1しりぞける1,
闤,,596,,201,13,21,+77732+,/huan2,1クワン1(1カン1)1ゲン1ワン1ヱン1(1エン1),
阛,闤,,596,201,13,16,+37732+,/huan2,1クワン1(1カン1)1ゲン1ワン1ヱン1(1エン1),
闥,,596,,201,13,21,+77304+,/ta4,1タツ1タチ1こもん1,
阜,,596,,202,0,8,+27407+,/fu4,1フウ1ブ1フ1をか1(1おか1)1おほきい1(1おおきい1)1おほい1(1おおい1),
队,隊,,601,202,2,5,+78200+,/dui4,1タイ1デ1くみ1おちる1,
阡,,596,,202,3,6,+72240+,/qian1,1セン1あぜみち1しげる1はかみち1みち1,
阶,階,,601,202,3,6,+78220+,/jie1,1カイ1きざはし1はし1はしご1のぼる1しな1,
阨,厄阸,596,056597,202,4,7,+71212+,/e4,1アク1ヤク1せまい1ふさがる1ふさぐ1くるしむ1わざはひ1(1わざわい1)1なやみ1,
阪,坂,596,088,202,4,7,+71247+,/ban3,1ハン1バン1さか1,
阬,,596,,202,4,7,+70217+,/keng1,1カウ1(1コウ1)1キヤウ1(1キョウ1)1あな1,
阮,,596,,202,4,7,+71211+,/yuan3,1ゲン1グワン1(1ガン1),
阯,址趾沚,596,088539281,202,4,7,+71210+,/zhi3,1シ1あと1ふもと1もと1,
阱,穽,596,380,202,4,7,+75200+,/jing3,1セイ1シヤウ1(1ショウ1),
防,,597,,202,4,7,+70227+,/fang2,1ハウ1(1ホウ1)1バウ1(1ボウ1)1ふせぐ1ふせぎ1まもる1つつみ1,
阵,陣,,598,202,4,7,+74250+,/zhen4,1チン1ヂン1(1ジン1)1つらねる1いくさ1,
阴,陰,,599,202,4,7,+77220+,/yin1,1イン1オン1かげ1かげる1くらい1くもる1かくす1かくれる1ひそかに1,
阳,陽,,600,202,4,7,+76200+,/yang2,1ヤウ1(1ヨウ1)1ひ1あたたか1あきらか1いつはる1(1いつわる1),
阻,沮,597,282,202,5,8,+77210+,/zu3,1シヨ1(1ショ1)1ソ1はばむ1けわしい1なやむ1なやみ1たのむ1よる1へだたる1へだてる1,
阼,,597,,202,5,8,+78211+,/zuo4,1ソ1ゾ1サク1ザク1きざはし1,
阸,厄,597,056,202,5,8,+73217+,/e4,1アク1ヤク1,
阽,,597,,202,5,8,+71260+,/dian4,1エン1デン1,
阿(1),,597,,202,5,8,+71220+,/e1,1ア1をか1(1おか1)1くま1おもねる1ひさし1よる1,
阿(2),,597,,202,5,8,+71220+,/a4,1ア1お1,
陀,,597,,202,5,8,+73211+,/tuo2,1タ1ダ1,
陂,,597,,202,5,8,+74247+,/po1/pi2,1ハ1ヒ1さか1つつみ1かたむく1よこしま1,
附,,597,,202,5,8,+74200+,/fu4,1フ1ブ1つく1つける1,
陉,陘,,598,202,5,8,+77212+,/xing2,1ケイ1キヤウ1(1キョウ1)1たに1,
陈(1),陳,,599,202,5,8,+74294+,/chen2,1チン1ヂン1(1ジン1)1ならべる1しく1つらねる1のべる1ふるい1,
陈(2),陳,,599,202,5,8,+74294+,/zhen4,1チン1ヂン1(1ジン1),
陆,陸,,600,202,5,8,+77527+,/lu4,1リク1ロク1をか1(1おか1)1くが1あがる1,
际,際,,601,202,5,8,+71291+,/ji4,1セイ1サイ1きは1(1きわ1)1あひ1(1あい1)1まじはる1(1まじわる1),
陇,隴,,603,202,5,8,+73214+,/long3,1リヨウ1(1リョウ1)1リユ1(1リュ1)1ロウ1うね1をか1(1おか1)1はたけ1,
陋,,597,,202,6,9,+71212+,/lou4,1ロウ1ル1せまい1いやしい1,
陌,,597,,202,6,9,+71260+,/mo4,1バク1ミヤク1(1ミャク1)1ハク1みち1あぜみち1まち1,
降(1),,598,,202,6,9,+77254+,/xiang4,1カウ1(1コウ1)1ガウ1(1ゴウ1)1おりる1おろす1ふる1くだる1,
降(2),,598,,202,6,9,+77254+,/xiang4/xiang1,1カウ1(1コウ1)1ガウ1(1ゴウ1)1くだる1くだす1,
限,,598,,202,6,9,+77232+,/xian4,1カン1ゲン1かぎる1かぎり1,
陔,,598,,202,6,9,+70282+,/gai1,1カイ1,
陕,陝,,598,202,6,9,+75280+,/shan3,1セン1せまい1やまあひ1(1やまあい1)1やまかひ1(1やまかい1),
陘,,598,,202,7,10,+71211+,/xing2,1ケイ1キヤウ1(1キョウ1)1たに1,
陛,,598,,202,7,10,+71214+72214+,/bi4,1ヘイ1バイ1きざはし1,
陝,,598,,202,7,10,+74238+,/shan3,1セン1せまい1やまあひ1(1やまあい1)1やまかひ1(1やまかい1),
陜,陋狹,598,597327,202,7,10,+74238+,/shan3,1セン1せまい1,
陟,,598,,202,7,10,+71221+,/zhi4,1チヨク1(1チョク1)1チキ1のぼる1すすむ1のぼらせる1,
陡,,598,,202,7,10,+74281+,/dou3,1トウ1ツ1けはしい1(1けわしい1)1そばだつ1にはか1(1にわか1),
院,,598,,202,7,10,+73211+,/yuan4,1ヱン1(1エン1)1ヰン1(1イン1)1かき1かこひ1(1かこい1),
陣,,598,,202,7,10,+75206+,/zhen4,1チン1ヂン1(1ジン1)1つらねる1いくさ1,
除,,598,,202,7,10,+78294+,/chu2,1チヨ1(1チョ1)1ヂヨ1(1ジョ1)1ヂ1(1ジ1)1のぞく1さる1はらふ1(1はらう1)1つきる1,
陥,陷,,600,202,7,10,+77262+,/xian4,1カン1ガン1おちいる1おとしいれる1,
陨(1),隕,,601,202,7,10,+76282+,/yun3,1ヰン1(1イン1)1ウン1おちる1おとす1うしなふ1(1うしなう1)1しぬ1ふる1,
陨(2),隕,,601,202,7,10,+76282+,/yuan2,1ヱン1(1エン1)1かず1,
陞,升,603,052,202,7,10,+74214+,/sheng1,1シヨウ1(1ショウ1)1のぼる1ます1,
陧,隉,603,600,202,7,10,+76214+,/nie4,1ゲツ1ゲチ1,
陪,賠,599,534,202,8,11,+70261+,/pei2,1ハイ1ベ1バイ1そふ1(1そう1)1そへる1(1そえる1)1したがふ1(1したがう1),
陬,,599,,202,8,11,+71247+,/zou1,1ソウ1ス1シウ1(1シュウ1)1スウ1すみくまかたゐなか1(1かたいなか1),
陰,,599,,202,8,11,+78231+,/yin1,1イン1オン1かげ1かげる1くらい1くもる1かくす1かくれる1ひそかに1,
陲,,599,,202,8,11,+72214+,/chui2,1スヰ1(1スイ1)1ズヰ1(1ズイ1)1あやふい1(1あやうい1)1さかひ1(1さかい1)1ほとり1,
陳(1),,599,,202,8,11,+75296+,/chen2,1チン1ヂン1(1ジン1)1ならべる1しく1つらねる1のべる1ふるい1,
陳(2),陣,599,598,202,8,11,+75296+,/zhen4,1チン1ヂン1(1ジン1),
陴,,599,,202,8,11,+76240+,/pi2,1ヒ1ビ1バイ1ベ1,
陵,,599,,202,8,11,+74247+,/ling2,1リヨウ1(1リョウ1)1みささぎ1をか1(1おか1)1しのぐ1,
陶(1),,599,,202,8,11,+77220+,/tao2,1タウ1(1トウ1)1ダウ1(1ドウ1)1すゑ1(1すえ1)1たのしむ1,
陶(2),,599,,202,8,11,+77220+,/yao2,1エウ1(1ヨウ1),
陷,,600,,202,8,11,+77277+,/xian4,1カン1ガン1おちいる1おとしいれる1,
陸,六,600,034,202,8,11,+74214+,/lu4,1リク1ロク1をか1(1おか1)1くが1あがる1,
隉,杌,600,234,202,9,12,+77214+,/nie4,1ゲツ1ゲチ1,
陻,,600,,202,9,12,+71214+,/yin1,1イン1,
陽,陰,600,599,202,9,12,+76227+,/yang2,1ヤウ1(1ヨウ1)1ひ1あたたか1あきらか1いつはる1(1いつわる1),
隄,堤,600,093,202,9,12,+76281+,/ti2,1テイ1タイ1つつみ1,
隃,,600,,202,9,12,+78221+,/yu2,1ユ1,
隅,,600,,202,9,12,+76227+,/yu2,1グ1グウ1すみ1,
隆,,600,,202,9,12,+77214+,/long2,1リユウ1(1リュウ1)1リユ1(1リュ1)1たかい1さかん1たかし1,
隈,,601,,202,9,12,+76232+,/wei1,1ワイ1ヱ1(1エ1)1くま1すみ1,
隊,,601,,202,9,12,+78232+,/dui4,1タイ1デ1くみ1おちる1,
隋,,601,,202,9,12,+74227+,/sui2,1スヰ1(1スイ1)1ズヰ1(1ズイ1),
隍,,601,,202,9,12,+76214+,/huang2,1クワウ1(1コウ1)1ワウ1(1オウ1)1からぼり1ほり1むなしい1,
階,,601,,202,9,12,+71261+72261+,/jie1,1カイ1きざはし1はし1はしご1のぼる1しな1,
陿,狹,603,327,202,9,12,+71213+,/shan3,1セン1せまい1,
隁,堰,603,093,202,9,12,+71214+,/yan4,1エン1せき1,
隂,陰,603,599,202,9,12,+78231+,/yin1,1イン1オン1かげ1かげる1くらい1くもる1かくす1かくれる1ひそかに1,
隐(1),隱,603,602,202,9,12,+77237+,/yin3,1イン1オン1かくす1かくれる1いたむ1,
隐(2),隱,603,602,202,9,12,+77237+,/yin3,1イン1オン1よる1,
隔,,601,,202,10,13,+71227+,/ge2/jie2,1カク1キヤク1(1キャク1)1へだてる1へだたる1へだて1へだたり1はなれる1,
隕(1),,601,,202,10,13,+76286+,/yun3,1ヰン1(1イン1)1ウン1おちる1おとす1うしなふ1(1うしなう1)1しぬ1ふる1,
隕(2),員,601,072,202,10,13,+76286+,/yuan2,1ヱン1(1エン1)1かず1,
隖,塢,601,095,202,10,13,+77227+,/wu4,1ヲ1(1オ1)1ウ1どて1くぼみ1とりで1,
隗(1),,601,,202,10,13,+76213+,/wei3,1グワイ1(1ガイ1)1ゲ1クワイ1(1カイ1)1けはしい1(1けわしい1),
隗(2),,601,,202,10,13,+76213+,/wei3,1グワイ1(1ガイ1)1ゲ1クワイ1(1カイ1),
隘,,601,,202,10,13,+78217+,/ai4,1アイ1エ1けはしい1(1けわしい1)1せまい1いやしい1,
隙,,601,,202,10,13,+79296+,/xi4,1ケキ1キヤク1(1キャク1)1ゲキ1すき1ひま1,
随,隨,603,602,202,10,13,+74232+,/sui2,1スヰ1(1スイ1)1ズヰ1(1ズイ1)1したがふ1(1したがう1),
際,,601,,202,11,14,+77291+,/ji4,1セイ1サイ1きは1(1きわ1)1あひ1(1あい1)1まじはる1(1まじわる1),
障,,602,,202,11,14,+70246+,/zhang4,1シヤウ1(1ショウ1)1さはる1(1さわる1)1さへぎる1(1さえぎる1)1ふせぐ1さはり1(1さわり1),
隠(1),隱,,602,202,11,14,+72237+,/yin3,1イン1オン1かくす1かくれる1いたむ1,
隠(2),隱,,602,202,11,14,+72237+,/yin3,1イン1オン1よる1,
隤,頽穨,602,616379,202,12,15,+75286+,/tui2,1タイ1デ1おちる1くづす1(1くずす1)1くづれる1(1くずれる1)1すなほ1(1すなお1)1やはらか1(1やわらか1),
隣,鄰,,568,202,12,15,+79259+,/lin2,1リン1となり1となる1,
隧,,602,,202,13,16,+78233+,/sui4,1スヰ1(1スイ1)1ズヰ1(1ズイ1)1みち1,
隨,,602,,202,13,16,+74232+,/sui2,1スヰ1(1スイ1)1ズヰ1(1ズイ1)1したがふ1(1したがう1),
險,,602,,202,13,16,+78286+,/xian3,1ケン1けはしい1(1けわしい1),
隰,,602,,202,14,17,+76233+,/xi2,1シフ1(1シュウ1)1ジフ1(1ジュウ1)1シツ1さは1(1さわ1)1にいばり1,
隱(1),,602,,202,14,17,+72237+,/yin3,1イン1オン1かくす1かくれる1いたむ1,
隱(2),,602,,202,14,17,+72237+,/yin3,1イン1オン1よる1,
隲,騭,603,627,202,14,17,+79227+,/zhi4,1シツ1シチ1をすうま1(1おすうま1)1きめる1さだめる1のぼる1,
隳,,603,,202,15,18,+74338+,/hui1,1キ1ギ1くづす1(1くずす1)1くづれる1(1くずれる1)1こぼつ1やぶれる1,
隴,,603,,202,16,19,+71211+,/long3,1リヨウ1(1リョウ1)1リユ1(1リュ1)1ロウ1うね1をか1(1おか1)1はたけ1,
隶,逮,603,557,203,0,8,+50132+,/dai4,1タイ1ダイ1およぶ1あたへる1(1あたえる1)1れいづくり1,
隷,隸,603,603,203,8,16,+45932+,/li4,1レイ1ライ1したがふ1(1したがう1)1しもべ1つける1,
隸,,603,,203,9,17,+45932+,/li4,1レイ1ライ1したがふ1(1したがう1)1しもべ1つける1,
隹,,603,,204,0,8,+20214+,/zhui1,1スヰ1(1スイ1)1とり1ふるとり1,
隻,,603,,204,2,10,+20407+,/zhi1,1セキ1シヤク1(1シャク1)1ひとつ1,
隼,,603,,204,2,10,+20401+,/zhun3,1シユン1(1シュン1)1ジユン1(1ジュン1)1はやぶさ1,
难(1),難,,606,204,2,10,+10415+,/nan2,1ダン1ナン1かたい1むずかしい1,
难(2),難,,606,204,2,10,+10415+,/nan2,1ダン1ナン1わざはひ1(1わざわい1)1うれひ1(1うれい1)1なじる1,
隺,鶴,606,643,204,2,10,+40214+,/he4/hao2,1カク1ガク1つる1しろい1,
雀,,603,,204,3,11,+90214+,/que4/qiao3,1シヤク1(1シャク1)1サク1ジヤク1(1ジャク1)1すずめ1,
雁,鴈,604,641,204,4,12,+71214+,/yan4,1ガン1ゲン1かり1,
雄,,604,,204,4,12,+40014+,/xiong2,1キユウ1(1キュウ1)1グ1ユウ1を1(1お1)1をす1(1おす1)1をん1(1おん1)1まさる1いさましい1,
雅(1),鴉,604,641,204,4,12,+70214+,/ya1,1ア1エ1からす1,
雅(2),,604,,204,4,12,+70214+,/ya3,1ガ1ゲ1みやび1みやびやか1もとより1つね1,
集,,604,,204,4,12,+20904+,/ji2,1シフ1(1シュウ1)1ジフ1(1ジュウ1)1あつまる1あつめる1あつまり1つどふ1(1つどう1)1つどひ1(1つどい1)1すだく1たかる1とどまる1とどめる1いたる1なす1なる1,
雇(1),扈,604,184,204,4,12,+30214+,/hu3,1コ1ゴ1,
雇(2),僱,604,027,204,4,12,+30214+,/hu4,1コ1ゴ1やとふ1(1やとう1),
雉,,604,,204,5,13,+80414+,/zhi4,1チ1ヂ1(1ジ1)1きじ1かき1,
雊,,604,,204,5,13,+20614+,/gou4,1コウ1グ1,
雋(1),,604,,204,5,13,+20227+,/quan4,1セン1ゼン1,
雋(2),儁俊,604,030020,204,5,13,+20227+,/jun4,1シユン1(1シュン1)1すぐれる1,
雌,,604,,204,5,13,+20114+,/ci1/ci2,1シ1め1めす1めん1,
雍(1),雝,604,605,204,5,13,+00714+,/yong1,1ヨウ1ユ1やはらぐ1(1やわらぐ1)1ふさぐ1さへぎる1(1さえぎる1)1いだく1,
雍(2),,604,,204,5,13,+00714+,/yong1,1ヨウ1ユ1,
雎,鶚,604,643,204,5,13,+70114+,/ju1,1シヨ1(1ショ1)1みさご1,
雏,雛,,605,204,5,13,+20115+,/chu2,1ス1ジユ1(1ジュ1)1スウ1ひな1,
雒,洛,605,286,204,6,14,+20614+,/luo4,1ラク1,
雑,雜,,605,204,6,14,+40914+,/za2,1サフ1(1ソウ1)1ザフ1(1ゾウ1)1ザツ1まじる1まぜる1まじはる1(1まじわる1)1まじへる1(1まじえる1),
雕,鵰,605,643,204,8,16,+70214+,/diao1,1テウ1(1チョウ1)1わし1きざむ1ほる1える1しぼむ1なえる1,
雖,,605,,204,9,17,+60114+,/sui1/sui2,1スヰ1(1スイ1)1いへども1(1いえども1)1これ1ただ1,
雘,,605,,204,10,18,+74447+,/huo4/wo4,1ワク1,
雙,,605,,204,10,18,+20407+,/shuang1,1サウ1(1ソウ1)1ふた1ふたつ1ならぶ1ならび1たぐひ1(1たぐい1),
雛,鵷,605,643,204,10,18,+20414+,/chu2,1ス1ジユ1(1ジュ1)1スウ1ひな1,
雜,,605,,204,10,18,+00914+,/za2,1サフ1(1ソウ1)1ザフ1(1ゾウ1)1ザツ1まじる1まぜる1まじはる1(1まじわる1)1まじへる1(1まじえる1),
雝,雍,605,604,204,10,18,+20714+,/yong1,1ヨウ1ユ1,
雞,,605,,204,10,18,+20414+,/ji1,1ケイ1にはとり1(1にわとり1),
雟(1),,605,,204,10,18,+22227+,/xi1,1ケイ1ゲ1,
雟(2),,605,,204,10,18,+22227+,/sui3,1スヰ1(1スイ1),
離,,605,,204,11,19,+00414+,/li2,1リ1はなれる1はなす1つく1かかる1へる1はなれ1ならぶ1,
難(1),,606,,204,11,19,+40514+,/nan2,1ダン1ナン1かたい1むずかしい1,
難(2),,606,,204,11,19,+40514+,/nan2,1ダン1ナン1わざはひ1(1わざわい1)1うれひ1(1うれい1)1なじる1,
雨(1),雲,606,606,205,0,8,+10227+,/yu3,1ウ1あめ1あま1,
雨(2),,606,,205,0,8,+10227+,/yu4,1ウ1あめふる1ふる1ふらす1うるおす1,
雩,,606,,205,3,11,+10207+,/yu2,1ウ1あまごひ1(1あまごい1),
雪,,606,,205,3,11,+10177+,/xue3,1セツ1セチ1ゆき1ゆきふる1すすぐ1そそぐ1,
雯,,606,,205,4,12,+10400+,/wen2,1ブン1モン1,
雰,,606,,205,4,12,+10227+,/fen1,1フン1きり1,
雲,,606,,205,4,12,+10731+,/yun2,1ウン1くも1そら1,
雳,靂,,608,205,4,12,+10227+,/li4,1レキ1リヤク1(1リャク1),
零(1),,606,,205,5,13,+10307+,/ling2,1レイ1リヤウ1(1リョウ1)1しづく1(1しずく1)1おちる1あまり1こぼす1こぼれる1ぜろ1ちいさい1ふる1,
零(2),,606,,205,5,13,+10307+,/lian2,1レイ1リヤウ1(1リョウ1)1しづく1(1しずく1)1おちる1あまり1こぼす1こぼれる1ぜろ1ちいさい1ふる1,
〇,零,,606,205,5,1,+60000+,/ling2,1レイ1リヤウ1(1リョウ1)1ぜろ1,
雷,,606,,205,5,13,+10603+,/lei2,1ライ1レ1かみなり1いかづち1(1いかずち1),
雹,,606,,205,5,13,+10712+,/bo2/bao2,1ハク1バク1ひよう1(1ひょう1),
電,,607,,205,5,13,+10716+,/dian4,1テン1デン1いなづま1(1いなずま1),
需,,607,,205,6,14,+10227+,/xu1,1シユ1(1シュ1)1ジユ1(1ジュ1)1もとめる1もとめ1まつ1よわい1,
霁,霽,,608,205,6,14,+10224+,/ji4,1セイ1サイ1はれる1さはやか1(1さわやか1),
霂,霡,607,608,205,7,15,+10194+,/mu4,1ボク1モク1,
霄,,607,,205,7,15,+10227+,/xiao1,1セウ1(1ショウ1)1そら1よる1よひ1(1よい1)1みぞれ1,
霆,,607,,205,7,15,+10401+,/ting2,1テイ1チヤウ1(1チョウ1)1いなづま1(1いなずま1)1いかづち1(1いかずち1),
震,,607,,205,7,15,+10232+,/zhen4,1シン1いかづち1(1いかずち1)1ふるふ1(1ふるう1)1ふるへる1(1ふるえる1)1ふるはす1(1ふるわす1),
霈,,607,,205,7,15,+10127+,/pei4,1ハイ1おほあめ1(1おおあめ1)1さかん1,
霉,黴,607,651,205,7,15,+10507+,/mei2,1バイ1マイ1かび1かびる1よごれる1,
霊,靈,,608,205,7,15,+10102+,/ling2,1レイ1リヤウ1(1リョウ1)1たま1たましい1みこ1よい1,
霍,,607,,205,8,16,+10214+,/huo4,1クワク1(1カク1)1にはか1(1にわか1)1はやい1,
霎,,607,,205,8,16,+10404+,/sha4,1サフ1(1ソウ1)1セフ1(1ショウ1)1こさめ1しばし1,
霏,,607,,205,8,16,+10111+,/fei1,1ヒ1もや1,
霑,沾,607,282,205,8,16,+10161+,/zhan1,1テン1うるほふ1(1うるおう1)1うるほす1(1うるおす1)1うるほひ1(1うるおい1),
霓,,607,,205,8,16,+10217+,/ni2,1ゲイ1ガイ1にじ1,
霖,,607,,205,8,16,+10994+,/lin2,1リン1ながあめ1,
霙,,607,,205,9,17,+10530+,/ying1,1エイ1ヤウ1(1ヨウ1)1みぞれ1,
霜,,607,,205,9,17,+10963+,/shuang1,1サウ1(1ソウ1)1ジヤウ1(1ジョウ1)1しも1,
霞,,607,,205,9,17,+10247+,/xia2,1カ1ゲ1かすみ1かすむ1,
霛,靈,609,608,205,9,17,+10227+,/ling2,1レイ1リヤウ1(1リョウ1)1たま1たましい1みこ1よい1,
霡,,608,,205,10,18,+10232+,/mo4,1バク1ミヤク1(1ミャク1),
霢,霡,609,608,205,10,18,+10232+,/mo4,1バク1ミヤク1(1ミャク1),
霧,,608,,205,11,19,+10227+,/wu4,1ブ1ム1きり1,
霭,靄,,608,205,11,19,+10727+,/ai3,1アイ1もや1なごやか1,
霤,,608,,205,12,20,+10602+,/liu4,1リウ1(1リュウ1)1ル1したたり1,
霰,,608,,205,12,20,+10248+,/xian4,1セン1サン1あられ1,
霱,,608,,205,12,20,+10227+,/yu4,1イツ1イチ1,
露,,608,,205,12,20,+10164+,/lu4/lou4,1ロ1つゆ1さらす1あらはす1(1あらわす1)1あらはれる1(1あらわれる1),
霸(1),,608,,205,13,21,+10527+,/po4,1ハク1ヒヤク1(1ヒャク1),
霸(2),,608,,205,13,21,+10527+,/ba4,1ハ1ヘ1はたがしら1,
霹,,608,,205,13,21,+10641+,/pi1,1ヘキ1ヒヤク1(1ヒャク1)1かみなり1,
霶,滂,607,298,205,13,21,+10127+,/pang1,1ハウ1(1ホウ1),
霽,,608,,205,14,22,+10223+,/ji4,1セイ1サイ1はれる1さはやか1(1さわやか1),
霾,,608,,205,14,22,+10214+,/mai2,1バイ1マイ1つちふる1つちぐもり1,
靁,雷,608,606,205,14,22,+10666+,/lei2,1ライ1レ1かみなり1いかづち1(1いかずち1),
靂,,608,,205,16,24,+10211+,/li4,1レキ1リヤク1(1リャク1),
靄,,608,,205,16,24,+10627+,/ai3,1アイ1もや1なごやか1,
靆,靉,608,609,205,16,24,+15733+,/dai4,1タイ1ダイ1,
靈,,608,,205,16,24,+10108+,/ling2,1レイ1リヤウ1(1リョウ1)1たま1たましい1みこ1よい1,
靉,,609,,205,17,25,+12747+,/ai4,1アイ1,
靑,,609,,206,0,8,+50227+,/qing1,1セイ1シヤウ1(1ショウ1)1あを1(1あお1)1あをい1(1あおい1),
青,靑,,609,206,0,8,+50227+,/qing1,1セイ1シヤウ1(1ショウ1)1あを1(1あお1)1あをい1(1あおい1),
靓,靚,,609,206,4,12,+57212+,/jing4,1セイ1ジヤウ1(1ジョウ1),
靖,,609,,206,5,13,+05127+,/jing4,1セイ1ジヤウ1(1ジョウ1)1やすい1やすらか1やすんずる1,
静,靜,,609,206,6,14,+57257+,/jing4,1セイ1ジヤウ1(1ジョウ1)1しづ1(1しず1)1しづか1(1しずか1)1しづまる1(1しずまる1)1しづめる1(1しずめる1),
靚,,609,,206,7,15,+56210+,/jing4,1セイ1ジヤウ1(1ジョウ1),
靛,,609,,206,8,16,+53281+,/dian4,1テン1デン1,
靜,,609,,206,8,16,+52257+,/jing4,1セイ1ジヤウ1(1ジョウ1)1しづ1(1しず1)1しづか1(1しずか1)1しづまる1(1しずまる1)1しづめる1(1しずめる1),
靝,天,609,102,206,10,18,+58217+,/tian1,1テン1あま1あめ1,
非,,609,,207,0,8,+11111+,/fei1,1ヒ1あらず1そしる1わるい1,
啡,,610,,207,3,11,+61011+,/pei1/fei1,1ハイ1ヘ1,
靠,,610,,207,7,15,+24111+,/kao4,1カウ1(1コウ1)1よる1たよる1たがふ1(1たがう1)1もたれる1,
靡,,610,,207,11,19,+00211+00111+,/mi3,1ビ1ミ1ヒ1なびく1なびかす1ない1おごる1ただれる1ちらす1なびく1はなやか1ほろびる1,
靣,面,610,610,208,0,8,+10600+,/mian4,1ベン1メン1おも1おもて1つら1そむく1も1,
面,,610,,208,0,9,+10600+,/mian4,1ベン1メン1おも1おもて1つら1そむく1も1,
靥,靨,,610,208,6,15,+71262+,/ye4,1エフ1(1ヨウ1)1ゑくぼ1(1えくぼ1),
靦,,610,,208,7,16,+16610+,/tian3,1テン1,
靧,頮,610,616,208,12,21,+15686+,/hui4,1クワイ1(1カイ1)1ケ1,
靨,,610,,208,14,23,+71601+,/ye4,1エフ1(1ヨウ1)1ゑくぼ1(1えくぼ1),
革(1),,610,,209,0,9,+44506+,/ge2,1カク1キヤク1(1キャク1)1かは1(1かわ1)1あらたまる1あらためる1,
革(2),,610,,209,0,9,+44506+,/ji2,1キヨク1(1キョク1)1コキ1せまる1,
靮,,610,,209,3,12,+47520+,/di4,1テキ1チヤク1(1チャク1),
靬(1),,610,,209,3,12,+41540+,/jian1,1ケン1ゴン1,
靬(2),,610,,209,3,12,+41540+,/kan1,1ケン1ゴン1,
靳,,610,,209,4,13,+42521+,/jin4,1キン1ゴン1コン1,
靶,,610,,209,4,13,+47517+,/ba3,1ハ1ヘ1,
靷,,610,,209,4,13,+42500+,/yin3,1イン1,
靴,鞾,612,612,209,4,13,+44510+,/xue1,1クワ1(1カ1)1くつ1,
靺,,611,,209,5,14,+45590+,/mo4,1バツ1マチ1,
靼,韃,611,612,209,5,14,+46510+,/da2,1タツ1タチ1タン1,
靿,,611,,209,5,14,+44527+,/yao4,1アウ1(1オウ1)1エウ1(1ヨウ1),
鞁,,611,,209,5,14,+44547+,/bi4,1ヒ1ビ1むながい1くらおく1,
鞄,,611,,209,5,14,+47512+,/bao1,1ハク1ハウ1(1ホウ1)1ベウ1(1ビョウ1)1なめしがは1(1なめしがわ1)1かばん1,
鞅,,611,,209,5,14,+45530+,/yang3/yang1,1アウ1(1オウ1)1むながい1うらむ1になふ1(1になう1)1はらおび1わるがしこい1,
鞀,鼗,612,652,209,5,14,+47562+,/tao2,1タウ1(1トウ1)1ダウ1(1ドウ1)1ふりつづみ1,
鞋,,611,,209,6,15,+44514+,/xie2,1カイ1ゲ1アイ1エ1くつ1わらじ1,
鞍,,611,,209,6,15,+43544+,/an1,1アン1くら1,
鞏,,611,,209,6,15,+17506+,/gong3,1キヨウ1(1キョウ1)1ク1かためる1かたい1おそれる1つかねる1,
鞔,,611,,209,7,16,+47516+,/man2,1バン1マン1,
鞘(1),,611,,209,7,16,+49527+,/shao1,1サウ1(1ソウ1)1セウ1(1ショウ1)1しほで1(1しおで1),
鞘(2),,611,,209,7,16,+49527+,/qiao4,1サウ1(1ソウ1)1セウ1(1ショウ1)1さや1,
鞚,,611,,209,8,17,+43511+,/kong4,1コウ1ク1おもがい1,
鞞(1),,611,,209,8,17,+46540+,/bing3/bi3,1ヘイ1ヒヤウ1(1ヒョウ1)1ヒ1さや1,
鞞(2),鼙,611,652,209,8,17,+46540+,/pi2,1ヘイ1ベイ1,
鞠,菊,611,460,209,8,17,+47520+,/ju2,1キク1コク1まり1けまり1やしなふ1(1やしなう1)1きはまる1(1きわまる1)1ただす1きわめる1かがむ1とりしらべる1,
鞣,,611,,209,9,18,+47594+,/ru2,1ジウ1(1ジュウ1)1ニユ1(1ニュ1)1なめしがは1(1なめしがわ1)1なめす1,
鞦,鞧韆,611,611612,209,9,18,+49580+,/qiu1,1シウ1(1シュウ1)1シユ1(1シュ1)1しりがい1,
鞧,鞦,611,611,209,9,18,+48561+,/qiu1,1シウ1(1シュウ1)1シユ1(1シュ1),
鞨,靺,611,611,209,9,18,+46527+,/he2,1カツ1ガチ1かはぐつ1(1かわぐつ1)1くつ1,
鞫,,611,,209,9,18,+47520+,/ju2,1キク1コク1ただす1きはめる1(1きわめる1)1きはまる1(1きわまる1)1しらべる1,
鞬,,611,,209,9,18,+45540+,/jian1,1ケン1コン1ゲン1,
鞭,,611,,209,9,18,+41546+,/bian1,1ヘン1ベン1むち1むちうつ1,
鞲,,612,,209,10,19,+45557+,/gou1,1コウ1ク1ゆごて1,
鞳,鞺,612,612,209,10,19,+44561+,/ta4,1タフ1(1トウ1),
鞴,鞲,612,612,209,10,19,+44527+,/bei4,1ヒ1ビ1うつぼ1ふいご1ふいがう1(1ふいごう1),
鞶,,612,,209,10,19,+27506+,/pan2,1ハン1バン1,
鞵,鞋,612,611,209,10,19,+42534+,/xie2,1カイ1ゲ1アイ1エ1くつ1わらじ1,
鞹,,612,,209,11,20,+47527+,/kuo4,1クワク1(1カク1),
鞺,,612,,209,11,20,+49514+,/tang1,1タウ1(1トウ1),
43012,鞴,612,612,209,11,20,+44527+,/bei4,1ヒ1ビ1うつぼ1ふいご1ふいがう1(1ふいごう1),
鞾,靴,612,612,209,12,21,+44554+,/xue1,1クワ1(1カ1)1くつ1,
韃,,612,,209,13,22,+44534+,/da2,1タツ1タチ1むち1むちうつ1,
韁,繮,612,415,209,13,22,+41516+,/jiang1/gang1,1キヤウ1(1キョウ1)1カウ1(1コウ1),
韆,鞦,612,611,209,15,24,+41531+,/qian1,1セン1,
韈,襪,612,505,209,15,24,+44553+,/wa4,1バツ1マチ1ベツ1くつした1たび1,
韉,,612,,209,17,26,+44527+,/jian1,1セン1したぐら1,
韋,,612,,210,0,9,+40506+,/wei2,1ヰ1(1イ1)1なめしがは1(1なめしがわ1)1やはらかい1(1やわらかい1)1そむく1,
韦,韋,,612,210,0,4,+50027+,/wei2,1ヰ1(1イ1)1なめしがは1(1なめしがわ1)1やはらかい1(1やわらかい1)1そむく1,
韌,,612,,210,3,12,+47520+,/ren4,1ジン1ニン1うつほ1うつぼ1しなやか1,
韧,韌,,612,210,3,7,+57020+,/ren4,1ジン1ニン1うつほ1うつぼ1しなやか1,
韍,,612,,210,5,14,+43547+,/fu2,1フツ1フチ1ヒ1,
韨,韍,,612,210,5,9,+53047+,/fu2,1フツ1フチ1ヒ1,
韓,,612,,210,8,17,+44456+,/han2,1カン1ガン1から1ゐげた1(1いげた1),
韩,韓,,612,210,8,12,+45427+,/han2,1カン1ガン1から1ゐげた1(1いげた1),
韔,,612,,210,8,12,+41532+,/chang4,1チヤウ1(1チョウ1)1リヤウ1(1リョウ1),
韘,,612,,210,9,18,+44594+,/she4,1セフ1(1ショウ1)1ゆがけ1,
韙,,612,,210,9,18,+64804+,/wei3,1ヰ1(1イ1)1よい1,
韪,韙,,612,210,9,13,+65802+,/wei3,1ヰ1(1イ1)1よい1,
韜,,613,,210,10,19,+42577+,/tao1,1タウ1(1トウ1)1つつむ1ゆごて1,
韬,韜,,613,210,10,14,+52077+,/tao1,1タウ1(1トウ1)1つつむ1ゆごて1,
韞,,613,,210,10,14,+46517+,/yun4,1ウン1ヲン1(1オン1)1をさめる1(1おさめる1)1かくす1つつむ1,
韝,鞲,613,612,210,10,19,+45557+,/gou1,1コウ1ク1ゆごて1,
韠,,613,,210,11,20,+46554+,/bi4,1ヒツ1ヒチ1,
43199,鞴,613,612,210,11,20,+44527+,/bei4,1ヒ1ビ1うつぼ1ふいご1ふいがう1(1ふいごう1),
韡,,613,,210,12,21,+44554+,/wei3,1ヰ1(1イ1)1さかん1,
韤,襪,613,505,210,15,24,+44553+,/wa4,1バツ1マチ1ベツ1くつした1たび1,
韭,,613,,211,0,9,+11101+,/jiu3,1キウ1(1キュウ1)1ク1にら1,
音,,613,,212,0,9,+00601+,/yin1,1イン1オン1おと1ね1たより1,
韵,韻,613,613,212,4,13,+07620+,/yun2,1ウン1オン1ヰン1(1イン1)1ひびき1おもむき1,
韶,,613,,212,5,14,+07662+,/shao2,1セウ1(1ショウ1)1ゼウ1(1ジョウ1)1うつくしい1あきらか1つぐ1,
韻,均,613,088,212,10,19,+06686+,/yun2,1ウン1オン1ヰン1(1イン1)1ひびき1おもむき1,
響,,613,,212,13,22,+27601+,/xiang3,1キヤウ1(1キョウ1)1カウ1(1コウ1)1ひびく1ひびき1,
頁,葉,613,464,213,0,9,+10806+,/ye4,1ケツ1ゲチ1コウ1おほがひ1(1おおがい1)1かしら1ぺーじ1,
页,頁,,613,213,0,6,+10802+,/ye4,1ケツ1ゲチ1コウ1おほがひ1(1おおがい1)1かしら1ぺーじ1,
頂,,613,,213,2,11,+11286+,/ding3,1テイ1チヤウ1(1チョウ1)1いただく1いただき1,
顶,頂,,613,213,2,8,+11282+,/ding3,1テイ1チヤウ1(1チョウ1)1いただく1いただき1,
頃(1),,614,,213,2,11,+21786+,/qing3,1ケイ1キヤウ1(1キョウ1)1しばらく1このごろ1ころ1,
頃(2),傾,614,026,213,2,11,+21786+,/qing1,1ケイ1キヤウ1(1キョウ1)1かたむく1かたむける1かたあし1,
顷(1),頃,,614,213,2,8,+21782+,/qing3,1ケイ1キヤウ1(1キョウ1)1しばらく1このごろ1ころ1,
顷(2),頃,,614,213,2,8,+21782+,/qing1,1ケイ1キヤウ1(1キョウ1)1かたむく1かたむける1かたあし1,
項,,614,,213,3,12,+11186+,/xiang4,1カウ1(1コウ1)1ガウ1(1ゴウ1)1うなじ1くび1,
项,項,,614,213,3,9,+11182+,/xiang4,1カウ1(1コウ1)1ガウ1(1ゴウ1)1うなじ1くび1,
順,,614,,213,3,12,+21086+,/shun4,1シユン1(1シュン1)1ジユン1(1ジュン1)1したがふ1(1したがう1)1すなほ1(1すなお1),
顺,順,,614,213,3,9,+21082+,/shun4,1シユン1(1シュン1)1ジユン1(1ジュン1)1したがふ1(1したがう1)1すなほ1(1すなお1),
頇,,614,,213,3,12,+11486+,/han1,1カン1,
顸,頇,,614,213,3,9,+11482+,/han1,1カン1,
須,鬚需,614,632607,213,3,12,+21286+,/xu1,1シユ1(1シュ1)1ス1ひげ1もちゐる1(1もちいる1)1もとめる1まつ1もとめ1しばらく1すべからく1べし1,
须,須鬚,,614632,213,3,9,+21282+,/xu1,1シユ1(1シュ1)1ス1ひげ1もちゐる1(1もちいる1)1もとめる1まつ1もとめ1しばらく1すべからく1べし1,
頊,,614,,213,4,13,+11186+,/xu4,1キヨク1(1キョク1)1コク1ギヨク1(1ギョク1)1ゴク1,
顼,頊,,614,213,4,10,+11182+,/xu4,1キヨク1(1キョク1)1コク1ギヨク1(1ギョク1)1ゴク1,
頌,,614,,213,4,13,+81786+,/song4,1シヨウ1(1ショウ1)1ジユ1(1ジュ1)1となへる1(1となえる1)1たたへる1(1たたえる1)1ありさま1かたち1ほめる1,
颂,頌,,614,213,4,10,+81787+,/song4,1シヨウ1(1ショウ1)1ジユ1(1ジュ1)1となへる1(1となえる1)1たたへる1(1たたえる1)1ありさま1かたち1ほめる1,
頎,,614,,213,4,13,+71286+,/qi2,1キ1ゲ1,
颀,頎,,614,213,4,10,+71282+,/qi2,1キ1ゲ1,
頏,,614,,213,4,13,+01286+,/hang2,1カウ1(1コウ1)1くび1のど1,
颃,頏,,614,213,4,10,+01282+,/hang2,1カウ1(1コウ1)1くび1のど1,
預,豫與,614,528443,213,4,13,+11286+,/yu4,1ヨ1あらかじめ1かねて1あづかる1(1あずかる1)1あづける1(1あずける1),
预,預,,614,213,4,10,+11282+,/yu4,1ヨ1あらかじめ1かねて1あづかる1(1あずかる1)1あづける1(1あずける1),
頑,,614,,213,4,13,+11286+,/wan2,1グワン1(1ガン1)1ゲン1かたくな1もてあそぶ1,
顽,頑,,614,213,4,10,+11282+,/wan2,1グワン1(1ガン1)1ゲン1かたくな1もてあそぶ1,
頒,,615,,213,4,13,+81286+,/ban1,1ハン1ヘン1しく1わける1まだら1,
颁,頒,,615,213,4,10,+81282+,/ban1,1ハン1ヘン1しく1わける1まだら1,
頓,,615,,213,4,13,+51786+,/dun4,1トン1ぬかづく1(1ぬかずく1)1とどまる1とどめる1とみに1,
顿,頓,,615,213,4,10,+51782+,/dun4,1トン1ぬかづく1(1ぬかずく1)1とどまる1とどめる1とみに1,
顾,顧,,617,213,4,10,+71282+,/gu4,1コ1かへりみる1(1かえりみる1)1かへつて1(1かえって1)1ただ1,
頗(1),,615,,213,5,14,+41286+,/po1,1ハ1かたよる1かたむく1,
頗(2),,615,,213,5,14,+41286+,/po3,1ハ1すこぶる1,
颇(1),頗,,615,213,5,11,+41282+,/po1,1ハ1かたよる1かたむく1,
颇(2),頗,,615,213,5,11,+41282+,/po3,1ハ1すこぶる1,
領,,615,,213,5,14,+81386+,/ling3,1レイ1リヤウ1(1リョウ1)1うなじ1くび1えり1かしら1かなめ1うける1をさめる1(1おさめる1),
领,領,,615,213,5,11,+81382+,/ling3,1レイ1リヤウ1(1リョウ1)1うなじ1くび1えり1かしら1かなめ1うける1をさめる1(1おさめる1),
頚,頸,,616,213,5,14,+11186+,/jing3,1ケイ1キヤウ1(1キョウ1)1くび1,
颈,頸,,616,213,5,11,+11182+,/jing3,1ケイ1キヤウ1(1キョウ1)1くび1,
颅,顱,,617,213,5,11,+21282+,/lu2,1ロ1ル1かしら1あたま1かうべ1(1こうべ1)1どくろ1,
頖,泮,618,285,213,5,14,+91586+,/pan4,1ハン1,
頞,,615,,213,6,15,+31486+,/e4,1アツ1アチ1アン1,
頡,頏,615,614,213,6,15,+41686+,/xie2/jie2,1ケツ1ゲチ1キツ1みだれる1,
頤,,615,,213,6,15,+71786+,/yi2,1イ1おとがひ1(1おとがい1)1あご1やしなふ1(1やしなう1),
頦,,615,,213,6,15,+01886+,/hai2,1カイ1ガイ1,
颏,頦,,615,213,6,13,+01882+,/hai2,1カイ1ガイ1,
頫(1),俯,615,021,213,6,15,+31186+,/fu3,1フ1うつむく1,
頫(2),,615,,213,6,15,+31186+,/tiao4,1テウ1(1チョウ1)1みる1,
頬,頰,,616,213,6,15,+41086+,/jia2,1ケフ1(1キョウ1)1ほほ1(1ほお1),
颊,頰,,616,213,6,12,+51882+,/jia2,1ケフ1(1キョウ1)1ほほ1(1ほお1),
颐,頤,,615,213,7,13,+71782+,/yi2,1イ1おとがひ1(1おとがい1)1あご1やしなふ1(1やしなう1),
頭,,615,,213,7,16,+11186+,/tou2,1トウ1ヅ1(1ズ1)1あたま1かしら1かうべ1(1こうべ1)1かみ1ほとり1,
頮,,616,,213,7,16,+11486+,/hui4,1クワイ1(1カイ1)1ケ1,
颒,頮,,616,213,7,13,+11482+,/hui4,1クワイ1(1カイ1)1ケ1,
頰,,616,,213,7,16,+41086+,/jia2,1ケフ1(1キョウ1)1ほほ1(1ほお1),
頷,,616,,213,7,16,+81686+,/han4,1カン1ガン1おとがひ1(1おとがい1)1あご1うなづく1(1うなずく1),
颔,頷,,616,213,7,13,+81682+,/han4,1カン1ガン1おとがひ1(1おとがい1)1あご1うなづく1(1うなずく1),
頸,,616,,213,7,16,+71186+,/jing3,1ケイ1キヤウ1(1キョウ1)1くび1,
頹,,616,,213,7,16,+21286+,/tui2,1タイ1デ1くづれる1(1くずれる1),
頽,頹,,616,213,7,16,+21286+,/tui2,1タイ1デ1くづれる1(1くずれる1),
颓,頹,,616,213,7,13,+21282+,/tui2,1タイ1デ1くづれる1(1くずれる1),
頻,,616,,213,7,16,+21286+,/pin2,1ヒン1ビン1みぎは1(1みぎわ1)1ならぶ1ひそめる1しきりに1,
频,頻,,616,213,7,13,+21282+,/pin2,1ヒン1ビン1みぎは1(1みぎわ1)1ならぶ1ひそめる1しきりに1,
颖,穎,,379,213,7,13,+21982+,/ying3,1エイ1ヤウ1(1ヨウ1)1すぐれる1ほさき1,
頼,賴,,535,213,7,16,+51986+,/lai4,1ライ1たのむ1たのもしい1たよる1たより1さいはひに1(1さいわいに1),
顆,,616,,213,8,17,+61986+,/ke1,1クワ1(1カ1)1つぶ1,
颗,顆,,616,213,8,14,+61982+,/ke1,1クワ1(1カ1)1つぶ1,
顇,悴,618,172,213,8,17,+01486+,/cui4,1スヰ1(1スイ1)1ズヰ1(1ズイ1)1やつれる1せがれ1かじかむ1,
題,,616,,213,9,18,+61808+,/ti1,1テイ1ダイ1ひたひ1(1ひたい1)1みる1,
题,題,,616,213,9,15,+61808+,/ti1,1テイ1ダイ1ひたひ1(1ひたい1)1みる1,
額,,616,,213,9,18,+31686+,/e2,1ガク1ギヤク1(1ギャク1)1ひたひ1(1ひたい1)1ぬか1ぬかずく1たか1,
额,額,,616,213,9,15,+31682+,/e2,1ガク1ギヤク1(1ギャク1)1ひたひ1(1ひたい1)1ぬか1ぬかずく1たか1,
顋,,616,,213,9,18,+61386+,/sai1,1サイ1えら1あぎと1あご1,
顎,,616,,213,9,18,+61286+,/e4,1ガク1あご1,
颚,顎,,616,213,9,15,+61282+,/e4,1ガク1あご1,
顏,,616,,213,9,18,+01286+,/yan2,1ガン1ゲン1かほ1(1かお1)1かんばせ1ひたひ1(1ひたい1),
顔,顏,,616,213,9,18,+01286+,/yan2,1ガン1ゲン1かほ1(1かお1)1かんばせ1ひたひ1(1ひたい1),
颜,顏,,616,213,9,15,+01282+,/yan2,1ガン1ゲン1かほ1(1かお1)1かんばせ1ひたひ1(1ひたい1),
顒,,616,,213,9,18,+61286+,/yong2,1ギヨウ1(1ギョウ1)1グ1あふぐ1(1あおぐ1)1つつしむ1,
颙,顒,,616,213,9,15,+61282+,/yong2,1ギヨウ1(1ギョウ1)1グ1あふぐ1(1あおぐ1)1つつしむ1,
顓,專,616,129,213,9,18,+21286+,/zhuan1,1セン1おろか1よい1もつぱら1(1もっぱら1),
颛,顓,,616,213,9,15,+21282+,/zhuan1,1セン1おろか1よい1もつぱら1(1もっぱら1),
顕,顯,,617,213,9,18,+61186+,/xian3,1ケン1あきらか1あらは1(1あらわ1)1あらはれる1(1あらわれる1)1あらはす1(1あらわす1),
顗,,617,,213,10,19,+21286+,/yi3,1ギ1ゲ1ガイ1,
願,,617,,213,10,19,+71286+,/yuan4,1ゲン1グワン1(1ガン1)1ねがふ1(1ねがう1)1ねがはくは1(1ねがわくは1)1ねがひ1(1ねがい1),
顙,,617,,213,10,19,+11986+,/sang3,1サウ1(1ソウ1)1ひたひ1(1ひたい1),
颡,顙,,617,213,10,15,+11982+,/sang3,1サウ1(1ソウ1)1ひたひ1(1ひたい1),
顚,,617,,213,10,19,+21886+,/dian1,1テン1いただき1くつがへる1(1くつがえる1)1たふれる1(1たおれる1),
顛,顚,,617,213,10,19,+21886+,/dian1,1テン1いただき1くつがへる1(1くつがえる1)1たふれる1(1たおれる1),
颠,顚,,617,213,10,15,+41882+,/dian1,1テン1いただき1くつがへる1(1くつがえる1)1たふれる1(1たおれる1),
類,,617,,213,10,19,+91486+,/lei4,1ルヰ1(1ルイ1)1たぐひ1(1たぐい1)1たぐへる1(1たぐえる1)1にる1おほよそ1(1おおよそ1)1おほむね1(1おおむね1),
颟,顢,,617,213,10,16,+41282+,/man2/man1,1バン1マン1,
颞,顳,,617,213,10,16,+11482+,/nie4,1ゼツ1ネチ1セフ1(1ショウ1),
顢,頇,617,614,213,11,20,+41286+,/man2/man1,1バン1マン1,
顣,頻,617,616,213,11,20,+51286+,/cu4,1シユク1(1シュク1),
顥,,617,,213,12,21,+61986+,/hao4,1カウ1(1コウ1)1ガウ1(1ゴウ1)1おほきい1(1おおきい1)1しろい1,
颢,顥,,617,213,12,18,+61982+,/hao4,1カウ1(1コウ1)1ガウ1(1ゴウ1)1おほきい1(1おおきい1)1しろい1,
顧,,617,,213,12,21,+31286+,/gu4,1コ1かへりみる1(1かえりみる1)1かへつて1(1かえって1)1ただ1,
顦,憔,618,178,213,12,21,+21386+,/qiao2,1セウ1(1ショウ1)1ゼウ1(1ジョウ1)1やつれる1,
顫,,617,,213,13,22,+01186+,/zhan4/chan4,1セン1おどろく1おののく1ふるへる1(1ふるえる1),
颤,顫,,617,213,13,19,+01182+,/zhan4/chan4,1セン1おどろく1おののく1ふるへる1(1ふるえる1),
顬,,617,,213,14,23,+11286+,/ru2,1ジユ1(1ジュ1)1ニユ1(1ニュ1),
颥,顬,,617,213,14,20,+11282+,/ru2,1ジユ1(1ジュ1)1ニユ1(1ニュ1),
顯,,617,,213,14,23,+61386+,/xian3,1ケン1あきらか1あらは1(1あらわ1)1あらはれる1(1あらわれる1)1あらはす1(1あらわす1),
顰,,617,,213,15,24,+21406+,/pin2,1ヒン1ビン1しかめる1ひそみ1ひそめる1,
颦,顰,,617,213,15,21,+21406+,/pin2,1ヒン1ビン1しかめる1ひそみ1ひそめる1,
顱,,617,,213,16,25,+21286+,/lu2,1ロ1ル1かしら1あたま1かうべ1(1こうべ1)1どくろ1,
顳,,617,,213,18,27,+11186+,/nie4,1ゼツ1ネチ1セフ1(1ショウ1),
顴,權,617,265,213,18,27,+41286+,/quan2,1ケン1ゲン1クワン1(1カン1)1ほほぼね1(1ほおぼね1),
風,,618,,214,0,9,+77210+,/feng1,1フウ1(1フ1)1かぜ1かざ1すがた1ならはし1(1ならわし1),
风,風,,618,214,0,4,+77210+,/feng1,1フウ1(1フ1)1かぜ1かざ1すがた1ならはし1(1ならわし1),
颭,,618,,214,5,14,+71216+,/zhan3,1セン1そよぐ1そよがす1,
飐,颭,,618,214,5,9,+71216+,/zhan3,1セン1そよぐ1そよがす1,
颯,,618,,214,5,14,+07110+,/sa4,1サフ1(1ソウ1)1サツ1はやて1,
飒,颯,,618,214,5,9,+07110+,/sa4,1サフ1(1ソウ1)1サツ1はやて1,
颶,,618,,214,8,17,+76218+,/ju4,1ク1グ1つむじかぜ1,
飓,颶,,618,214,8,12,+77218+,/ju4,1ク1グ1つむじかぜ1,
颸,,618,,214,9,18,+76213+,/si1,1シ1はやい1,
飔,颸,,618,214,9,13,+76213+,/si1,1シ1はやい1,
颼,,618,,214,9,18,+77214+,/sou1,1シウ1(1シュウ1)1シユ1(1シュ1),
飕,颼,,618,214,9,13,+77214+,/sou1,1シウ1(1シュウ1)1シユ1(1シュ1),
颺,,618,,214,9,18,+76212+,/yang2,1ヤウ1(1ヨウ1)1あらはれる1(1あらわれる1)1あがる1あげる1すてる1,
颻,飄,618,618,214,10,19,+27710+,/yao2,1エウ1(1ヨウ1),
颿,帆,618,142,214,10,19,+77310+,/fan2,1ハン1ホン1ほ1,
飗,飅,,618,214,10,14,+77216+,/liu2,1リウ1(1リュウ1)1ル1,
飂,,618,,214,11,20,+77212+,/liu2/liu4/liao2,1レウ1(1リョウ1)1リウ1(1リュウ1)1ル1,
飄,,618,,214,11,20,+17910+,/piao1,1ヘウ1(1ヒョウ1)1つむじかぜ1ひるがへる1(1ひるがえる1)1ひるがへす1(1ひるがえす1),
飘,飄,,618,214,11,15,+17910+,/piao1,1ヘウ1(1ヒョウ1)1つむじかぜ1ひるがへる1(1ひるがえる1)1ひるがへす1(1ひるがえす1),
飅,,619,,214,12,21,+71216+,/liu2,1リウ1(1リュウ1)1ル1,
飆,,619,,214,12,21,+47410+,/biao1,1ヘウ1(1ヒョウ1),
飙,飆,,619,214,12,16,+47810+,/biao1,1ヘウ1(1ヒョウ1),
飛,,619,,215,0,9,+12413+,/fei1,1ヒ1とぶ1とばす1たかい1,
飞,飛,,619,215,0,3,+12013+,/fei1,1ヒ1とぶ1とばす1たかい1,
飜,翻,619,425,215,12,21,+22613+,/fan1,1ハン1ホン1とぶ1ひるがへる1(1ひるがえる1)1ひるがへす1(1ひるがえす1)1くつがへる1(1くつがえる1)1くつがへす1(1くつがえす1),
食(1),,619,,216,0,9,+80732+,/shi2,1シヨク1(1ショク1)1ジキ1くふ1(1くう1)1くらふ1(1くらう1)1たべる1はむ1,
食(2),飼,619,620,216,0,9,+80732+,/si4,1シ1ジ1くらはす1(1くらわす1)1はます1やしなふ1(1やしなう1)1いひ1(1いい1)1めし1,
食(3),,619,,216,0,9,+80732+,/yi4,1イ1,
飢,饑,619,623,216,2,11,+87710+,/ji1,1キ1うゑる1(1うえる1)1うゑ1(1うえ1),
饥,飢饑,,619623,216,2,5,+27710+,/ji1,1キ1うゑる1(1うえる1)1うゑ1(1うえ1),
飣,,619,,216,2,11,+81720+,/ding4,1テイ1チヤウ1(1チョウ1)1たくはへる1(1たくわえる1),
饤,飣,,619,216,2,5,+21720+,/ding4,1テイ1チヤウ1(1チョウ1)1たくはへる1(1たくわえる1),
飡,餐,623,621,216,2,11,+38132+,/can1,1サン1くふ1(1くう1)1たべもの1のむ1,
飥,餺,619,622,216,3,12,+82714+,/tuo2,1タク1,
饦,飥,,619,216,3,6,+22714+,/tuo2,1タク1,
飧,,619,,216,3,12,+28232+,/sun1,1ソン1しるかけ1めし1ゆふげ1(1ゆうげ1),
飩,餛,619,621,216,4,13,+85717+,/tun2,1トン1ドン1,
饨,飩,,619,216,4,7,+25717+,/tun2,1トン1ドン1,
飪,,619,,216,4,13,+82714+,/ren4,1ジン1ニン1にる1,
饪,飪,,619,216,4,7,+22714+,/ren4,1ジン1ニン1にる1,
飫,,619,,216,4,13,+82734+,/yu4,1ヨ1オ1あきる1さかもり1,
饫,飫,,619,216,4,7,+22784+,/yu4,1ヨ1オ1あきる1さかもり1,
飭,,619,,216,4,13,+88727+,/chi4,1チヨク1(1チョク1)1チキ1ととのふ1(1ととのう1)1ととのへる1(1ととのえる1)1ただす1いましめる1,
饬,飭,,619,216,4,7,+28727+,/chi4,1チヨク1(1チョク1)1チキ1ととのふ1(1ととのう1)1ととのへる1(1ととのえる1)1ただす1いましめる1,
飮(1),,620,,216,4,13,+87782+,/yin3,1イン1オン1のむ1,
飮(2),,620,,216,4,13,+87782+,/yin4,1イン1オン1のます1,
飲(1),飮,,620,216,4,13,+87782+,/yin3,1イン1オン1のむ1,
飲(2),飮,,620,216,4,13,+87782+,/yin4,1イン1オン1のます1,
饮(1),飮,,620,216,4,7,+27782+,/yin3,1イン1オン1のむ1,
饮(2),飮,,620,216,4,7,+27782+,/yin4,1イン1オン1のます1,
飯,,620,,216,4,13,+81747+,/fan4,1ハン1ボン1めし1いひ1(1いい1)1くらふ1(1くらう1)1くらはす1(1くらわす1),
饭,飯,,620,216,4,7,+22747+,/fan4,1ハン1ボン1めし1いひ1(1いい1)1くらふ1(1くらう1)1くらはす1(1くらわす1),
饩,餼,,622,216,4,7,+28717+,/xi4,1キ1ケ1あく1いけにへ1(1いけにえ1)1おくる1,
飱,飧,623,619,216,4,13,+18232+,/sun1,1ソン1しるかけ1めし1ゆふげ1(1ゆうげ1),
44069,餺飥,623,622619,216,4,13,+81790+,/bo2,1ハク1,
飴,,620,,216,5,14,+83760+,/yi2,1イ1あめ1,
饴,飴,,620,216,5,8,+23760+,/yi2,1イ1あめ1,
飼,食,620,619,216,5,14,+87720+,/si4,1シ1ジ1かふ1(1かう1)1やしなふ1(1やしなう1),
饲,飼,,620,216,5,8,+27720+,/si4,1シ1ジ1かふ1(1かう1)1やしなふ1(1やしなう1),
飽,,620,,216,5,14,+87712+,/bao3,1ハウ1(1ホウ1)1ヘウ1(1ヒョウ1)1あきる1あかす1,
饱,飽,,620,216,5,8,+27712+,/bao3,1ハウ1(1ホウ1)1ヘウ1(1ヒョウ1)1あきる1あかす1,
飾,,620,,216,5,14,+88727+,/shi4,1シヨク1(1ショク1)1シキ1かざり1かざる1,
饰,飾,,620,216,5,8,+28727+,/shi4,1シヨク1(1ショク1)1シキ1かざり1かざる1,
饯,餞,,621,216,5,8,+23750+,/jian4,1セン1ゼン1おくる1はなむけ1,
餂,,620,,216,6,15,+82764+,/tian3,1テン1,
餃,,620,,216,6,15,+80748+,/jiao3,1カウ1(1コウ1)1ケウ1(1キョウ1)1あめ1,
饺,餃,,620,216,6,9,+20748+,/jiao3,1カウ1(1コウ1)1ケウ1(1キョウ1)1あめ1,
餈,,620,,216,6,15,+37732+,/ci2,1シ1ジ1むしもち1もち1,
餉,,620,,216,6,15,+87720+,/xiang3,1シヤウ1(1ショウ1)1かれいひ1(1かれいい1)1おくる1やしなふ1(1やしなう1),
養(1),,620,,216,6,15,+80732+,/yang3,1ヤウ1(1ヨウ1)1やしなふ1(1やしなう1)1やしなひ1(1やしない1)1うむ1,
養(2),,620,,216,6,15,+80732+,/yang4,1ヤウ1(1ヨウ1)1やしなふ1(1やしなう1),
餌,,620,,216,6,15,+81740+,/er3,1ジ1ニ1ゑ1(1え1)1ゑさ1(1えさ1),
饵,餌,,620,216,6,9,+21740+,/er3,1ジ1ニ1ゑ1(1え1)1ゑさ1(1えさ1),
饶,饒,,623,216,6,9,+25712+,/rao2,1ゼウ1(1ジョウ1)1ネウ1(1ニョウ1)1おほい1(1おおい1)1ゆたか1にぎはふ1(1にぎわう1)1ゆるす1,
餍,饜,,623,216,6,15,+71232+,/yan4,1エン1あく1,
餅,餠,623,621,216,6,15,+88741+,/bing3,1ヘイ1ヒヤウ1(1ヒョウ1)1もち1,
饼,餠,,621,216,6,9,+28741+,/bing3,1ヘイ1ヒヤウ1(1ヒョウ1)1もち1,
餐,,621,,216,7,16,+27732+,/can1,1サン1くふ1(1くう1)1たべもの1のむ1,
餑,,621,,216,7,16,+84747+,/bo1,1ホツ1ボチ1,
饽,餑,,621,216,7,10,+24747+,/bo1,1ホツ1ボチ1,
餒,,621,,216,7,16,+82744+,/nei3,1ダイ1ネ1うゑる1(1うえる1)1うゑ1(1うえ1)1あざる1,
馁,餒,,621,216,7,10,+22744+,/nei3,1ダイ1ネ1うゑる1(1うえる1)1うゑ1(1うえ1)1あざる1,
餓,,621,,216,7,16,+83750+,/e4,1ガ1うゑる1(1うえる1)1うゑ1(1うえ1),
饿,餓,,621,216,7,10,+23750+,/e4,1ガ1うゑる1(1うえる1)1うゑ1(1うえ1),
餔,,621,,216,7,16,+83727+,/bu1,1ホ1フ1ゆふめし1(1ゆうめし1)1ゆふぐれ1(1ゆうぐれ1)1くふ1(1くう1)1やしなふ1(1やしなう1),
餕,,621,,216,7,16,+83747+,/jun4,1シユン1(1シュン1),
馂,餕,,621,216,7,10,+23747+,/jun4,1シユン1(1シュン1),
餖,飣,621,619,216,7,16,+81718+,/dou4,1トウ1ヅ1(1ズ1)1つらねる1,
饾,餖,,621,216,7,10,+21718+,/dou4,1トウ1ヅ1(1ズ1)1つらねる1,
餗,,621,,216,7,16,+85796+,/su4,1ソク1,
餘,,621,,216,7,16,+88794+,/yu2,1ヨ1あまる1あます1われ1あまり1のこる1,
馀,餘,,621,216,7,10,+28794+,/yu2,1ヨ1あまる1あます1われ1あまり1のこる1,
餙,飾,623,620,216,7,16,+84727+,/shi4,1シヨク1(1ショク1)1シキ1かざり1かざる1,
餛,飩,621,619,216,8,17,+86711+,/hun2,1コン1ゴン1,
馄,餛,,621,216,8,11,+26712+,/hun2,1コン1ゴン1,
餞,煎,621,315,216,8,17,+83753+,/jian4,1セン1ゼン1おくる1はなむけ1,
餠,,621,,216,8,17,+88741+,/bing3,1ヘイ1ヒヤウ1(1ヒョウ1)1もち1,
餡,,621,,216,8,17,+87777+,/xian4,1カン1ガン1アン1,
馅,餡,,621,216,8,11,+27777+,/xian4,1カン1ガン1アン1,
餧,餵,621,622,216,8,17,+82744+,/wei4,1ヰ1(1イ1),
餚,肴,623,432,216,8,17,+84727+,/xiao2/yao2,1カウ1(1コウ1)1ゲウ1(1ギョウ1)1さかな1,
館,,621,,216,8,17,+83777+,/guan3,1クワン1(1カン1)1やかた1たち1たて1,
馆,館,,621,216,8,11,+23777+,/guan3,1クワン1(1カン1)1やかた1たち1たて1,
餬,糊,622,399,216,9,18,+87720+,/hu2,1コ1ゴ1かゆ1のり1くちすぎ1,
餮,饕,622,623,216,9,18,+18732+,/tie4,1テツ1テチ1むさぼる1,
餱,,622,,216,9,18,+87734+,/hou2,1コウ1グ1,
餲,,622,,216,9,18,+86727+,/ai4,1アイ1アツ1アチ1すゑる1(1すえる1),
餳,,622,,216,9,18,+86727+,/xing2,1タウ1(1トウ1)1ダウ1(1ドウ1)1あめ1,
饧,餳,,622,216,9,12,+27727+,/xing2,1タウ1(1トウ1)1ダウ1(1ドウ1)1あめ1,
餵,餧,622,621,216,9,18,+86732+,/wei4,1ヰ1(1イ1),
馋,饞,,623,216,9,12,+27733+,/chan2,1サン1ザン1,
44279,饌,623,623,216,9,18,+87781+,/zhuan4,1セン1そなへる1(1そなえる1)1そなへもの1(1そなえもの1),
餿,,622,,216,10,19,+87747+,/sou1,1シウ1(1シュウ1)1シユ1(1シュ1),
馊,餿,,622,216,10,13,+27747+,/sou1,1シウ1(1シュウ1)1シユ1(1シュ1),
餻,,622,,216,10,19,+88731+,/gao1,1カウ1(1コウ1)1こなもち1,
餼,,622,,216,10,16,+88717+,/xi4,1キ1ケ1あく1いけにへ1(1いけにえ1)1おくる1,
餽,饋,622,,216,10,16,+86713+,/kui4,1キ1おくりもの1おくる1まつる1,
饁,,622,,216,10,19,+84717+,/ye4,1エフ1(1ヨウ1),
馌,饁,,622,216,10,16,+24712+,/ye4,1エフ1(1ヨウ1),
餺,飥,622,619,216,10,19,+83742+,/bo2,1ハク1,
馎,餺,,622,216,10,13,+23742+,/bo2,1ハク1,
饅,,622,,216,11,20,+86747+,/man2,1バン1マン1ぬた1,
馒,饅,,622,216,11,14,+26747+,/man2,1バン1マン1ぬた1,
饉,,622,,216,11,20,+84714+,/jin3/jin4,1キン1ギン1うゑる1(1うえる1)1うゑ1(1うえ1),
馑,饉,,622,216,11,14,+24715+,/jin3/jin4,1キン1ギン1うゑる1(1うえる1)1うゑ1(1うえ1),
饇,飫,623,619,216,11,20,+81716+,/yu4,1ヨ1オ1あきる1さかもり1,
饈,羞,623,422,216,11,20,+88717+,/xiu1,1シウ1(1シュウ1)1シユ1(1シュ1)1すすめる1そなへもの1(1そなえもの1)1はぢ1(1はじ1)1はぢる1(1はじる1)1はづかしい1(1はずかしい1)1はづかしめる1(1はずかしめる1),
餾,,622,,216,12,21,+87762+,/liu4,1リウ1(1リュウ1)1ル1むしめし1むす1,
馏,餾,,622,216,12,15,+27762+,/liu4,1リウ1(1リュウ1)1ル1むしめし1むす1,
饊,,622,,216,12,21,+88740+,/san3,1サン1,
馓,饊,,622,216,12,15,+28740+,/san3,1サン1,
饋,,623,,216,12,21,+85786+,/kui4,1キ1おくりもの1おくる1すすめる1たべもの1,
馈,饋,,623,216,12,15,+25782+,/kui4,1キ1おくりもの1おくる1すすめる1たべもの1,
饌,,623,,216,12,21,+87781+,/zhuan4,1セン1そなへる1(1そなえる1)1そなへもの1(1そなえもの1),
馔,饌,,623,216,12,15,+27781+,/zhuan4,1セン1そなへる1(1そなえる1)1そなへもの1(1そなえもの1),
饐,,623,,216,12,21,+84718+,/yi4,1イ1くさる1すえる1むせぶ1,
饑,飢,623,619,216,12,21,+82753+,/ji1,1キ1ケ1うゑる1(1うえる1)1うゑ1(1うえ1),
饒,,623,,216,12,21,+84711+,/rao2,1ゼウ1(1ジョウ1)1ネウ1(1ニョウ1)1おほい1(1おおい1)1ゆたか1にぎはふ1(1にぎわう1)1ゆるす1,
饔,,623,,216,13,22,+00732+,/yong1,1ヨウ1ユ1,
饕,,623,,216,13,22,+61732+,/tao1,1タウ1(1トウ1)1むさぼる1,
饗,享,623,010,216,13,22,+27732+,/xiang3,1キヤウ1(1キョウ1)1カウ1(1コウ1)1うたげ1あふ1(1あう1)1あへ1(1あえ1)1うける1もてなす1,
饘,,623,,216,13,22,+80716+,/zhan1,1セン1かゆ1,
饜,,623,,216,14,23,+71232+,/yan4,1エン1あく1,
饝,,623,,216,16,25,+80761+,/mo2,1マ1,
饞,,623,,216,17,26,+87713+,/chan2,1サン1ザン1,
饟,餉,623,620,216,17,26,+80732+,/xiang3,1シヤウ1(1ショウ1)1ジヤウ1(1ジョウ1),
首(1),,623,,217,0,9,+80601+,/shou3,1シウ1(1シュウ1)1シユ1(1シュ1)1くび1かうべ1(1こうべ1)1かしら1はじめ1はじめる1むかふ1(1むかう1)1おもむく1かみ1おびと1しるし1,
首(2),,623,,217,0,9,+80601+,/shou3,1シウ1(1シュウ1)1シユ1(1シュ1)1まうす1(1もうす1),
馗,逵,624,558,217,2,11,+48016+,/kui2,1キ1ギ1キウ1(1キュウ1)1グ1みち1,
馘,,624,,217,8,17,+83650+,/guo2,1クワク1(1カク1)1キヤク1(1キャク1)1みみきる1くびきる1,
香,,624,,218,0,9,+20609+,/xiang1,1キヤウ1(1キョウ1)1カウ1(1コウ1)1か1かをり1(1かおり1)1かをる1(1かおる1)1かんばしい1かぐはしい1(1かぐわしい1),
馥,,624,,218,9,18,+28647+,/fu4,1フク1ブク1か1かをり1(1かおり1)1かをる1(1かおる1)1かんばしい1かぐはしい1(1かぐわしい1),
馨(1),,624,,218,11,20,+47609+,/xin1/xing1,1ケイ1キヤウ1(1キョウ1)1か1かをり1(1かおり1)1かをる1(1かおる1)1かんばしい1かぐはしい1(1かぐわしい1),
馨(2),,624,,218,11,20,+47609+,/xing4,1ケイ1キヤウ1(1キョウ1),
馬,,625,,219,0,10,+71327+,/ma3,1バ1メ1うま1ま1,
马,馬,,625,219,0,3,+17127+,/ma3,1バ1メ1うま1ま1,
馭,御,625,162,219,2,12,+77340+,/yu4,1ギヨ1(1ギョ1)1ゴ1あやつる1をさめる1(1おさめる1)1すべる1のる1,
驭,馭,,625,219,2,5,+17140+,/yu4,1ギヨ1(1ギョ1)1ゴ1あやつる1をさめる1(1おさめる1)1すべる1のる1,
馮(1),,625,,219,2,12,+31127+,/ping2,1ヒヨウ1(1ヒョウ1)1ビヨウ1(1ビョウ1)1しのぐ1かちわたる1よる1たのむ1いかる1つく1,
馮(2),,625,,219,2,12,+31127+,/feng2,1フウ1ブ1,
冯(1),馮,,625,219,2,5,+37127+,/ping2,1ヒヨウ1(1ヒョウ1)1ビヨウ1(1ビョウ1)1しのぐ1かちわたる1よる1たのむ1いかる1つく1,
冯(2),馮,,625,219,2,5,+37127+,/feng2,1フウ1ブ1,
駄,,625,,219,3,13,+74330+,/tuo2/duo4,1タ1ダ1のせる1,
馳,,625,,219,3,13,+74312+,/chi2,1チ1ヂ1(1ジ1)1はせる1はしる1,
驰,馳,,625,219,3,6,+14112+,/chi2,1チ1ヂ1(1ジ1)1はせる1はしる1,
馴,,625,,219,3,13,+72300+,/xun2,1シユン1(1シュン1)1ジユン1(1ジュン1)1なれる1ならす1,
驯,馴,,625,219,3,6,+12100+,/xun2,1シユン1(1シュン1)1ジユン1(1ジュン1)1なれる1ならす1,
馹,,625,,219,4,14,+76300+,/ri4,1ジツ1ニチ1,
驲,馹,,625,219,4,7,+16100+,/ri4,1ジツ1ニチ1,
駁,,625,,219,4,14,+74340+,/bo2,1ハク1まだら1まじる1,
驳,駁,,625,219,4,7,+14140+,/bo2,1ハク1まだら1まじる1,
駆,驅,,628,219,4,14,+71314+,/qu1,1ク1かける1かる1はせる1おふ1(1おう1),
驱,驅,,628,219,4,7,+11114+,/qu1,1ク1かける1かる1はせる1おふ1(1おう1),
駅,驛,,629,219,4,14,+77387+,/yi4,1エキ1ヤク1うまや1,
驴,驢,,629,219,4,7,+13107+,/lv2,1リヨ1(1リョ1)1ロ1うさぎうま1ろば1,
駉,,626,,219,5,15,+77320+,/jiong1,1ケイ1キヤウ1(1キョウ1),
駐,,626,,219,5,15,+70314+,/zhu4,1チユ1(1チュ1)1チユウ1(1チュウ1)1とどまる1とどめる1,
驻,駐,,626,219,5,8,+10114+,/zhu4,1チユ1(1チュ1)1チユウ1(1チュウ1)1とどまる1とどめる1,
駑,,626,,219,5,15,+47327+,/nu2,1ド1ヌ1にぶい1おろか1のろい1,
驽,駑,,626,219,5,8,+47127+,/nu2,1ド1ヌ1にぶい1おろか1のろい1,
駒,,626,,219,5,15,+77320+,/ju1,1ク1こま1,
驹,駒,,626,219,5,8,+17120+,/ju1,1ク1こま1,
駔(1),,626,,219,5,15,+77310+,/zang3,1サウ1(1ソウ1)1あらい1おほきい1(1おおきい1),
駔(2),組,626,405,219,5,15,+77310+,/zu4,1ソ1くみひも1,
驵(1),駔,,626,219,5,8,+17112+,/zang3,1サウ1(1ソウ1)1あらい1おほきい1(1おおきい1),
驵(2),駔,,626,219,5,8,+17112+,/zu4,1ソ1くみひも1,
駕,,626,,219,5,15,+46327+,/jia4,1カ1ケ1ガ1あつかふ1(1あつかう1)1しのぐ1のりもの1のる1,
驾,駕,,626,219,5,8,+46127+,/jia4,1カ1ケ1ガ1あつかふ1(1あつかう1)1しのぐ1のりもの1のる1,
駘(1),,626,,219,5,15,+73360+,/tai2,1タイ1ダイ1にぶい1ぬぐ1ふむ1みにくい1,
駘(2),,626,,219,5,15,+73360+,/dai3,1タイ1ダイ1のどか1,
骀(1),駘,,626,219,5,8,+13160+,/tai2,1タイ1ダイ1にぶい1ぬぐ1ふむ1みにくい1,
骀(2),駘,,626,219,5,8,+13160+,/dai3,1タイ1ダイ1のどか1,
駙,,626,,219,5,15,+74300+,/fu4,1フ1ブ1そへうま1(1そえうま1),
驸,駙,,626,219,5,8,+14100+,/fu4,1フ1ブ1そへうま1(1そえうま1),
駛,,626,,219,5,15,+75306+,/shi3,1シ1はせる1はやい1にはか1(1にわか1),
驶,駛,,626,219,5,8,+15106+,/shi3,1シ1はせる1はやい1にはか1(1にわか1),
駝,,626,,219,5,15,+73311+,/tuo2,1タ1ダ1らくだ1,
驼,駝,,626,219,5,8,+13112+,/tuo2,1タ1ダ1らくだ1,
駟,,626,,219,5,15,+76300+,/si4,1シ1,
驷,駟,,626,219,5,8,+16100+,/si4,1シ1,
驺,騶,,627,219,5,8,+17177+,/zou1,1シウ1(1シュウ1)1シユ1(1シュ1)1スウ1うまかひ1(1うまかい1)1うまかい1のりうま1のりやく1はしる1はせる1や1,
驿,驛,,629,219,5,8,+17154+,/yi4,1エキ1ヤク1うまや1,
駈,驅,629,628,219,5,15,+72311+,/qu1,1ク1かける1かる1はせる1おふ1(1おう1),
駭,,627,,219,6,16,+70382+,/xie4/hai4,1カイ1ガイ1おどろく1おどろかす1はげしい1みだれる1,
骇,駭,,627,219,6,9,+10182+,/xie4/hai4,1カイ1ガイ1おどろく1おどろかす1はげしい1みだれる1,
駱,駝,627,626,219,6,16,+77364+,/luo4,1ラク1かはらげ1(1かわらげ1)1らくだ1,
骆,駱,,627,219,6,16,+17164+,/luo4,1ラク1かはらげ1(1かわらげ1)1らくだ1,
骅,驊,,628,219,6,9,+14141+,/hua2,1クワ1(1カ1)1ゲ1,
骁,驍,,628,219,6,9,+15112+,/xiao1,1ケウ1(1キョウ1)1ゲウ1(1ギョウ1)1たけし1つよい1,
骄,驕,,628,219,6,9,+12128+,/jiao1,1ケウ1(1キョウ1)1おごる1さかん1つよい1ほしいまま1,
駮,駁,629,625,219,6,16,+70348+,/bo2,1ハク1まだら1まじる1,
駢,騈,629,627,219,6,16,+78341+,/pian2,1ヘン1ベン1ならぶ1ならべる1,
骈,騈,,627,219,6,9,+18141+,/pian2,1ヘン1ベン1ならぶ1ならべる1,
駸,,627,,219,7,17,+77347+,/qin1,1シン1すすむ1はしる1,
骎,駸,,627,219,7,10,+17147+,/qin1,1シン1すすむ1はしる1,
駿,,627,,219,7,17,+73347+,/jun4,1シユン1(1シュン1)1すみやか1すぐれる1,
骏,駿,,627,219,7,10,+13147+,/jun4,1シユン1(1シュン1)1すみやか1すぐれる1,
騁,,627,,219,7,17,+75327+,/cheng3,1テイ1チヤウ1(1チョウ1)1はせる1きはまる1(1きわまる1)1たひらか1(1たいらか1),
骋,騁,,627,219,7,10,+15127+,/cheng3,1テイ1チヤウ1(1チョウ1)1はせる1きはまる1(1きわまる1)1たひらか1(1たいらか1),
騂,,627,,219,7,17,+70341+,/xin1,1セイ1シヤウ1(1ショウ1)1あかうし1あかうま1あかい1,
骍,騂,,627,219,7,10,+10141+,/xin1,1セイ1シヤウ1(1ショウ1)1あかうし1あかうま1あかい1,
騃,,627,,219,7,17,+73384+,/ai2,1ガイ1おろか1,
验,驗,,628,219,7,10,+18119+,/yan4,1ゲン1ケン1ためす1ためし1しるし1あかし1,
骊,驪,,629,219,7,10,+11127+,/li2,1リ1くろうま1くろい1ならべる1,
騈,,627,,219,8,18,+78341+,/pian2,1ヘン1ベン1ならぶ1ならべる1,
騎(1),,627,,219,8,18,+74321+,/qi2,1キ1ギ1のる1,
騎(2),,627,,219,8,18,+74321+,/qi4,1キ1ギ1,
骑(1),騎,,627,219,8,11,+14121+,/qi2,1キ1ギ1のる1,
骑(2),騎,,627,219,8,11,+14121+,/qi4,1キ1ギ1,
騏,,627,,219,8,18,+74381+,/qi2,1キ1ギ1あをぐろい1(1あおぐろい1),
骐,騏,,627,219,8,11,+14181+,/qi2,1キ1ギ1あをぐろい1(1あおぐろい1),
騑,,627,,219,8,18,+71311+,/fei1,1ヒ1そへうま1(1そえうま1),
験,驗,,628,219,8,18,+78336+,/yan4,1ゲン1ケン1ためす1ためし1しるし1あかし1,
騒,騷,,628,219,8,18,+77336+,/sao1,1サウ1(1ソウ1)1さわぐ1さわがしい1さわぎ1うれひ1(1うれい1),
騌,騣,629,627,219,8,18,+73391+,/zong1,1ソウ1ス1,
骔,騌騣,,629627,219,8,11,+13191+,/zong1,1ソウ1ス1,
騐,驗,629,628,219,8,18,+78332+,/yan4,1ゲン1ケン1ためす1ためし1しるし1あかし1,
騖,,627,,219,9,19,+18327+,/wu4,1ブ1ム1はしる1はせる1,
骛,騖,,627,219,9,12,+18127+,/wu4,1ブ1ム1はしる1はせる1,
騙,,627,,219,9,19,+73327+,/pian4,1ヘン1たばかる1かたる1だます1,
骗,騙,,627,219,9,12,+13127+,/pian4,1ヘン1たばかる1かたる1だます1,
騣,,627,,219,9,19,+72347+,/zong1,1ソウ1ス1,
騧,,627,,219,9,19,+77327+,/gua1,1クワ1(1カ1)1ケ1,
騫,,627,,219,10,20,+30327+,/qian1,1ケン1かける1かかげる1あやまる1とる1,
骞,騫,,627,219,10,13,+30127+,/qian1,1ケン1かける1かかげる1あやまる1とる1,
騭,,627,,219,10,20,+71327+,/zhi4,1シツ1シチ1をすうま1(1おすうま1)1きめる1さだめる1のぼる1,
骘,騭,,627,219,10,13,+71127+,/zhi4,1シツ1シチ1をすうま1(1おすうま1)1きめる1さだめる1のぼる1,
騰,,627,,219,10,20,+79227+,/teng2,1トウ1ドウ1あがる1あげる1のぼる1のる1,
騶,,627,,219,10,20,+77327+,/zou1,1シウ1(1シュウ1)1シユ1(1シュ1)1スウ1うまかひ1(1うまかい1)1のりうま1のりやく1はしる1はせる1や1,
騷,,628,,219,10,20,+77336+,/sao1,1サウ1(1ソウ1)1さわぐ1さわがしい1さわぎ1うれひ1(1うれい1),
骚,騷,,628,219,10,13,+17136+,/sao1,1サウ1(1ソウ1)1さわぐ1さわがしい1さわぎ1うれひ1(1うれい1),
騸,,628,,219,10,20,+73327+,/shan4,1セン1,
骟,騸,,628,219,10,13,+13127+,/shan4,1セン1,
骝,驑,,628,219,10,13,+17162+,/liu2,1リウ1(1リュウ1)1ル1,
騾,,628,,219,11,21,+76393+,/luo2,1ラ1らば1,
骡,騾,,628,219,11,14,+16193+,/luo2,1ラ1らば1,
驀,,628,,219,11,21,+44327+,/mo4,1バク1ミヤク1(1ミャク1)1たちまち1のりこえる1のる1まつしぐら1(1まっしぐら1),
蓦,驀,,628,219,11,14,+44127+,/mo4,1バク1ミヤク1(1ミャク1)1たちまち1のりこえる1のる1まつしぐら1(1まっしぐら1),
驁,,628,,219,11,21,+48327+,/ao2,1ガウ1(1ゴウ1),
骜,驁,,628,219,11,14,+58127+,/ao2,1ガウ1(1ゴウ1),
驂,,628,,219,11,21,+73322+,/can1,1サン1そへうま1(1そえうま1)1そへのり1(1そえのり1),
骖,驂,,628,219,11,14,+13122+,/can1,1サン1そへうま1(1そえうま1)1そへのり1(1そえのり1),
驃,,628,,219,11,21,+71391+,/piao4,1ヘウ1(1ヒョウ1)1ベウ1(1ビョウ1)1しらかげ1いさましい1つよい1,
骠,驃,,628,219,11,14,+11191+,/piao4,1ヘウ1(1ヒョウ1)1ベウ1(1ビョウ1)1しらかげ1いさましい1つよい1,
驄,,628,,219,11,21,+76330+,/cong1,1ソウ1ス1,
骢,驄,,628,219,11,14,+18436+,/cong1,1ソウ1ス1,
驅,,628,,219,11,21,+71316+,/qu1,1ク1かける1かる1はせる1おふ1(1おう1),
驊,,628,,219,12,22,+74354+,/hua2,1クワ1(1カ1)1ゲ1,
驍,,628,,219,12,22,+74311+,/xiao1,1ケウ1(1キョウ1)1ゲウ1(1ギョウ1)1たけし1つよい1,
驑,,628,,219,12,22,+71367+,/liu2,1リウ1(1リュウ1)1ル1,
驕,,628,,219,12,22,+72327+,/jiao1,1ケウ1(1キョウ1)1おごる1さかん1つよい1ほしいまま1,
驗,,628,,219,13,23,+78386+,/yan4,1ゲン1ケン1ためす1ためし1しるし1あかし1,
驚,,628,,219,13,23,+48327+,/jing1,1ケイ1キヤウ1(1キョウ1)1おどろく1おどろかす1おどろき1はせる1,
驛,,629,,219,13,23,+76341+,/yi4,1エキ1ヤク1うまや1,
驘,騾,629,628,219,13,23,+00217+,/luo2,1ラ1らば1,
驟,,629,,219,14,24,+77332+,/zou4,1シウ1(1シュウ1)1ジユ1(1ジュ1)1ソウ1はしる1はせる1はやい1にはか1(1にわか1)1しばしば1,
驝,槖,629,265,219,14,24,+74394+,/tuo2,1タク1,
骤,驟,,629,219,14,17,+17132+,/zou4,1シウ1(1シュウ1)1ジユ1(1ジュ1)1ソウ1はしる1はせる1はやい1にはか1(1にわか1)1しばしば1,
驢,,629,,219,16,26,+71317+,/lv2,1リヨ1(1リョ1)1ロ1うさぎうま1ろば1,
驤,,629,,219,17,27,+70332+,/xiang1,1ジヤウ1(1ジョウ1)1あがる1あげる1はしる1はやい1,
骧,驤,,629,219,17,20,+10132+,/xiang1,1ジヤウ1(1ジョウ1)1あがる1あげる1はしる1はやい1,
驥,,629,,219,17,27,+71381+,/ji4,1キ1,
骥,驥,,629,219,17,20,+12181+,/ji4,1キ1,
驩,歡,629,268,219,18,28,+74314+,/huan1,1クワン1(1カン1)1よろこび1よろこぶ1,
驪,,629,,219,19,29,+71311+,/li2,1リ1くろうま1くろい1ならべる1,
骨,,629,,220,0,10,+77227+,/gu3,1コツ1コチ1ほね1,
骫,,629,,220,3,13,+75217+,/wei3,1ヰ1(1イ1),
骭,,629,,220,3,13,+71240+,/gan4,1カン1ゲン1あばら1すね1はぎ1,
骯,,630,,220,4,14,+70217+,/ang1,1カウ1(1コウ1)1ガウ1(1ゴウ1),
骰,,630,,220,4,14,+77247+,/tou2/shai3,1トウ1ヅ1(1ズ1)1さい1さいころ1,
骱,,630,,220,4,14,+78220+,/xie4,1カイ1,
骳,,630,,220,5,15,+74247+,/bi4,1ヒ1,
骷,,630,,220,5,15,+74260+,/gu1,1コ1,
骸,,630,,220,6,16,+70282+,/hai1,1カイ1ガイ1むくろ1ほね1,
骼,,630,,220,6,16,+77264+,/ge2,1カク1キヤク1(1キャク1)1ほね1ほねぐみ1かばね1,
骽,腿,630,437,220,7,17,+72244+,/tui3,1タイ1もも1,
骾,鯁,630,636,220,7,17,+71246+,/geng3,1カウ1(1コウ1)1キヤウ1(1キョウ1)1うをぼね1(1うおぼね1)1かたい1ただしい1なほい1(1なおい1)1わざはひ1(1わざわい1)1わづらひ1(1わずらい1),
髀,,630,,220,8,18,+76240+,/bi4,1ヒ1ヘイ1バイ1もも1,
髁,,630,,220,8,18,+76294+,/kua3,1クワ1(1カ1),
髌,髕,,630,220,10,19,+73281+,/bin4,1ヒン1ビン1,
髏,髑,630,630,220,11,21,+75244+,/lou2,1ロウ1ル1ロ1されかうべ1(1されこうべ1)1しやりかうべ1(1しゃりこうべ1),
髑,,630,,220,13,23,+76227+,/du2,1トク1ドク1されかうべ1(1されこうべ1)1しやりかうべ1(1しゃりこうべ1),
髒(1),骯,630,630,220,13,23,+74241+,/zang1,1サウ1(1ソウ1),
髒(2),抗,630,188,220,13,23,+74241+,/zang4,1サウ1(1ソウ1),
髓,,630,,220,13,23,+74232+,/sui3,1スヰ1(1スイ1)1ズヰ1(1ズイ1),
體,,630,,220,13,23,+75218+,/ti3,1テイ1タイ1からだ1,
髕,臏,630,440,220,14,24,+73286+,/bin4,1ヒン1ビン1,
高,,630,,221,0,10,+00227+,/gao1,1カウ1(1コウ1)1たかい1たか1たかまる1たかめる1たかさ1,
髟,,631,,222,0,10,+72722+,/biao1,1ヘウ1(1ヒョウ1)1ヒウ1(1ヒュウ1)1フ1たてがみ1かみかんむり1かみがしら1,
髡,,631,,222,2,12,+72211+,/kun1,1コン1,
髢,,631,,222,2,12,+72712+,/ti4,1テイ1タイ1かもじ1かつら1,
髣,彷髴,631,160631,222,4,14,+72227+,/fang3,1ハウ1(1ホウ1)1かすか1にる1ほのか1,
髥,,631,,222,4,14,+72207+,/ran2,1ゼン1ほほひげ1(1ほおひげ1),
髦,,631,,222,4,14,+72714+,/mao2,1バウ1(1ボウ1)1マウ1(1モウ1)1たれがみ1たてがみ1さげがみ1すぐれる1ぬきんでる1,
髪,髮,,631,222,4,14,+72447+,/fa3/fa4,1ハツ1ホチ1かみ1,
髩,鬢,632,632,222,4,14,+72904+,/bin4,1ヒン1ビン1,
髤,髹,632,631,222,4,14,+72904+,/xiu1,1キウ1(1キュウ1)1ク1うるしぬる1,
髫,,631,,222,5,15,+72602+,/tiao2,1テウ1(1チョウ1)1デウ1(1ジョウ1)1うなゐ1(1うない1),
髭,,631,,222,5,15,+72111+,/zi1,1シ1ひげ1くちひげ1,
髮,,631,,222,5,15,+72447+,/fa3/fa4,1ハツ1ホチ1かみ1,
髲,,631,,222,5,15,+72247+,/bi4,1ヒ1ビ1,
髴,髣,631,631,222,5,15,+72527+,/fu2,1フツ1ホチ1かすか1にる1ほのか1,
髯,髥,632,631,222,5,15,+72557+,/ran2,1ゼン1ほほひげ1(1ほおひげ1),
髻,,631,,222,6,16,+72601+,/ji4,1ケイ1カイ1キツ1キチ1もとどり1たぶさ1みづら1(1みずら1),
髹,,631,,222,6,16,+72294+,/xiu1,1キウ1(1キュウ1)1ク1うるしぬる1,
鬁,鬎,631,632,222,7,17,+72922+,/li4,1リ1,
鬂,鬢,632,632,222,7,17,+72801+,/bin4,1ヒン1ビン1,
鬄,,631,,222,8,18,+72227+,/ti4,1テイ1タイ1,
鬆,,632,,222,8,18,+72932+,/song1,1ソウ1ス1ゆるい1あらい1す1,
鬈,,632,,222,8,18,+72712+,/quan2,1ケン1ゲン1,
鬎,,632,,222,8,18,+72922+,/la4,1ラ1ラツ1,
鬃,鬉,632,632,222,8,18,+72901+,/zong1,1ソウ1ス1,
鬉,騣,632,627,222,9,19,+72247+,/zong1,1ソウ1ス1,
鬋,,632,,222,9,19,+72221+,/jian1,1セン1,
鬌,,632,,222,9,19,+72227+,/duo3,1タ1,
鬍,胡,632,433,222,9,19,+72627+,/hu2,1コ1,
鬐,,632,,222,10,20,+72601+,/qi2,1キ1ギ1,
鬒,,632,,222,10,20,+72801+,/zhen3,1シン1,
鬓,鬢,,632,222,10,20,+72801+,/bin4,1ヒン1ビン1,
鬘,,632,,222,11,21,+72407+,/man2,1バン1マン1かつら1かづら1(1かずら1)1みづら1(1みずら1),
鬚,,632,,222,12,22,+72286+,/xu1,1シユ1(1シュ1)1ひげ1あごひげ1,
鬜,,632,,222,12,22,+72227+,/qian1,1カン1ケン1,
鬟,,632,,222,13,23,+72732+,/huan2,1クワン1(1カン1)1ゲン1みづら1(1みずら1)1こしもと1わげ1,
鬢,,632,,222,14,24,+72806+,/bin4,1ヒン1ビン1,
鬣,,632,,222,15,25,+72716+,/lie4,1レフ1(1リョウ1)1ひげ1たてがみ1,
鬥,鬬,632,633,223,0,10,+77114+,/dou4,1トウ1ヅ1(1ズ1)1たたかふ1(1たたかう1)1たたかひがまへ1(1たたかいがまえ1),
鬧,,632,,223,5,15,+77227+,/nao4,1ダウ1(1ドウ1)1ネウ1(1ニョウ1)1さわぐ1さわがしい1さわがす1みだれる1あらそふ1(1あらそう1),
鬨,,632,,223,6,16,+77801+,/hong4,1コウ1グ1とき1たたかふ1(1たたかう1),
鬩,,632,,223,8,18,+77217+,/xi4,1ケキ1キヤク1(1キャク1)1せめぐ1いひあらそふ1(1いいあらそう1)1なかたがひ1(1なかたがい1),
鬪,鬬,633,633,223,10,20,+77141+,/dou4,1トウ1ヅ1(1ズ1)1たたかふ1(1たたかう1)1たたかひがまへ1(1たたかいがまえ1),
鬫,,632,,223,12,22,+77148+,/han3,1カン1たけしい1,
鬬,,633,,223,15,25,+77121+,/dou4,1トウ1ヅ1(1ズ1)1たたかふ1(1たたかう1),
鬮,,633,,223,17,27,+77117+,/jiu1,1キウ1(1キュウ1)1ク1くじ1たたかひとる1(1たたかいとる1),
鬯,暢,633,227,224,0,10,+22711+,/chang4,1チヤウ1(1チョウ1)1にほひざけ1(1においざけ1)1うつこんさう1(1うっこんそう1)1かをりざけ1(1かおりざけ1)1にほひぐさ1(1においぐさ1)1のびる1ゆみぶくろ1ゆぶくろ1,
鬱,,633,,224,19,29,+44722+,/yu4,1ウツ1ウチ1こもる1ふさがる1かをり1(1かおり1)1さかん1しげる1,
鬲(1),,633,,225,0,10,+10227+,/li4,1レキ1リヤク1(1リャク1)1かなへ1(1かなえ1)1へだてる1,
鬲(2),,633,,225,0,10,+10227+,/ge2,1カク1キヤク1(1キャク1),
鬴,釜,633,,225,7,17,+13227+,/fu3,1フ1ブ1かなへ1(1かなえ1)1かま1,
鬵,,633,,225,8,18,+11227+,/xin2,1シン1ジン1おほがま1(1おおがま1)1こしき1,
鬻(1),粥,633,398,225,12,22,+17227+,/zhu4,1シユク1(1シュク1)1かゆ1,
鬻(2),粥,633,398,225,12,22,+17227+,/yu4,1イク1オク1ひさぐ1うる1,
鬼,,633,,226,0,10,+26213+,/gui3,1キ1おに1,
魁,,633,,226,4,14,+24210+,/kui2,1クワイ1(1カイ1)1ケ1かしら1さきがけ1おほきい1(1おおきい1)1をか1(1おか1),
魂,,633,,226,4,14,+16713+,/hun2,1コン1ゴン1たましひ1(1たましい1)1たま1,
魃,,634,,226,5,15,+23214+,/ba2,1ハツ1ハチ1ひでり1,
魄(1),,634,,226,5,15,+26613+,/po4,1ハク1ヒヤク1(1ヒャク1)1たましひ1(1たましい1)1こころ1こはく1,
魄(2),,634,,226,5,15,+26613+,/tuo4,1タク1,
魄(3),薄,634,473,226,5,15,+26613+,/bo2,1ハク1バク1,
魅,魑,634,634,226,5,15,+25219+,/mei4,1ビ1ミ1すだま1まどはす1(1まどわす1)1みいる1もののけ1,
魈,,634,,226,7,17,+29212+,/xiao1,1セウ1(1ショウ1)1すだま1,
魋,,634,,226,8,18,+20211+,/tui2,1タイ1デ1さいづちまげ1しやぐま1(1しゃぐま1),
魍,,634,,226,8,18,+27212+,/wang3,1バウ1(1ボウ1)1マウ1(1モウ1)1すだま1もののけ1,
魎,,634,,226,8,18,+21212+,/liang3,1リヤウ1(1リョウ1)1ラウ1(1ロウ1)1すだま1もののけ1,
魏,,634,,226,8,18,+26413+,/wei4,1ギ1たかい1,
魊,蜮,634,488,226,8,18,+23215+,/yu4,1ヨク1ヰキ1(1イキ1),
魑,,634,,226,11,21,+20212+,/chi1,1チ1すだま1もののけ1おに1,
魔,,634,,226,11,21,+00213+,/mo2,1バ1マ1おに1,
魕,,634,,226,12,22,+22215+,/ji1,1キ1ゲ1,
魘,,634,,226,14,24,+71213+,/yan3,1エン1エフ1(1ヨウ1)1うなされる1,
魚,,634,,227,0,11,+27336+,/yu2,1ギヨ1(1ギョ1)1ゴ1うを1(1うお1)1さかな1すなどる1われ1,
鱼,魚,,634,227,0,8,+27106+,/yu2,1ギヨ1(1ギョ1)1ゴ1うを1(1うお1)1さかな1すなどる1われ1,
魨,,635,,227,4,15,+25317+,/tun2,1トン1ドン1ふぐ1,
鲀,魨,,635,227,4,12,+25117+,/tun2,1トン1ドン1ふぐ1,
魯,,635,,227,4,15,+27603+,/lu3,1ロ1おろか1にぶい1みち1,
鲁,魯,,635,227,4,12,+27601+,/lu3,1ロ1おろか1にぶい1みち1,
魴,,635,,227,4,15,+20327+,/fang2,1ハウ1(1ホウ1)1バウ1(1ボウ1)1をしきうを1(1おしきうお1)1かがみだい1まとうだい1,
鲂,魴,,635,227,4,12,+20127+,/fang2,1ハウ1(1ホウ1)1バウ1(1ボウ1)1をしきうを1(1おしきうお1)1かがみだい1まとうだい1,
鮀,,635,,227,5,16,+23312+,/tuo2,1タ1ダ1すなふき1なまづ1(1なまず1)1はぜ1,
鮆,鱭,635,639,227,5,16,+21336+,/qi4,1セイ1ザイ1えつ1すざかな1つけうを1(1つけうお1)1みじかい1,
鮎,,635,,227,5,16,+21360+,/nian2,1デン1ネン1なまづ1(1なまず1)1あゆ1,
鲇,鮎,,635,227,5,13,+21160+,/nian2,1デン1ネン1なまづ1(1なまず1)1あゆ1,
鮑,,635,,227,5,16,+27312+,/bao4,1ハウ1(1ホウ1)1ベウ1(1ビョウ1)1しほうを1(1しおうお1)1あはび1(1あわび1),
鲍,鮑,,635,227,5,13,+27112+,/bao4,1ハウ1(1ホウ1)1ベウ1(1ビョウ1)1しほうを1(1しおうお1)1あはび1(1あわび1),
鮒,鯽,635,637,227,5,16,+24300+,/fu4,1フ1ブ1ふな1がま1,
鲋,鮒,,635,227,5,13,+24100+,/fu4,1フ1ブ1ふな1がま1,
鮓,,635,,227,5,16,+28311+,/zha3,1サ1シヤ1(1シャ1)1すし1つけうを1(1つけうお1)1くらげ1,
鲊,鮓,,635,227,5,13,+28111+,/zha3,1サ1シヤ1(1シャ1)1すし1つけうを1(1つけうお1)1くらげ1,
鲎,鱟,,639,227,5,13,+90106+,/hou4,1コウ1グ1かぶとがに1,
鲈,鱸,,639,227,5,13,+21107+,/lu2,1ロ1すずき1,
鮚,蛣,635,485,227,6,17,+24361+,/jie2,1キツ1ゴチ1どぶがい1はまぐり1,
鲒,鮚,,635,227,6,14,+24161+,/jie2,1キツ1ゴチ1どぶがい1はまぐり1,
鮠,,635,,227,6,17,+27312+,/wei2,1グワイ1(1ガイ1)1ゲ1はや1はえ1なまづ1(1なまず1),
鮪,,635,,227,6,17,+24327+,/wei3,1イウ1(1ユウ1)1ウ1まぐろ1しび1,
鲔,鮪,,635,227,6,14,+24127+,/wei3,1イウ1(1ユウ1)1ウ1まぐろ1しび1,
鮫,,635,,227,6,17,+20348+,/jiao1,1カウ1(1コウ1)1ケウ1(1キョウ1)1さめ1みづち1(1みずち1),
鲛,鮫,,635,227,6,14,+20148+,/jiao1,1カウ1(1コウ1)1ケウ1(1キョウ1)1さめ1みづち1(1みずち1),
鮭(1),,635,,227,6,17,+24314+,/gui1,1ケイ1カイ1さけ1ふぐ1,
鮭(2),,635,,227,6,17,+24314+,/xie2,1ケイ1ガイ1さかな1,
鲑(1),鮭,,635,227,6,14,+24114+,/gui1,1ケイ1カイ1さけ1ふぐ1,
鲑(2),鮭,,635,227,6,14,+24114+,/xie2,1ケイ1ガイ1さかな1,
鮮(1),,635,,227,6,17,+28351+,/xian1,1セン1なまざかな1あざやか1あたらしい1,
鮮(2),,635,,227,6,17,+28351+,/xian3,1セン1すくない1,
鲜(1),鮮,,635,227,6,14,+28151+,/xian1,1セン1なまざかな1あざやか1あたらしい1,
鲜(2),鮮,,635,227,6,14,+28151+,/xian3,1セン1すくない1,
鲗,鰂,,637,227,6,14,+22100+,/ze2,1ソク1ゾク1,
鲟,鱘,,639,227,6,14,+27147+,/xun2,1ジン1えい1かじき1しび1てふざめ1(1ちょうざめ1),
鲙,鱠,,639,227,6,14,+28133+,/kuai4,1クワイ1(1カイ1)1ケ1なます1,
鮝,鯗,639,636,227,6,17,+90336+,/xiang3,1シヤウ1(1ショウ1)1サウ1(1ソウ1)1ひもの1ふか1,
鲞,鮝鯗,,639636,227,6,14,+90106+,/xiang3,1シヤウ1(1ショウ1)1サウ1(1ソウ1)1ひもの1ふか1,
鮰,鮠,639,635,227,6,17,+26300+,/wei2,1グワイ1(1ガイ1)1ゲ1はや1はえ1なまづ1(1なまず1),
鮿,,636,,227,7,18,+21310+,/che4,1テフ1(1チョウ1)1たなご1ほしうを1(1ほしうお1),
鯀,,636,,227,7,18,+22393+,/gun3,1コン1おほうを1(1おおうお1),
鲧,鯀,,636,227,7,15,+22193+,/gun3,1コン1おほうを1(1おおうお1),
鯁,,636,,227,7,18,+21346+,/geng3,1カウ1(1コウ1)1キヤウ1(1キョウ1)1うをぼね1(1うおぼね1)1かたい1ただしい1なほい1(1なおい1)1わざはひ1(1わざわい1)1わづらひ1(1わずらい1),
鲠,鯁,,636,227,7,15,+21146+,/geng3,1カウ1(1コウ1)1キヤウ1(1キョウ1)1うをぼね1(1うおぼね1)1かたい1ただしい1なほい1(1なおい1)1わざはひ1(1わざわい1)1わづらひ1(1わずらい1),
鯈,,636,,227,7,18,+28236+,/you2/chou2,1イウ1(1ユウ1)1ユ1チウ1(1チュウ1)1ヂユ1(1ジュ1)1はえ1はららご1,
鯉,,636,,227,7,18,+26314+,/li3,1リ1こひ1(1こい1)1てがみ1,
鲤,鯉,,636,227,7,15,+26115+,/li3,1リ1こひ1(1こい1)1てがみ1,
46184,,636,,227,7,18,+27336+,/can1,1サン1,
鯊,鮫,636,635,227,7,18,+39336+,/sha1,1サ1シヤ1(1シャ1)1はぜ1さめ1,
鲫,鯽,,637,227,7,15,+27120+,/ji4,1セキ1シヤク1(1シャク1)1シヨク1(1ショク1)1ソキ1ふな1いか1,
鲥,鰣,,637,227,7,15,+24100+,/shi2,1ジ1このしろ1はす1はそ1,
鲢,鰱,,638,227,7,15,+24135+,/lian2,1レン1たなご1,
鲦,鰷,,638,227,7,15,+27194+,/tiao2,1テウ1(1チョウ1)1デウ1(1ジョウ1)1はえ1はや1,
鲣,鰹,,638,227,7,15,+27114+,/jian1,1ケン1おほうなぎ1(1おおうなぎ1)1かつを1(1かつお1),
鲡,鱺,,639,227,7,15,+21127+,/li2,1レイ1ライ1おほなまづ1(1おおなまず1)1するめ1,
鯖,,636,,227,8,19,+25327+,/qing1,1セイ1シヤウ1(1ショウ1)1さば1にしん1よせなべ1よせに1,
鲭,鯖,,636,227,8,16,+25127+,/qing1,1セイ1シヤウ1(1ショウ1)1さば1にしん1よせなべ1よせに1,
鯗,,636,,227,8,19,+80336+,/xiang3,1シヤウ1(1ショウ1)1サウ1(1ソウ1)1ひもの1ふか1,
鯛,,636,,227,8,19,+27320+,/diao1,1テウ1(1チョウ1)1たい1,
鲷,鯛,,636,227,8,16,+27120+,/diao1,1テウ1(1チョウ1)1たい1,
鯠,,636,,227,8,19,+24398+,/lai2,1ライ1おほなまず1(1おほなまず1),
鯢,,636,,227,8,19,+27317+,/ni2,1ゲイ1ガイ1めくぢら1(1めくじら1)1さんせううを1(1さんしょううお1),
鲵,鯢,,636,227,8,16,+27112+,/ni2,1ゲイ1ガイ1めくぢら1(1めくじら1)1さんせううを1(1さんしょううお1),
鯤,,636,,227,8,19,+26311+,/kun1,1コン1ぎぎ1はらご1はららご1,
鲲,鯤,,636,227,8,16,+26112+,/kun1,1コン1ぎぎ1はらご1はららご1,
鯧,,636,,227,8,19,+26360+,/chang1,1シヤウ1(1ショウ1)1まなかつを1(1まなかつお1)1まながつを1(1まながつお1),
鲳,鯧,,636,227,8,16,+26160+,/chang1,1シヤウ1(1ショウ1)1まなかつを1(1まなかつお1)1まながつを1(1まながつお1),
鯨,,636,,227,8,19,+20396+,/jing1/qing1,1ケイ1キヤウ1(1キョウ1)1ゲイ1くぢら1(1くじら1)1をくぢら1(1おくじら1)1あげる1,
鲸,鯨,,636,227,8,16,+20198+,/jing1/qing1,1ケイ1キヤウ1(1キョウ1)1ゲイ1くぢら1(1くじら1)1をくぢら1(1おくじら1)1あげる1,
鯪,,636,,227,8,19,+24347+,/ling2,1リヨウ1(1リョウ1)1pせんざんかふ1(1せんざんこう1),
鲮,鯪,,636,227,8,16,+24147+,/ling2,1リヨウ1(1リョウ1)1pせんざんかふ1(1せんざんこう1),
鯫(1),,636,,227,8,19,+27340+,/zou1,1ソウ1シユ1(1シュ1)1シウ1(1シュウ1)1ジユ1(1ジュ1)1ざこ1ひらきうを1(1ひらきうお1)1みごひ1(1みごい1),
鯫(2),,636,,227,8,19,+27340+,/zou1,1シユ1(1シュ1)1ス1いやしい1,
鲰(1),鯫,,636,227,8,16,+27140+,/zou1,1ソウ1シユ1(1シュ1)1シウ1(1シュウ1)1ジユ1(1ジュ1)1ざこ1ひらきうを1(1ひらきうお1)1みごひ1(1みごい1),
鲰(2),鯫,,636,227,8,16,+27140+,/zou1,1シユ1(1シュ1)1ス1いやしい1,
鯚,,637,,227,8,19,+22347+,/ji4,1キ1,
鯶,,637,,227,9,20,+27356+,/hun4,1コン1ゴン1,
鯽,,637,,227,9,20,+27320+,/ji4,1セキ1シヤク1(1シャク1)1シヨク1(1ショク1)1ソキ1ふな1いか1,
鯿,魴,637,635,227,9,20,+23327+,/bian1,1ヘン1,
鳊,鯿,,637,227,9,17,+23127+,/bian1,1ヘン1,
鰂,,637,,227,9,20,+22300+,/ze2,1ソク1ゾク1,
鰈,,637,,227,9,20,+24394+,/die2,1テフ1(1チョウ1)1デフ1(1ジョウ1)1かれひ1(1かれい1)1たなご1,
鲽,鰈,,637,227,9,17,+24194+,/die2,1テフ1(1チョウ1)1デフ1(1ジョウ1)1かれひ1(1かれい1)1たなご1,
鰉,,637,,227,9,20,+26314+,/huang2,1クワウ1(1コウ1)1ワウ1(1オウ1)1ひがひ1(1ひがい1)1こひ1(1こい1),
鳇,鰉,,637,227,9,17,+26114+,/huang2,1クワウ1(1コウ1)1ワウ1(1オウ1)1ひがひ1(1ひがい1)1こひ1(1こい1),
鰋,,637,,227,9,20,+21314+,/yan3,1エン1なまづ1(1なまず1),
鰌,,637,,227,9,20,+28361+,/qiu1,1シウ1(1シュウ1)1シユ1(1シュ1)1どぢやう1(1どじょう1)1しのぐ1,
鰒,,637,,227,9,20,+28347+,/fu4,1フク1ボク1あはび1(1あわび1)1ふぐ1,
鳆,鰒,,637,227,9,17,+28147+,/fu4,1フク1ボク1あはび1(1あわび1)1ふぐ1,
鰓,,637,,227,9,20,+26330+,/si1,1サイ1えら1あぎと1,
鳃,鰓,,637,227,9,17,+26130+,/si1,1サイ1えら1あぎと1,
鰍,鰌,639,637,227,9,20,+29380+,/qiu1,1シウ1(1シュウ1)1シユ1(1シュ1)1どぢやう1(1どじょう1)1しのぐ1いなだ1うなぎ1かじか1,
鳅,鰍鰌,,639637,227,9,20,+29180+,/qiu1,1シウ1(1シュウ1)1シユ1(1シュ1)1どぢやう1(1どじょう1)1しのぐ1いなだ1うなぎ1かじか1,
鰐,鱷,640,639,227,9,20,+26327+,/e4,1ガク1わに1わにざめ1,
鳄,鰐鱷,,640639,227,9,17,+26127+,/e4,1ガク1わに1わにざめ1,
鰕,蝦,640,490,227,9,20,+27347+,/xia1,1カ1ゲ1えび1がま1,
鰜,鰈,637,637,227,10,21,+28337+,/jian1,1ケン1かれい1ひらめ1にしん1,
鳒,鰜,,637,227,10,18,+28137+,/jian1,1ケン1かれい1ひらめ1にしん1,
鰣,,637,,227,10,21,+24341+,/shi2,1ジ1このしろ1はす1はそ1,
鰥,,637,,227,10,21,+26333+,/guan1,1クワン1(1カン1)1やもお1(1やもを1)1やもめ1やむ1ぎぎ1なやむ1はららご1,
鳏,鰥,,637,227,10,18,+26199+,/guan1,1クワン1(1カン1)1やもお1(1やもを1)1やもめ1やむ1ぎぎ1なやむ1はららご1,
鰨,,637,,227,10,21,+26327+,/ta4,1タフ1(1トウ1)1ダフ1(1ドウ1)1ナフ1(1ノウ1)1かれい1ひらめ1さんせううを1(1さんしょううお1),
鳎,鰨,,637,227,10,18,+26127+,/ta4,1タフ1(1トウ1)1ダフ1(1ドウ1)1ナフ1(1ノウ1)1かれい1ひらめ1さんせううを1(1さんしょううお1),
鰩,,638,,227,10,21,+27372+,/yao2,1エウ1(1ヨウ1)1えい1とびうを1(1とびうお1),
鰭,,638,,227,10,21,+24361+,/qi2,1キ1ギ1ひれ1しび1,
鳍,鰭,,638,227,10,18,+24161+,/qi2,1キ1ギ1ひれ1しび1,
鰱,,638,,227,11,22,+25330+,/lian2,1レン1たなご1,
鰳,,638,,227,11,22,+24327+,/luo4,1ロク1はららご1ひら1,
鳓,鰳,,638,227,11,19,+24127+,/luo4,1ロク1はららご1ひら1,
鰵,,638,,227,11,22,+88336+,/min3,1ビン1いしもち1たら1,
鳘,鰵,,638,227,11,19,+88106+,/min3,1ビン1いしもち1たら1,
鰷,,638,,227,11,22,+28394+,/tiao2,1テウ1(1チョウ1)1デウ1(1ジョウ1)1はえ1はや1,
鰹,,638,,227,11,22,+27314+,/jian1,1ケン1おほうなぎ1(1おおうなぎ1)1かつを1(1かつお1),
鰻,,638,,227,11,22,+26347+,/man2,1バン1マン1うなぎ1,
鳗,鰻,,638,227,11,19,+26147+,/man2,1バン1マン1うなぎ1,
鰾,,638,,227,11,22,+21391+,/biao4,1ヘウ1(1ヒョウ1)1ベウ1(1ビョウ1)1うきぶくろ1うをのふえ1(1うおのふえ1)1にべ1ふえ1,
鳔,鰾,,638,227,11,19,+21191+,/biao4,1ヘウ1(1ヒョウ1)1ベウ1(1ビョウ1)1うきぶくろ1うをのふえ1(1うおのふえ1)1にべ1ふえ1,
鱅,,638,,227,11,22,+20327+,/yong1,1シヨウ1(1ショウ1)1ジユ1(1ジュ1)1ヨウ1ユ1このしろ1ちちかぶり1,
鳙,鱅,,638,227,11,19,+20127+,/yong1,1シヨウ1(1ショウ1)1ジユ1(1ジュ1)1ヨウ1ユ1このしろ1ちちかぶり1,
鱈,,638,,227,11,22,+21374+,/xue3,1セツ1たら1,
鳕,鱈,,638,227,11,19,+21177+,/xue3,1セツ1たら1,
鰲,鼇,640,651,227,11,22,+48336+,/ao2,1ガウ1(1ゴウ1)1おほうみがめ1(1おおうみがめ1)1おほすつぽん1(1おおすっぽん1),
鳌,鰲鼇,,640651,227,11,19,+58106+,/ao2,1ガウ1(1ゴウ1)1おほうみがめ1(1おおうみがめ1)1おほすつぽん1(1おおすっぽん1),
鱒,,638,,227,12,23,+28346+,/zun4,1ソン1ゾン1ます1,
鳟,鱒,,638,227,12,19,+28146+,/zun4,1ソン1ゾン1ます1,
鱓,,638,,227,12,23,+26356+,/shan4,1セン1ゼン1うつぼ1うみへび1ごまめ1たつくり1,
鱖,,639,,227,12,23,+21382+,/gui4,1ケイ1ケ1ケツ1クワチ1(1カチ1)1あさじ1さけ1,
鳜,鱖,,639,227,12,19,+21182+,/gui4,1ケイ1ケ1ケツ1クワチ1(1カチ1)1あさじ1さけ1,
鱗,,639,,227,12,23,+29359+,/lin2,1リン1うろこ1さかな1,
鳞,鱗,,639,227,12,19,+29159+,/lin2,1リン1うろこ1さかな1,
鱘,,639,,227,12,23,+27346+,/xun2,1ジン1えい1かじき1しび1てふざめ1(1ちょうざめ1),
鱔,,639,,227,12,23,+28361+,/shan4,1セン1ゼン1うつぼ1うみへび1ごまめ1たつくり1,
鳝,鱔,,639,227,12,20,+28161+,/shan4,1セン1ゼン1うつぼ1うみへび1ごまめ1たつくり1,
鱉,鼈,640,651,227,12,23,+98336+,/bie1,1ヘツ1ヘチ1ベツ1かめ1すつぽん1(1すっぽん1),
鳖,鱉鼈,,640651,227,12,20,+98106+,/bie1,1ヘツ1ヘチ1ベツ1かめ1すつぽん1(1すっぽん1),
鱟,,639,,227,13,24,+77336+,/hou4,1コウ1グ1かぶとがに1,
鱠,膾,639,439,227,13,24,+28366+,/kuai4,1クワイ1(1カイ1)1ケ1なます1,
鱣,,639,,227,13,24,+20316+,/zhan1,1テン1うなぎ1うみへび1こひ1(1こい1),
鳣,鱣,,639,227,13,21,+20116+,/zhan1,1テン1うなぎ1うみへび1こひ1(1こい1),
鱧,,639,,227,13,24,+25318+,/li3,1レイ1ライ1はも1やつめうなぎ1おほなまず1(1おおなまず1),
46557,鱨,640,639,227,13,24,+29375+,/chang2,1シヤウ1(1ショウ1)1ジヤウ1(1ジョウ1)1ぎぎ1,
鳢,鱧,,639,227,13,21,+25118+,/li3,1レイ1ライ1はも1やつめうなぎ1おほなまず1(1おおなまず1),
鱨,,639,,227,14,25,+29361+,/chang2,1シヤウ1(1ショウ1)1ジヤウ1(1ジョウ1)1ぎぎ1,
鱭,,639,,227,14,25,+20323+,/qi3,1セイ1サイ1えつ1すざかな1つけうを1(1つけうお1)1みじかい1,
鲚,鱭,,639,227,14,22,+20124+,/qi3,1セイ1サイ1えつ1すざかな1つけうを1(1つけうお1)1みじかい1,
鱮,,639,,227,14,25,+27381+,/xu4,1シヨ1(1ショ1)1ジヨ1(1ジョ1)1かます1たなご1,
鱵,,639,,227,15,26,+28353+,/zhen1,1シン1さより1,
鱷,,639,,227,16,27,+21313+,/e4,1ガク1わに1わにざめ1,
鱸,,639,,227,16,27,+21317+,/lu2,1ロ1すずき1,
鱺,鰻,639,638,227,19,30,+21311+,/li2,1レイ1ライ1おほなまづ1(1おおなまず1)1するめ1,
鱻(1),鮮,640,635,227,22,33,+27336+,/xian1,1セン1なまざかな1あざやか1あたらしい1,
鱻(2),鮮,640,635,227,22,33,+27336+,/xian3,1セン1すくない1,
鳥,,640,,228,0,11,+27327+,/niao3,1テウ1(1チョウ1)1デウ1(1ジョウ1)1ネウ1(1ニョウ1)1とり1,
鸟,鳥,,640,228,0,5,+27127+,/niao3,1テウ1(1チョウ1)1デウ1(1ジョウ1)1ネウ1(1ニョウ1)1とり1,
鳧,,640,,228,2,13,+27217+,/fu2,1フ1ブ1のがも1かも1けり1,
鳬,鳧,645,640,228,2,9,+27217+,/fu2,1フ1ブ1のがも1かも1けり1,
鳲,,640,,228,3,14,+77227+,/shi1,1シ1,
鸤,鳲,,640,228,3,8,+77227+,/shi1,1シ1,
鳳,,640,,228,3,14,+77210+,/feng4,1ホウ1ブ1おほとり1(1おおとり1),
鳴,,640,,228,3,14,+67027+,/ming2,1ベイ1ミヤウ1(1ミョウ1)1ミン1なく1なる1ならす1,
鸣,鳴,,640,228,3,8,+67027+,/ming2,1ベイ1ミヤウ1(1ミョウ1)1ミン1なく1なる1ならす1,
鳶,,640,,228,3,14,+43327+,/yuan1,1エン1とび1とんび1,
鸢,鳶,,640,228,3,8,+43127+,/yuan1,1エン1とび1とんび1,
鴂(1),鸋,640,646,228,4,15,+57027+,/jue2,1ケツ1,
鴂(2),鵙,640,642,228,4,15,+57027+,/ju2,1ケキ1キヤク1(1キャク1)1ゲキ1もず1,
鴆,,640,,228,4,15,+47027+,/zhen4,1チン1ヂン1(1ジン1),
鸩,鴆,,640,228,4,9,+47027+,/zhen4,1チン1ヂン1(1ジン1),
鴇,,640,,228,4,15,+47427+,/bao3,1ハウ1(1ホウ1)1とき1のがん1,
鸨,鴇,,640,228,4,9,+27427+,/bao3,1ハウ1(1ホウ1)1とき1のがん1,
鴈,雁,641,604,228,4,15,+71227+,/yan4,1ガン1ゲン1かり1にせ1,
鴉,,641,,228,4,15,+17227+,/ya1,1ア1エ1からす1,
鸦,鴉,,641,228,4,9,+17227+,/ya1,1ア1エ1からす1,
鸧,鶬,,643,228,4,9,+87727+,/cang1,1サウ1(1ソウ1)1ひばり1,
鴎,鷗,,644,228,4,15,+77727+,/ou1,1オウ1ウ1かもめ1,
鸥,鷗,,644,228,4,9,+77727+,/ou1,1オウ1ウ1かもめ1,
鳸,鳧扈,645,640184,228,4,15,+30227+,/fu2,1フ1ブ1のがも1かも1けり1,
鴒,,641,,228,5,16,+87327+,/ling2,1レイ1リヤウ1(1リョウ1),
鸰,鴒,,641,228,5,10,+87327+,/ling2,1レイ1リヤウ1(1リョウ1),
鴕,,641,,228,5,16,+23311+,/tuo2,1タ1ダ1だてう1(1だちょう1),
鸵,鴕,,641,228,5,10,+23112+,/tuo2,1タ1ダ1だてう1(1だちょう1),
鴛,,641,,228,5,16,+27327+,/yuan1,1ヱン1(1エン1)1ヲン1(1オン1)1をしどり1(1おしどり1)1をし1(1おし1),
鸳,鴛,,641,228,5,10,+27127+,/yuan1,1ヱン1(1エン1)1ヲン1(1オン1)1をしどり1(1おしどり1)1をし1(1おし1),
鴝,,641,,228,5,16,+27627+,/qu2,1ク1グ1,
鸲,鴝,,641,228,5,10,+27627+,/qu2,1ク1グ1,
鴞,梟,641,248,228,5,16,+67227+,/xiao1,1ケウ1(1キョウ1)1ふくろふ1(1ふくろう1),
鸮,鴞,,641,228,5,10,+67227+,/xiao1,1ケウ1(1キョウ1)1ふくろふ1(1ふくろう1),
鴟,,641,,228,5,16,+77727+,/chi1,1シ1とび1ふくろふ1(1ふくろう1),
鸱,鴟,,641,228,5,10,+77727+,/chi1,1シ1とび1ふくろふ1(1ふくろう1),
鴣,鷓鵓,641,644642,228,5,16,+47627+,/gu1,1コ1ク1,
鸪,鴣,,641,228,5,10,+47627+,/gu1,1コ1ク1,
鴦,鴛,641,641,228,5,16,+50327+,/yang1,1ヤウ1(1ヨウ1)1アウ1(1オウ1)1をしどり1(1おしどり1),
鸯,鴦,,641,228,5,10,+50127+,/yang1,1ヤウ1(1ヨウ1)1アウ1(1オウ1)1をしどり1(1おしどり1),
鴨,,641,,228,5,16,+67527+,/ya1,1アフ1(1オウ1)1かも1あひる1,
鸭,鴨,,641,228,5,10,+67527+,/ya1,1アフ1(1オウ1)1かも1あひる1,
鴬,鶯,,643,228,5,16,+99327+,/ying1,1アウ1(1オウ1)1ヤウ1(1ヨウ1)1うぐひす1(1うぐいす1),
莺,鶯,,643,228,5,10,+44127+,/ying1,1アウ1(1オウ1)1ヤウ1(1ヨウ1)1うぐひす1(1うぐいす1),
鸶,鷥,,644,228,5,10,+22127+,/si1,1シ1,
鸴,鷽,,645,228,5,10,+90127+,/xue2,1カク1ガク1うそ1,
鴰,鶬,641,643,228,6,17,+27762+,/gua1,1クワツ1(1カツ1)1クワチ1(1カチ1),
鸹,鴰,,641,228,6,11,+27627+,/gua1,1クワツ1(1カツ1)1クワチ1(1カチ1),
鴻,洪,641,286,228,6,17,+37127+,/hong2,1コウ1グ1ひしくひ1(1ひしくい1)1おほとり1(1おおとり1)1おほがも1(1おおがも1)1おほきい1(1おおきい1),
鸿,鴻,,641,228,6,11,+37127+,/hong2,1コウ1グ1ひしくひ1(1ひしくい1)1おほとり1(1おおとり1)1おほがも1(1おおがも1)1おほきい1(1おおきい1),
鴽,,641,,228,6,17,+46327+,/ru2,1ジヨ1(1ジョ1)1ニヨ1(1ニョ1),
鴿,,641,,228,6,17,+87627+,/ge1,1カフ1(1コウ1)1はと1いへばと1(1いえばと1)1どばと1,
鸽,鴿,,641,228,6,11,+87627+,/ge1,1カフ1(1コウ1)1はと1いへばと1(1いえばと1)1どばと1,
鵂,鴟舊,642,641444,228,6,17,+27227+,/xiu1,1キウ1(1キュウ1)1グ1みみづく1(1みみずく1),
鸺,鵂,,642,228,6,11,+27227+,/xiu1,1キウ1(1キュウ1)1グ1みみづく1(1みみずく1),
鸷,鷙,,644,228,6,11,+55127+,/zhi4,1シ1あらどり1たか1あらあらしい1あらい1うつ1,
鸾,鸞鑾,,645590,228,6,11,+00127+,/luan2,1ラン1すず1,
鵑,杜,642,235,228,7,18,+67227+,/juan1,1ケン1,
鹃,鵑,,642,228,7,12,+67227+,/juan1,1ケン1,
鵒,鴝,642,641,228,7,18,+87627+,/yu4,1ヨク1,
鹆,鵒,,642,228,7,12,+87627+,/yu4,1ヨク1,
鵓,鴿,642,641,228,7,18,+47427+,/bo2,1ホツ1ボチ1,
鹁,鵓,,642,228,7,12,+47427+,/bo2,1ホツ1ボチ1,
鵙,,642,,228,7,18,+67827+,/ju2/jue2,1ケキ1キヤク1(1キャク1)1もず1,
鵜,,642,,228,7,18,+87227+,/ti2,1テイ1ダイ1がらんてう1(1がらんちょう1)1う1,
鹈,鵜,,642,228,7,12,+87227+,/ti2,1テイ1ダイ1がらんてう1(1がらんちょう1)1う1,
鵝,,642,,228,7,18,+27527+,/e2,1ガ1がてう1(1がちょう1),
鹅,鵝,,642,228,7,12,+27527+,/e2,1ガ1がてう1(1がちょう1),
鵠(1),,642,,228,7,18,+27627+,/hu2,1コク1ゴク1くぐい1しろい1おほきい1(1おおきい1),
鵠(2),,642,,228,7,18,+27627+,/gu3,1コク1まと1ただしい1,
鹄(1),鵠,,642,228,7,12,+27627+,/hu2,1コク1ゴク1くぐい1しろい1おほきい1(1おおきい1),
鹄(2),鵠,,642,228,7,12,+27627+,/gu3,1コク1まと1ただしい1,
鵡,鸚,642,645,228,7,18,+17127+,/wu3,1ブ1ム1,
鹉,鵡,,642,228,7,12,+17127+,/wu3,1ブ1ム1,
鵩,,642,,228,8,19,+77227+,/fu2,1フク1ブク1みみづく1(1みみずく1),
鵪,鶉,642,643,228,8,19,+47727+,/an1,1アン1オン1,
鹌,鵪,,642,228,8,13,+47727+,/an1,1アン1オン1,
鵬,,642,,228,8,19,+77227+,/peng2,1ホウ1ボウ1おほとり1(1おおとり1),
鹏,鵬,,642,228,8,13,+77227+,/peng2,1ホウ1ボウ1おほとり1(1おおとり1),
鵰,鷲,643,645,228,8,19,+77227+,/diao1,1テウ1(1チョウ1)1わし1,
鵲,,643,,228,8,19,+47627+,/que4/qiao3,1シヤク1(1シャク1)1サク1ジヤク1(1ジャク1)1かささぎ1てうせんがらす1(1ちょうせんがらす1),
鹊,鵲,,643,228,8,13,+47627+,/que4/qiao3,1シヤク1(1シャク1)1サク1ジヤク1(1ジャク1)1かささぎ1てうせんがらす1(1ちょうせんがらす1),
鵷,,643,,228,8,19,+37227+,/yuan1,1ヱン1(1エン1)1ヲン1(1オン1),
鹓,鵷,,643,228,8,13,+37227+,/yuan1,1ヱン1(1エン1)1ヲン1(1オン1),
鵾,,643,,228,8,19,+67227+,/kun1,1コン1,
鹍,鵾,,643,228,8,13,+67727+,/kun1,1コン1,
鶃,,643,,228,8,19,+27317+,/e2/ni3,1ゲキ1ギヤク1(1ギャク1),
鶉,鵪,643,642,228,8,19,+07427+,/chun2,1シユン1(1シュン1)1ジユン1(1ジュン1)1うづら1(1うずら1),
鹑,鶉,,643,228,8,13,+07427+,/chun2,1シユン1(1シュン1)1ジユン1(1ジュン1)1うづら1(1うずら1),
鶊,鶯,643,643,228,8,19,+07227+,/geng1,1カウ1(1コウ1)1キヤウ1(1キョウ1),
鹒,鶊,,643,228,8,19,+07227+,/geng1,1カウ1(1コウ1)1キヤウ1(1キョウ1),
鹔,鷫,,645,228,8,13,+57227+,/su4,1シユク1(1シュク1),
鶏,雞,,605,228,8,19,+27527+,/ji1,1ケイ1にはとり1(1にわとり1),
鵶,鴉,646,641,228,8,19,+17127+,/ya1,1ア1エ1からす1,
鵻,隹,646,603,228,8,19,+20314+,/zhui1,1スヰ1(1スイ1)1とり1ふるとり1,
鶒,鸂,643,645,228,9,20,+57927+,/chi4,1セキ1シヤク1(1シャク1),
鶖,,643,,228,9,20,+29327+,/qiu1,1シウ1(1シュウ1)1シユ1(1シュ1),
鹙,鶖,,643,228,9,14,+29127+,/qiu1,1シウ1(1シュウ1)1シユ1(1シュ1),
鶘,鵜,643,642,228,9,20,+47627+,/hu2,1コ1ゴ1,
鶚,,643,,228,9,20,+67227+,/e4,1ガク1みさご1,
鹗,鶚,,643,228,9,14,+67227+,/e4,1ガク1みさご1,
鶡,,643,,228,9,20,+67727+,/he2,1カツ1カチ1つる1やまどり1,
鹖,鶡,,643,228,9,14,+67727+,/he2,1カツ1カチ1つる1やまどり1,
鶩,,643,,228,9,20,+18327+,/mu4/wu4,1ボク1モク1ブ1ム1あひる1,
鹜,鶩,,643,228,9,14,+18127+,/mu4/wu4,1ボク1モク1ブ1ム1あひる1,
鹚,鷀,,644,228,9,14,+87727+,/ci2,1シ1ジ1,
鶬,,643,,228,10,21,+87627+,/cang1,1サウ1(1ソウ1)1ひばり1,
鶯,,643,,228,10,21,+32327+,/ying1,1アウ1(1オウ1)1ヤウ1(1ヨウ1)1うぐひす1(1うぐいす1),
鶴,,643,,228,10,21,+47227+,/he4/hao2,1カク1ガク1つる1しろい1,
鶺,鴒,644,641,228,10,21,+17227+,/ji2,1セキ1シヤク1(1シャク1),
鹡,鶺,,644,228,10,15,+37227+,/ji2,1セキ1シヤク1(1シャク1),
鶻,,644,,228,10,21,+77227+,/gu3/hu2,1コツ1コチ1クワツ1(1カツ1)1クワチ1(1カチ1)1くまたか1はやぶさ1,
鹘,鶻,,644,228,10,15,+77227+,/gu3/hu2,1コツ1コチ1クワツ1(1カツ1)1クワチ1(1カチ1)1くまたか1はやぶさ1,
鶼,,644,,228,10,21,+87327+,/jian1,1ケン1,
鹣,鶼,,644,228,10,15,+87227+,/jian1,1ケン1,
鷀,鸕,644,645,228,10,21,+87727+,/ci2,1シ1ジ1,
鷁,艗,644,446,228,10,21,+87127+,/yi4,1ゲキ1ギヤク1(1ギャク1)1あをさぎ1(1あおさぎ1),
鹢,鷁,,644,228,10,15,+87127+,/yi4,1ゲキ1ギヤク1(1ギャク1)1あをさぎ1(1あおさぎ1),
鷂,,644,,228,10,21,+27727+,/yao4,1エウ1(1ヨウ1)1はしたか1はいたか1,
鹞,鷂,,644,228,10,15,+27727+,/yao4,1エウ1(1ヨウ1)1はしたか1はいたか1,
鷃,,644,,228,10,21,+67427+,/yan4,1アン1エン1かやくき1かやくぐり1ふなしうづら1(1ふなしうずら1),
鷇,,644,,228,10,21,+47347+,/kou4,1コウ1グ1ひな1,
鶹,47316,,644,228,10,21,+77627+,/liu2,1リウ1(1リュウ1)1ル1みみづく1(1みみずく1),
鹠,47316,,644,228,10,15,+77627+,/liu2,1リウ1(1リュウ1)1ル1みみづく1(1みみずく1),
鷄,雞,,605,228,10,21,+27427+,/ji1,1ケイ1にはとり1(1にわとり1),
鷓,,644,,228,11,22,+07227+,/zhe4,1シヤ1(1シャ1),
鹧,鷓,,644,228,11,16,+07227+,/zhe4,1シヤ1(1シャ1),
鷖,,644,,228,11,22,+77327+,/yi1,1エイ1アイ1かもめ1,
鹥,鷖,,644,228,11,16,+77127+,/yi1,1エイ1アイ1かもめ1,
鷗,,644,,228,11,22,+77727+,/ou1,1オウ1ウ1かもめ1,
鷙,,644,,228,11,22,+45327+,/zhi4,1シ1あらどり1たか1あらあらしい1あらい1うつ1,
鷞,鷹爽,644,645321,228,11,22,+47027+,/shuang1,1シヤウ1(1ショウ1)1サウ1(1ソウ1),
鷟,鸑,644,645,228,11,22,+08327+,/zhuo2,1サク1ザク1,
47316,鵂,644,642,228,11,22,+17627+,/liu2,1リウ1(1リュウ1)1ル1みみづく1(1みみずく1),
鹦,鸚,,645,228,11,16,+77427+,/ying1,1アウ1(1オウ1)1ヤウ1(1ヨウ1),
47270(1),難,646,606,228,11,16,+47527+,/nan2,1ダン1ナン1かたい1むずかしい1,
47270(2),難,646,606,228,11,16,+47527+,/nan2,1ダン1ナン1わざはひ1(1わざわい1)1うれひ1(1うれい1)1なじる1,
鷥,鷺,644,645,228,12,23,+22327+,/si1,1シ1,
鷦,,645,,228,12,23,+27327+,/jiao1,1セウ1(1ショウ1)1みそさざい1,
鹪,鷦,,645,228,12,17,+27327+,/jiao1,1セウ1(1ショウ1)1みそさざい1,
鷩,,645,,228,12,23,+98327+,/bi4,1ヘイ1ヘツ1ヘチ1,
鷫,鷞,645,644,228,12,23,+57227+,/su4,1シユク1(1シュク1),
鷯,鷦,645,645,228,12,23,+47927+,/liao2,1レウ1(1リョウ1),
鹩,鷯,,645,228,12,17,+57927+,/liao2,1レウ1(1リョウ1),
鷲,鵰,645,643,228,12,23,+03327+,/qiu4/jiu4,1シウ1(1シュウ1)1ジユ1(1ジュ1)1わし1,
鹫,鷲,,645,228,12,17,+03127+,/qiu4/jiu4,1シウ1(1シュウ1)1ジユ1(1ジュ1)1わし1,
鷴,白,645,353,228,12,23,+77227+,/xian2,1カン1ゲン1,
鷸,,645,,228,12,23,+17227+,/yu4,1イツ1イチ1しぎ1,
鹬,鷸,,645,228,12,17,+17227+,/yu4,1イツ1イチ1しぎ1,
鷳,鷴,646,645,228,12,23,+77227+,/xian2,1カン1ゲン1,
鷹,,645,,228,13,24,+00227+,/ying1,1ヨウ1オウ1たか1,
鹰,鷹,,645,228,13,18,+00227+,/ying1,1ヨウ1オウ1たか1,
鷺,,645,,228,13,24,+67327+,/lu4,1ロ1さぎ1,
鹭,鷺,,645,228,13,18,+67127+,/lu4,1ロ1さぎ1,
鷽,,645,,228,13,24,+77327+,/xue2,1カク1ガク1うそ1,
鸂,鶒,645,643,228,13,24,+37127+,/xi1/qi1,1ケイ1カイ1,
鸇,,645,,228,13,24,+07127+,/zhan1,1セン1ケン1はやぶさ1,
鹯,鸇,,645,228,13,18,+02115+,/zhan1,1セン1ケン1はやぶさ1,
鸑,,645,,228,14,25,+43327+,/yue4,1ガク1,
鸋,鴂,646,640,228,14,25,+37227+,/ning2,1デイ1ニヤウ1(1ニョウ1)1ネイ1,
鸕,鷀,645,644,228,16,27,+27227+,/lu2,1ロ1,
鸚,,645,,228,17,28,+67427+,/ying1,1アウ1(1オウ1)1ヤウ1(1ヨウ1),
鹳,鸛,,645,228,17,22,+47227+,/guan4,1クワン1(1カン1)1こふのとり1(1こうのとり1),
鸛,,645,,228,18,29,+47227+,/guan4,1クワン1(1カン1)1こふのとり1(1こうのとり1),
鸜,鴝,646,641,228,18,29,+67227+,/qu2,1ク1グ1,
鸝,鶯,645,643,228,19,30,+17227+,/li2,1リ1レイ1ライ1,
鸞,鑾,645,590,228,19,30,+22327+,/luan2,1ラン1すず1,
鹵,,646,,229,0,11,+21600+,/lu3,1ロ1しほち1(1しおち1)1しほ1(1しお1)1たて1うばふ1(1うばう1)1おろそか1おろか1かすめる1,
卤,鹵,,646,229,0,7,+21600+,/lu3,1ロ1しほち1(1しおち1)1しほ1(1しお1)1たて1うばふ1(1うばう1)1おろそか1おろか1かすめる1,
鹸,鹼,,646,229,8,19,+28686+,/jian3,1ゲン1ケン1あく1しほけ1(1しおけ1),
鹹,,646,,229,9,20,+23650+,/xian2,1カン1ガン1からい1しほからい1(1しおからい1)1しほけ1(1しおけ1),
鹺,鹽,646,646,229,10,21,+28611+,/zuo2,1サ1ザ1,
鹻,鹼,646,646,229,10,21,+28637+,/jian3,1ゲン1ケン1あく1しほけ1(1しおけ1),
鹾,鹺,,646,229,10,17,+28612+,/zuo2,1サ1ザ1,
鹼,,646,,229,13,24,+28686+,/jian3,1ゲン1ケン1あく1しほけ1(1しおけ1),
鹽,,646,,229,13,24,+78107+,/yan2,1エン1しほ1(1しお1),
鹿,,646,,230,0,11,+00211+,/lu4,1ロク1しか1か1しし1,
麀,,646,,230,2,13,+00211+,/you1,1イウ1(1ユウ1)1ユ1めじか1,
麂,,646,,230,2,13,+00217+,/ji3,1キ1,
麃,,646,,230,4,15,+00231+,/biao1,1ヘウ1(1ヒョウ1)1ベウ1(1ビョウ1),
麄,麤,647,647,230,4,15,+80211+,/cu1,1ソ1あらあらしい1あらぬの1あらまし1あらい1おほきい1(1おおきい1)1くろごめ1ほぼ1,
麅,,647,,230,5,16,+00712+,/pao2,1ハウ1(1ホウ1)1ベウ1(1ビョウ1),
麇(1),麕,647,648,230,5,16,+00294+,/jun1,1キン1くじか1のろ1,
麇(2),,647,,230,5,16,+00294+,/qun2,1クン1むらがる1,
麈,,647,,230,5,16,+00214+,/zhu3,1シユ1(1シュ1)1おほじか1(1おおじか1),
麋,,647,,230,6,17,+00904+,/mi2,1ビ1ミ1おほじか1(1おおじか1)1くだける1なれしか1まゆ1みだれる1,
麌,,647,,230,7,18,+00430+00804+,/yu3,1ク1ギヨ1(1ギョ1)1コ1をじか1(1おじか1),
麑,猊,647,327,230,8,19,+00217+,/ni2,1ゲイ1(1ガイ1)1かのこ1,
麒,麟,647,647,230,8,19,+04281+,/qi2,1キ1ギ1きりん1,
麓,,647,,230,8,19,+44211+,/lu4,1ロク1ふもと1,
麕,麇,647,647,230,8,19,+00601+,/jun1,1キン1くじか1のろ1,
麗(1),,647,,230,8,19,+11211+,/li4,1レイ1ライ1うるはしい1(1うるわしい1)1ならぶ1つらなる1つく1つける1かかる1うららか1はなれる1,
麗(2),,647,,230,8,19,+11211+,/li2,1リ1,
麝,,647,,230,10,21,+00241+,/she4,1シヤ1(1シャ1)1ジヤ1(1ジャ1)1じやかうじか1(1じゃこうじか1),
麞,,647,,230,11,22,+00406+,/zhang1,1シヤウ1(1ショウ1)1サウ1(1ソウ1)1くじか1のろ1,
麟,麒,647,647,230,12,23,+09259+,/lin2,1リン1きりん1,
麤,粗觕,647,397325,230,22,34,+00211+,/cu1,1ソ1あらあらしい1あらぬの1あらまし1あらい1おほきい1(1おおきい1)1くろごめ1ほぼ1,
麥,,647,,231,0,11,+40207+,/mo4/mai4,1バク1ミヤク1(1ミャク1)1むぎ1,
麦,麥,648,647,231,0,7,+50247+,/mo4/mai4,1バク1ミヤク1(1ミャク1)1むぎ1,
麩,,648,,231,4,15,+45243+,/fu1,1フ1ふすま1,
麸,麩,,648,231,4,11,+45243+,/fu1,1フ1ふすま1,
麪,,648,,231,4,15,+41227+,/mian4,1ベン1メン1むぎこ1,
麰,牟,648,323,231,6,17,+43242+,/mou2,1ボウ1ム1,
麯,麴,648,648,231,6,17,+45246+,/qu2,1キク1コク1かうじ1(1こうじ1)1さけ1,
麴,,648,,231,8,19,+47242+,/qu2,1キク1コク1かうじ1(1こうじ1)1さけ1,
麹,麴,,648,231,8,15,+47242+,/qu2,1キク1コク1かうじ1(1こうじ1)1さけ1,
麵,麪,648,648,231,9,20,+41246+,/mian4,1ベン1メン1むぎこ1,
麺,麵,,648,231,9,16,+41246+,/mian4,1ベン1メン1むぎこ1,
麻,,648,,232,0,11,+00294+00214+,/ma2,1バ1マ1あさ1しびれる1,
麽,,648,,232,3,14,+00232+,/mo2/me5,1バ1マ1モ1こまかい1,
麾,,648,,232,4,15,+00214+,/hui1,1キ1さしまねく1さしずばた1ふる1,
黃,,648,,233,0,12,+44806+,/huang2,1クワウ1(1コウ1)1ワウ1(1オウ1)1き1こ1,
黄,黃,,648,233,0,11,+44806+,/huang2,1クワウ1(1コウ1)1ワウ1(1オウ1)1き1こ1,
黈,,649,,233,5,17,+40814+,/tou3,1トウ1ツ1,
黌,,649,,233,13,25,+77806+,/hong2,1クワウ1(1コウ1)1ワウ1(1オウ1)1まなびや1,
黍,,649,,234,0,12,+20132+,/shu3,1シヨ1(1ショ1)1きび1,
黎,,649,,234,3,15,+27132+,/li2,1レイ1ライ1くろ1くろい1おほい1(1おおい1)1ころあい1もろもろ1,
黏,粘,649,397,234,5,17,+21160+,/nian2,1デン1ネン1ねばる1,
黐,,649,,234,10,22,+20127+,/chi1,1チ1もち1とりもち1,
黑,,649,,235,0,12,+60331+,/he4/hei1,1コク1くろ1くろい1くろむ1,
黒,黑,,649,235,0,11,+60331+,/he4/hei1,1コク1くろ1くろい1くろむ1,
黔,,649,,235,4,16,+68327+,/qian2,1ケン1ゲン1キン1ゴン1くろい1くろむ1,
默,,649,,235,4,16,+63334+,/mo4,1ボク1モク1だまる1もだす1,
黙,默,649,,235,4,16,+63333+,/mo4,1ボク1モク1だまる1もだす1,
黛,,650,,235,5,17,+23331+,/dai4,1タイ1ダイ1まゆずみ1かきまゆ1まゆ1,
黜,,650,,235,5,17,+62372+,/chu4,1チユツ1(1チュツ1)1チユチ1(1チュチ1)1しりぞける1へらす1おとす1,
黝,,650,,235,5,17,+64327+,/you3,1イウ1(1ユウ1)1ユ1くろい1あをぐろ1(1あおぐろ1)1あをぐろい1(1あおぐろい1)1うすぐらい1くらい1,
點,,650,,235,5,17,+61360+,/dian3,1テン1たてる1とぼす1とぼる1ともる1,
黟,,650,,235,6,18,+67327+,/yi1,1イ1くろ1,
黠,,650,,235,6,18,+64361+,/xia2,1カツ1ゲチ1さかしい1さとい1わるがしこい1,
黡,黶,,651,235,6,18,+71231+,/yan3,1エン1ほくろ1あざ1くろい1くらい1,
黥,,650,,235,8,20,+60396+,/qing2,1ケイ1ギヤウ1(1ギョウ1)1ゲイ1いれずみ1,
黦,,650,,235,8,20,+63312+,/ye4,1ウツ1ウチ1,
黧,,650,,235,8,20,+27331+,/li2,1レイ1ライ1リ1きぐろ1くろい1まだら1,
黨,党,650,032,235,8,20,+90331+,/dang3,1タウ1(1トウ1)1なかま1やから1むら1,
黩,黷,,651,235,8,20,+64384+,/du2,1トク1ドク1けがす1けがれる1よごす1よごれる1,
黮,葚,650,464,235,9,21,+64311+,/dan3,1タン1ダン1くろい1,
黯,,650,,235,9,21,+60361+,/an4,1アン1,
黰,鬒,650,632,235,10,22,+61381+,/zhen3,1シン1,
黴,,651,,235,11,23,+28240+,/mei2,1ビ1ミ1バイ1かび1かびる1よごれる1,
黶,,651,,235,14,26,+71331+,/yan3,1エン1ほくろ1あざ1くろい1くらい1,
黷,,651,,235,15,27,+64386+,/du2,1トク1ドク1けがす1けがれる1よごす1よごれる1,
黹,,651,,236,0,12,+32227+,/zhi3,1チ1ぬひとり1(1ぬいとり1)1ぬふ1(1ぬう1),
黻,韍,651,612,236,5,17,+33247+,/fu2,1フツ1フチ1ひざかけ1あや1ぬひとり1(1ぬいとり1)1ぬふ1(1ぬう1),
黼,,651,,236,7,19,+33227+,/fu3,1フ1ホ1あや1ぬひとり1(1ぬいとり1),
黽,,651,,237,0,13,+77717+,/min3,1ビン1ミン1つとめる1あをがへる1(1あおがえる1)1かへる1(1かえる1)1べんあし1,
黾,黽,,651,237,0,8,+60716+,/min3,1ビン1ミン1つとめる1あをがへる1(1あおがえる1)1かへる1(1かえる1)1べんあし1,
黿,,651,,237,4,17,+10717+,/yuan2,1ゲン1グワン1(1ガン1)1あをうみがめ1(1あおうみがめ1),
鼋,黿,,651,237,4,12,+10716+,/yuan2,1ゲン1グワン1(1ガン1)1あをうみがめ1(1あおうみがめ1),
鼂,晁,651,224,237,5,18,+60717+,/chao2,1テウ1(1チョウ1)1デウ1(1ジョウ1)1あさ1あした1,
鼌,鼂,,651,237,5,13,+60716+,/chao2,1テウ1(1チョウ1)1デウ1(1ジョウ1)1あさ1あした1,
鼃,蛙,651,485,237,6,19,+40717+,/wa1,1ワ1ヱ1(1エ1)1ア1かへる1(1かえる1)1かはず1(1かわず1)1さわがしい1みだら1,
鼇,,651,,237,11,24,+48717+,/ao2,1ガウ1(1ゴウ1)1おほうみがめ1(1おおうみがめ1)1おほすつぽん1(1おおすっぽん1),
鼈,,651,,237,12,25,+98717+,/bie1,1ヘツ1ヘチ1ベツ1かめ1すつぽん1(1すっぽん1),
鼉,,651,,237,12,25,+66717+,/tuo2,1タ1ダ1,
鼍,鼉,,651,237,12,20,+66716+,/tuo2,1タ1ダ1,
鼎,,651,,238,0,13,+22221+,/ding3,1テイ1チヤウ1(1チョウ1)1かなへ1(1かなえ1)1あたる1まさに1,
48316,鼎,651,651,238,0,11,+22227+,/ding3,1テイ1チヤウ1(1チョウ1)1かなへ1(1かなえ1)1あたる1まさに1,
鼏,,652,,238,2,15,+37227+,/mi4,1ベキ1ミヤク1(1ミャク1),
鼐,,652,,238,2,15,+17221+,/nai4,1ダイ1ナイ1おほがなへ1(1おおがなえ1),
鼒,,652,,238,3,16,+40221+,/zi1,1シ1サイ1ザイ1,
鼓,,652,,239,0,13,+44147+,/gu3,1コ1ク1つづみ1うつ1つづみうつ1,
鼕,,652,,239,5,18,+44303+,/dong1,1トウ1ヅ1(1ズ1),
鼗,,652,,239,6,19,+32147+,/tao2,1タウ1(1トウ1)1ダウ1(1ドウ1)1ふりつづみ1,
鼙,,652,,239,8,21,+44406+,/pi2,1ヘイ1ベイ1うまのりつづみ1せめつづみ1,
鼠,,652,,240,0,13,+77717+,/shu3,1シヨ1(1ショ1)1ソ1ねずみ1,
鼢,鼴,652,653,240,4,17,+78727+,/fen4,1フン1ブン1もぐら1,
鼧,,652,,240,5,18,+73711+,/tuo2,1タ1ダ1,
鼫,,652,,240,5,18,+71716+,/shi2,1セキ1ジヤク1(1ジャク1),
鼬,,652,,240,5,18,+75716+,/you4,1イウ1(1ユウ1)1ユ1いたち1,
鼦,貂,653,529,240,5,18,+77716+,/diao1,1テウ1(1チョウ1)1てん1,
鼪(1),狌,653,326,240,5,18,+75711+,/xing4,1セイ1シヤウ1(1ショウ1),
鼪(2),狌,653,326,240,5,18,+75711+,/xing4,1セイ1シヤウ1(1ショウ1),
鼮,,653,,240,7,20,+72741+,/ting2,1テイ1ヂヤウ1(1ジョウ1),
鼯,,653,,240,7,20,+71716+,/wu2,1ゴ1むささび1,
鼴,,653,,240,9,22,+71711+,/yan3,1エン1オン1もぐら1もぐらもち1,
鼷,,653,,240,10,23,+72713+,/xi1,1ケイ1ガイ1はつかねずみ1,
鼻,,653,,241,0,14,+26446+,/bi2,1ヒ1ビ1はな1はじめ1,
鼾,,653,,241,3,17,+21440+,/han1,1カン1ガン1いびき1,
齁,,653,,241,5,19,+27420+,/hou1,1コウ1ク1,
齆,,653,,241,10,24,+22417+,/weng4,1ヲウ1(1オウ1)1ウ1,
齅,嗅,653,078,241,10,24,+26434+,/xiu4,1キウ1(1キュウ1)1ク1かぐ1,
齇,,653,,241,11,25,+21417+,/zha1,1サ1,
齊(1),,653,,242,0,14,+00223+,/qi2,1セイ1サイ1ととのふ1(1ととのう1)1ひとしい1ととのへる1(1ととのえる1)1ひとしく1そろふ1(1そろう1),
齊(2),,653,,242,0,14,+00223+,/zi1,1シ1,
齊(3),齋,653,654,242,0,14,+00223+,/zhai1,1サイ1ものいみ1おごそか1,
斉(1),齊,,653,242,0,8,+00224+,/qi2,1セイ1サイ1ととのふ1(1ととのう1)1ひとしい1ととのへる1(1ととのえる1)1ひとしく1そろふ1(1そろう1),
斉(2),齊,,653,242,0,8,+00224+,/zi1,1シ1,
斉(3),齊,,653,242,0,8,+00224+,/zhai1,1サイ1ものいみ1おごそか1,
齐(1),齊,215,653,242,0,6,+00224+,/qi2,1セイ1サイ1ととのふ1(1ととのう1)1ひとしい1ととのへる1(1ととのえる1)1ひとしく1そろふ1(1そろう1),
齐(2),齊,215,653,242,0,6,+00224+,/zi1,1シ1,
齐(3),齊,215,653,242,0,6,+00224+,/zhai1,1サイ1ものいみ1おごそか1,
齋,,654,,242,3,17,+00223+,/zhai1,1サイ1いつく1つつしむ1とき1ものいみ1,
齌,,654,,242,4,18,+00223+,/ji4,1セイ1サイ1,
齎,,654,,242,7,21,+00223+,/ji1,1シ1セイ1サイ1もたらす1おくりもの1たから1もちもの1,
齏,,654,,242,9,23,+00223+,/qi1,1セイ1サイ1あへもの1(1あえもの1)1あへる1(1あえる1)1くだく1なます1,
齒,,654,,243,0,15,+21772+,/chi3,1シ1は1よはひ1(1よわい1),
歯,齒,,654,243,0,12,+21772+,/chi3,1シ1は1よはひ1(1よわい1),
齿,齒,,654,243,0,8,+21772+,/chi3,1シ1は1よはひ1(1よわい1),
齔,,654,,243,2,17,+21710+22710+,/chen4,1シン1をさない1(1おさない1)1はがはり1(1はがわり1)1みそつぱ1(1みそっぱ1),
龀,齔,,654,243,2,10,+22710+21710+,/chen4,1シン1をさない1(1おさない1)1はがはり1(1はがわり1)1みそつぱ1(1みそっぱ1),
齕,,654,,243,3,18,+28717+,/he2,1コツ1コチ1ケツ1ゲチ1かじる1かむ1,
龁,齕,,654,243,3,11,+28717+,/he2,1コツ1コチ1ケツ1ゲチ1かじる1かむ1,
齗,,654,,243,4,19,+22721+,/yin2,1ギン1ゴン1かむ1,
龂,齗,,654,243,4,12,+22721+,/yin2,1ギン1ゴン1かむ1,
齘,,654,,243,4,19,+28720+,/xie4,1カイ1ゲ1,
齚,,654,,243,5,20,+28711+,/zha4,1サク1シヤク1(1シャク1),
齟,,654,,243,5,20,+27710+,/ju3,1シヨ1(1ショ1)1ジヨ1(1ジョ1)1ソ1かむ1,
龃,齟,,654,243,5,13,+27712+,/ju3,1シヨ1(1ショ1)1ジヨ1(1ジョ1)1ソ1かむ1,
齠,齔,655,654,243,5,20,+27762+,/tiao2,1テウ1(1チョウ1)1デウ1(1ジョウ1)1をさない1(1おさない1)1はがはり1(1はがわり1)1みそつぱ1(1みそっぱ1),
龆,齠,,655,243,5,13,+27762+,/tiao2,1テウ1(1チョウ1)1デウ1(1ジョウ1)1をさない1(1おさない1)1はがはり1(1はがわり1)1みそつぱ1(1みそっぱ1),
齡,齒,655,654,243,5,20,+28737+,/ling2,1レイ1(1リヤウ1)1リョウ1とし1よはひ1(1よわい1),
齢,齡,,655,243,5,17,+28737+,/ling2,1レイ1(1リヤウ1)1リョウ1とし1よはひ1(1よわい1),
龄,齡,,655,243,5,13,+28732+,/ling2,1レイ1(1リヤウ1)1リョウ1とし1よはひ1(1よわい1),
齣,,655,,243,5,20,+27720+,/chu1,1セキ1シヤク1(1シャク1)1こま1きれめ1くぎり1くさり1,
齦(1),齗,655,654,243,6,21,+27732+,/yin2,1コン1はぐき1,
齦(2),,655,,243,6,21,+27732+,/ken3,1コン1かむ1かみあふ1(1かみあう1),
龈(1),齦,,655,243,6,14,+27732+,/yin2,1コン1はぐき1,
龈(2),齦,,655,243,6,14,+27732+,/ken3,1コン1かむ1かみあふ1(1かみあう1),
齧,,655,,243,6,21,+57772+,/nie4,1ゲツ1ゲチ1ケツ1かむ1かじる1かける1くひこむ1(1くいこむ1),
齩,咬,655,071,243,6,21,+20748+,/ao3/yao3,1ガウ1(1ゴウ1)1ゲウ1(1ギョウ1)1カウ1(1コウ1)1ケウ1(1キョウ1),
齪,,655,,243,7,22,+26781+,/chuo4,1サク1ソク1セク1,
龊,齪,,655,243,7,15,+26781+,/chuo4,1サク1ソク1セク1,
齬,,655,,243,7,22,+21761+,/yu3,1ギヨ1(1ギョ1)1ゴ1くひちがふ1(1くいちがう1),
龉,齬,,655,243,7,15,+21761+,/yu3,1ギヨ1(1ギョ1)1ゴ1くひちがふ1(1くいちがう1),
齮,,655,,243,8,23,+24721+,/yi3,1ギ1,
齲,,655,,243,9,24,+22727+,/qu3,1ク1ウ1むしば1,
龋,齲,,655,243,9,17,+22727+,/qu3,1ク1ウ1むしば1,
齷,齪,655,655,243,9,24,+27714+,/wo4,1アク1こせつく1こまかい1せまい1せまる1,
龌,齷,,655,243,9,17,+27714+,/wo4,1アク1こせつく1こまかい1せまい1せまる1,
龍(1),,655,,244,0,16,+01211+,/long2,1リヨウ1(1リョウ1)1ル1リユウ1(1リュウ1)1たつ1,
龍(2),寵,655,127,244,0,16,+01211+,/zhong3,1チヨウ1(1チョウ1)1チユ1(1チュ1)いつくしむ1めぐみ1めぐむ1,
竜,龍,,655,244,0,10,+00716+,/long2,1リヨウ1(1リョウ1)1ル1リユウ1(1リュウ1)1たつ1,
龙,龍,,655,244,0,5,+43014+,/long2,1リヨウ1(1リョウ1)1ル1リユウ1(1リュウ1)1たつ1,
龐(1),,655,,244,3,19,+00211+,/pang2,1ハウ1(1ホウ1)1バウ1(1ボウ1)1みだれる1,
龐(2),,655,,244,3,19,+00211+,/long2,1ロウ1ル1みちる1おほきい1(1おおきい1),
庞(1),龐,,655,244,3,8,+00214+,/pang2,1ハウ1(1ホウ1)1バウ1(1ボウ1)1みだれる1,
庞(2),龐,,655,244,3,8,+00214+,/long2,1ロウ1ル1みちる1おほきい1(1おおきい1),
龔,恭,655,170,244,6,22,+01801+,/gong1,1キヨウ1(1キョウ1)1ク1つつしむ1,
龚,龔,,655,244,6,11,+43801+,/gong1,1キヨウ1(1キョウ1)1ク1つつしむ1,
龕,,655,,244,6,22,+80211+,/kan1,1カン1コン1ガン1かつ1づし1(1ずし1),
龛,龕,,655,244,6,11,+80414+,/kan1,1カン1コン1ガン1かつ1づし1(1ずし1),
龜(1),,655,,245,0,16,+27117+,/gui1,1キ1かめ1,
龜(2),,655,,245,0,16,+27117+,/qiu1,1キウ1(1キュウ1)1ク1,
龜(3),,655,,245,0,16,+27117+,/jun1,1キン1コン1あかぎれ1,
亀(1),龜,,655,245,0,11,+27716+,/gui1,1キ1かめ1,
亀(2),龜,,655,245,0,11,+27716+,/qiu1,1キウ1(1キュウ1)1ク1,
亀(3),龜,,655,245,0,11,+27716+,/jun1,1キン1コン1あかぎれ1,
龟(1),龜,,655,245,0,7,+27716+,/gui1,1キ1かめ1,
龟(2),龜,,655,245,0,7,+27716+,/qiu1,1キウ1(1キュウ1)1ク1,
龟(3),龜,,655,245,0,7,+27716+,/jun1,1キン1コン1あかぎれ1,
龝,秋,656,374,245,5,21,+27917+,/qiu1,1シウ1(1シュウ1)1シユ1(1シュ1)1あき1とき1,
穐,龝,,656,245,5,16,+27916+,/qiu1,1シウ1(1シュウ1)1シユ1(1シュ1)1あき1とき1,
48876,秋,656,374,245,9,25,+27817+,/qiu1,1シウ1(1シュウ1)1シユ1(1シュ1)1あき1とき1,
龠,,656,,246,0,17,+80227+,/yue4,1ヤク1ふえ1,
龡,吹,656,067,246,4,21,+87282+,/chui4,1スヰ1(1スイ1)1シ1,
龢,和,656,070,246,5,22,+82294+,/he2,1クワ1(1カ1)1ワ1やはらぐ1(1やわらぐ1),
